cbsa,name,year,households,median_household_income,household_income_p20,household_income_p40,household_income_p60,household_income_p80
10140,"Aberdeen, WA Micro Area",2005,27754,37120,,,,
10140,"Aberdeen, WA Micro Area",2006,28616,40272,14717.0,34448.0,47812.0,76974.0
10140,"Aberdeen, WA Micro Area",2007,27388,42402,22478.0,36487.0,50622.0,74007.0
10140,"Aberdeen, WA Micro Area",2008,29044,41464,19807.0,33231.0,51867.0,80062.0
10140,"Aberdeen, WA Micro Area",2009,27759,36345,16580.0,30091.0,44838.0,79066.0
10140,"Aberdeen, WA Micro Area",2010,28376,40019,21269.0,32091.0,49051.0,73438.0
10140,"Aberdeen, WA Micro Area",2011,25619,40993,18433.0,32930.0,50157.0,80968.0
10140,"Aberdeen, WA Micro Area",2012,27880,42057,16907.0,35043.0,50429.0,81462.0
10140,"Aberdeen, WA Micro Area",2013,26815,41315,17002.0,32196.0,55148.0,80857.0
10140,"Aberdeen, WA Micro Area",2014,27401,43356,18307.0,35127.0,55114.0,81358.0
10140,"Aberdeen, WA Micro Area",2015,27430,44122,20501.0,36001.0,56342.0,92227.0
10140,"Aberdeen, WA Micro Area",2016,27330,49623,21468.0,41625.0,62091.0,102027.0
10140,"Aberdeen, WA Micro Area",2017,29286,47445,19523.0,40631.0,58847.0,81872.0
10140,"Aberdeen, WA Micro Area",2018,27674,48255,19645.0,36850.0,56691.0,83376.0
10140,"Aberdeen, WA Micro Area",2019,29920,61026,26870.0,48549.0,73033.0,106291.0
10140,"Aberdeen, WA Micro Area",2021,30500,54631,24450.0,42584.0,68274.0,108868.0
10140,"Aberdeen, WA Micro Area",2022,30995,62523,26164.0,53027.0,76303.0,115040.0
10140,"Aberdeen, WA Micro Area",2023,30498,67221,26439.0,53939.0,83380.0,122497.0
10140,"Aberdeen, WA Micro Area",2024,31968,59619,23222.0,46731.0,75911.0,118360.0
10180,"Abilene, TX Metro Area",2005,60532,35535,,,,
10180,"Abilene, TX Metro Area",2006,59850,39784,17344.0,31311.0,50427.0,73160.0
10180,"Abilene, TX Metro Area",2007,60692,39369,19544.0,31931.0,49772.0,74604.0
10180,"Abilene, TX Metro Area",2008,59960,41961,19518.0,35137.0,52407.0,80007.0
10180,"Abilene, TX Metro Area",2009,58052,42931,19247.0,34264.0,54284.0,82254.0
10180,"Abilene, TX Metro Area",2010,59857,40630,17129.0,33318.0,50527.0,86080.0
10180,"Abilene, TX Metro Area",2011,58974,40659,18638.0,31775.0,50395.0,75666.0
10180,"Abilene, TX Metro Area",2012,60066,43407,18174.0,33817.0,53712.0,84482.0
10180,"Abilene, TX Metro Area",2013,60588,44149,17627.0,34995.0,55560.0,85689.0
10180,"Abilene, TX Metro Area",2014,59932,44303,19374.0,36501.0,54338.0,88840.0
10180,"Abilene, TX Metro Area",2015,59372,47420,20616.0,36923.0,59177.0,95104.0
10180,"Abilene, TX Metro Area",2016,59263,48016,19774.0,37283.0,59200.0,86561.0
10180,"Abilene, TX Metro Area",2017,61603,51130,22305.0,39718.0,62258.0,104695.0
10180,"Abilene, TX Metro Area",2018,61527,48021,24172.0,39746.0,61019.0,100506.0
10180,"Abilene, TX Metro Area",2019,61750,54808,23747.0,42992.0,67336.0,100601.0
10180,"Abilene, TX Metro Area",2021,66816,54037,25159.0,45273.0,65469.0,101906.0
10180,"Abilene, TX Metro Area",2022,65753,62660,25140.0,50091.0,81724.0,117361.0
10180,"Abilene, TX Metro Area",2023,66460,61262,27644.0,50496.0,81199.0,121369.0
10180,"Abilene, TX Metro Area",2024,66099,63390,29163.0,50925.0,79920.0,132142.0
10300,"Adrian, MI Micro Area",2005,37076,48274,,,,
10300,"Adrian, MI Micro Area",2006,37736,46901,22511.0,38250.0,55674.0,78520.0
10300,"Adrian, MI Micro Area",2007,38000,50240,23818.0,39129.0,61344.0,87172.0
10300,"Adrian, MI Micro Area",2008,37184,50369,20247.0,39504.0,60017.0,84598.0
10300,"Adrian, MI Micro Area",2009,36835,45640,21935.0,37135.0,55404.0,83302.0
10300,"Adrian, MI Micro Area",2010,36341,45563,21197.0,36960.0,55086.0,80237.0
10300,"Adrian, MI Micro Area",2011,38055,44509,19796.0,35719.0,54490.0,82732.0
10300,"Adrian, MI Micro Area",2012,37998,48224,20717.0,36907.0,57346.0,88140.0
10300,"Adrian, MI Micro Area",2013,37270,45938,22145.0,38257.0,55955.0,83849.0
10300,"Adrian, MI Micro Area",2014,38483,46739,21013.0,37284.0,58246.0,87636.0
10300,"Adrian, MI Micro Area",2015,37016,48279,22467.0,39990.0,57020.0,87270.0
10300,"Adrian, MI Micro Area",2016,37781,51918,24768.0,41662.0,64923.0,100426.0
10300,"Adrian, MI Micro Area",2017,38559,56515,28968.0,46122.0,67429.0,97198.0
10300,"Adrian, MI Micro Area",2018,38388,55378,25544.0,46007.0,64946.0,100156.0
10300,"Adrian, MI Micro Area",2019,38499,53865,27137.0,44418.0,63706.0,102332.0
10300,"Adrian, MI Micro Area",2021,38963,61257,24621.0,48439.0,74799.0,109183.0
10300,"Adrian, MI Micro Area",2022,38264,67267,27764.0,53188.0,80142.0,120012.0
10300,"Adrian, MI Micro Area",2023,40142,63952,33128.0,53137.0,78401.0,119737.0
10300,"Adrian, MI Micro Area",2024,39744,71632,35034.0,60863.0,86442.0,127005.0
10380,"Aguadilla-Isabela-San Sebasti?n, PR Metro Area",2005,100347,11714,,,,
10380,"Aguadilla-Isabela-San Sebasti?n, PR Metro Area",2006,97900,11717,3568.0,8657.0,15437.0,29623.0
10380,"Aguadilla-Isabela-San Sebasti?n, PR Metro Area",2007,96218,12139,3689.0,8981.0,16699.0,32370.0
10380,"Aguadilla-Isabela-San Sebasti?n, PR Metro Area",2008,90763,13152,4644.0,10308.0,17425.0,30757.0
10380,"Aguadilla-Isabela-San Sebasti?n, PR Metro Area",2009,91805,13470,4847.0,10408.0,16970.0,30037.0
10380,"Aguadilla-Isabela-San Sebasti?n, PR Metro Area",2010,108256,14313,5036.0,10831.0,18273.0,32873.0
10380,"Aguadilla-Isabela-San Sebasti?n, PR Metro Area",2011,103042,14951,5080.0,11333.0,19032.0,33439.0
10380,"Aguadilla-Isabela-San Sebastián, PR Metro Area",2012,99474,15339,4974.0,11425.0,20162.0,34711.0
10380,"Aguadilla-Isabela, PR Metro Area",2013,110765,15323,5574.0,11557.0,19858.0,32895.0
10380,"Aguadilla-Isabela, PR Metro Area",2014,108557,15886,5394.0,12494.0,20701.0,37154.0
10380,"Aguadilla-Isabela, PR Metro Area",2015,109586,14485,4976.0,11217.0,19296.0,36045.0
10380,"Aguadilla-Isabela, PR Metro Area",2016,110316,14546,4702.0,11101.0,19712.0,34434.0
10380,"Aguadilla-Isabela, PR Metro Area",2017,112215,16645,5737.0,11921.0,21540.0,38569.0
10380,"Aguadilla-Isabela, PR Metro Area",2018,109531,17064,6306.0,13339.0,22357.0,40313.0
10380,"Aguadilla-Isabela, PR Metro Area",2019,101568,16311,5121.0,12041.0,20719.0,37826.0
10380,"Aguadilla-Isabela, PR Metro Area",2021,107572,17926,7162.0,13950.0,23557.0,40703.0
10380,"Aguadilla-Isabela, PR Metro Area",2022,115856,19966,7569.0,15899.0,25927.0,43314.0
10380,"Aguadilla, PR Metro Area",2023,89374,21290,8530.0,16135.0,28041.0,51303.0
10380,"Aguadilla, PR Metro Area",2024,86238,24351,9635.0,18732.0,30524.0,50048.0
10420,"Akron, OH Metro Area",2005,276416,44719,,,,
10420,"Akron, OH Metro Area",2006,280837,44507,19646.0,35812.0,55923.0,85767.0
10420,"Akron, OH Metro Area",2007,281669,47898,20273.0,37660.0,60427.0,91401.0
10420,"Akron, OH Metro Area",2008,281731,50036,20721.0,39158.0,60863.0,95754.0
10420,"Akron, OH Metro Area",2009,281769,47482,18928.0,37864.0,58547.0,89550.0
10420,"Akron, OH Metro Area",2010,281523,46521,19170.0,36598.0,57391.0,90427.0
10420,"Akron, OH Metro Area",2011,274696,47032,19416.0,36790.0,57472.0,91550.0
10420,"Akron, OH Metro Area",2012,280887,49731,19446.0,39373.0,61062.0,95736.0
10420,"Akron, OH Metro Area",2013,281324,49984,20474.0,40006.0,61983.0,97087.0
10420,"Akron, OH Metro Area",2014,283364,50538,21275.0,40274.0,62002.0,99876.0
10420,"Akron, OH Metro Area",2015,282456,51580,21444.0,39889.0,64862.0,105588.0
10420,"Akron, OH Metro Area",2016,284670,51598,21522.0,40720.0,64163.0,100689.0
10420,"Akron, OH Metro Area",2017,289282,56106,23101.0,44896.0,69954.0,106472.0
10420,"Akron, OH Metro Area",2018,287044,60019,24648.0,47250.0,75383.0,115805.0
10420,"Akron, OH Metro Area",2019,285647,57158,24675.0,45232.0,70430.0,114522.0
10420,"Akron, OH Metro Area",2021,292156,63367,25110.0,49211.0,78756.0,126111.0
10420,"Akron, OH Metro Area",2022,294908,66652,27939.0,53142.0,83783.0,133902.0
10420,"Akron, OH Metro Area",2023,298193,70125,29508.0,54487.0,86550.0,139367.0
10420,"Akron, OH Metro Area",2024,303143,71364,31907.0,56974.0,88854.0,137786.0
10460,"Alamogordo, NM Micro Area",2011,25312,35308,16324.0,28117.0,41594.0,72946.0
10460,"Alamogordo, NM Micro Area",2012,22769,40583,16330.0,31434.0,50238.0,77186.0
10460,"Alamogordo, NM Micro Area",2013,23176,44102,16374.0,35314.0,51386.0,77729.0
10460,"Alamogordo, NM Micro Area",2014,23190,42603,17068.0,36171.0,49415.0,76417.0
10460,"Alamogordo, NM Micro Area",2015,23919,36142,13903.0,27754.0,48818.0,76421.0
10460,"Alamogordo, NM Micro Area",2016,22384,43646,17464.0,32188.0,52568.0,77391.0
10460,"Alamogordo, NM Micro Area",2017,23007,43887,21834.0,34740.0,53352.0,82987.0
10460,"Alamogordo, NM Micro Area",2018,23747,42591,14517.0,34117.0,50853.0,79041.0
10460,"Alamogordo, NM Micro Area",2019,24133,39371,20759.0,30586.0,48176.0,79556.0
10460,"Alamogordo, NM Micro Area",2021,24034,51214,23385.0,41373.0,63824.0,96566.0
10460,"Alamogordo, NM Micro Area",2022,24963,54093,29289.0,44084.0,66967.0,114161.0
10460,"Alamogordo, NM Micro Area",2023,25289,50762,22125.0,44097.0,66870.0,111356.0
10460,"Alamogordo, NM Micro Area",2024,25562,56354,22248.0,41374.0,68308.0,110948.0
10500,"Albany, GA Metro Area",2005,59384,41213,,,,
10500,"Albany, GA Metro Area",2006,61158,35515,14408.0,26445.0,45021.0,74470.0
10500,"Albany, GA Metro Area",2007,60777,36402,14686.0,29096.0,46112.0,72900.0
10500,"Albany, GA Metro Area",2008,60893,38989,14355.0,28179.0,49177.0,79326.0
10500,"Albany, GA Metro Area",2009,60101,36218,14281.0,27988.0,45830.0,74693.0
10500,"Albany, GA Metro Area",2010,60263,34002,12407.0,25829.0,45894.0,72557.0
10500,"Albany, GA Metro Area",2011,58438,32775,11947.0,25051.0,41727.0,70304.0
10500,"Albany, GA Metro Area",2012,57699,34469,12081.0,26616.0,45129.0,76636.0
10500,"Albany, GA Metro Area",2013,56505,34756,13103.0,27103.0,44315.0,74330.0
10500,"Albany, GA Metro Area",2014,57795,39071,13384.0,30226.0,49487.0,79051.0
10500,"Albany, GA Metro Area",2015,57597,40143,13947.0,30386.0,51051.0,84578.0
10500,"Albany, GA Metro Area",2016,57228,40667,17739.0,30459.0,51865.0,84651.0
10500,"Albany, GA Metro Area",2017,57607,43614,16433.0,32700.0,52415.0,83007.0
10500,"Albany, GA Metro Area",2018,56348,44896,17155.0,35998.0,54857.0,85488.0
10500,"Albany, GA Metro Area",2019,54128,40625,15247.0,30382.0,49969.0,92190.0
10500,"Albany, GA Metro Area",2021,57880,48659,20350.0,38348.0,60651.0,97067.0
10500,"Albany, GA Metro Area",2022,57664,48376,17834.0,37119.0,62632.0,103031.0
10500,"Albany, GA Metro Area",2023,59228,53056,20462.0,43104.0,65867.0,106788.0
10500,"Albany, GA Metro Area",2024,56259,56851,21348.0,44368.0,70692.0,109842.0
10540,"Albany-Lebanon, OR Micro Area",2005,41958,39305,,,,
10540,"Albany-Lebanon, OR Micro Area",2006,42668,40782,18680.0,33170.0,50350.0,76258.0
10540,"Albany-Lebanon, OR Micro Area",2007,44444,44397,19032.0,35627.0,56272.0,81791.0
10540,"Albany-Lebanon, OR Micro Area",2008,42569,45571,21166.0,38409.0,55003.0,82510.0
10540,"Albany-Lebanon, OR Micro Area",2009,43953,47669,22227.0,39596.0,59234.0,82066.0
10540,"Albany-Lebanon, OR Micro Area",2010,45489,42900,19490.0,35521.0,53400.0,78774.0
10540,"Albany-Lebanon, OR Micro Area",2011,45399,42565,18640.0,34947.0,52135.0,74176.0
10540,"Albany-Lebanon, OR Micro Area",2012,43905,43489,18010.0,34373.0,53052.0,77204.0
10540,"Albany, OR Metro Area",2013,43911,45130,19987.0,35402.0,55065.0,80154.0
10540,"Albany, OR Metro Area",2014,45907,43428,18986.0,34761.0,55365.0,84816.0
10540,"Albany, OR Metro Area",2015,46315,47527,20648.0,37254.0,57126.0,84183.0
10540,"Albany, OR Metro Area",2016,46645,51310,24629.0,41828.0,65660.0,95172.0
10540,"Albany, OR Metro Area",2017,47188,51541,22982.0,41467.0,64542.0,100044.0
10540,"Albany, OR Metro Area",2018,48464,54113,25429.0,44206.0,65721.0,101836.0
10540,"Albany-Lebanon, OR Metro Area",2019,49407,61488,29610.0,47939.0,76328.0,108406.0
10540,"Albany-Lebanon, OR Metro Area",2021,51347,65196,28950.0,50688.0,78058.0,113094.0
10540,"Albany-Lebanon, OR Metro Area",2022,51267,67009,30495.0,53647.0,84709.0,123425.0
10540,"Albany, OR Metro Area",2023,51636,70548,29916.0,59011.0,89541.0,133921.0
10540,"Albany, OR Metro Area",2024,50968,80422,28984.0,60855.0,92679.0,130508.0
10580,"Albany-Schenectady-Troy, NY Metro Area",2005,337662,50828,,,,
10580,"Albany-Schenectady-Troy, NY Metro Area",2006,337905,53202,24369.0,42157.0,65212.0,96019.0
10580,"Albany-Schenectady-Troy, NY Metro Area",2007,337307,55129,23523.0,43898.0,69218.0,102336.0
10580,"Albany-Schenectady-Troy, NY Metro Area",2008,337729,58765,25113.0,46630.0,71078.0,104719.0
10580,"Albany-Schenectady-Troy, NY Metro Area",2009,336492,57677,24569.0,46813.0,71159.0,107612.0
10580,"Albany-Schenectady-Troy, NY Metro Area",2010,348634,55796,22892.0,44409.0,69109.0,108070.0
10580,"Albany-Schenectady-Troy, NY Metro Area",2011,345662,58617,25285.0,47203.0,71857.0,107493.0
10580,"Albany-Schenectady-Troy, NY Metro Area",2012,342705,60625,24479.0,48449.0,73601.0,111157.0
10580,"Albany-Schenectady-Troy, NY Metro Area",2013,347942,59626,24812.0,47068.0,74342.0,112766.0
10580,"Albany-Schenectady-Troy, NY Metro Area",2014,347291,62265,26823.0,49675.0,77493.0,116245.0
10580,"Albany-Schenectady-Troy, NY Metro Area",2015,342766,63080,27217.0,50987.0,78048.0,120397.0
10580,"Albany-Schenectady-Troy, NY Metro Area",2016,343069,65855,26984.0,51320.0,80830.0,124407.0
10580,"Albany-Schenectady-Troy, NY Metro Area",2017,348421,68681,27755.0,53547.0,85815.0,131242.0
10580,"Albany-Schenectady-Troy, NY Metro Area",2018,353746,71301,30018.0,55975.0,86845.0,130885.0
10580,"Albany-Schenectady-Troy, NY Metro Area",2019,362502,73398,31535.0,57428.0,92302.0,138355.0
10580,"Albany-Schenectady-Troy, NY Metro Area",2021,378258,78272,31798.0,62080.0,93572.0,145313.0
10580,"Albany-Schenectady-Troy, NY Metro Area",2022,379968,80970,32379.0,64972.0,103122.0,155261.0
10580,"Albany-Schenectady-Troy, NY Metro Area",2023,386690,82410,35716.0,65941.0,100643.0,156067.0
10580,"Albany-Schenectady-Troy, NY Metro Area",2024,398349,86637,36495.0,69725.0,108251.0,167888.0
10620,"Albemarle, NC Micro Area",2023,25371,65456,29198.0,48879.0,81187.0,120972.0
10620,"Albemarle, NC Micro Area",2024,26167,59681,30528.0,49263.0,72952.0,121533.0
10700,"Albertville, AL Micro Area",2005,32967,33722,,,,
10700,"Albertville, AL Micro Area",2006,32397,37030,14580.0,29732.0,45281.0,73878.0
10700,"Albertville, AL Micro Area",2007,33737,34153,14219.0,26086.0,44788.0,70311.0
10700,"Albertville, AL Micro Area",2008,32519,35205,13900.0,27026.0,45233.0,78309.0
10700,"Albertville, AL Micro Area",2009,32651,37284,12977.0,25907.0,46441.0,69915.0
10700,"Albertville, AL Micro Area",2010,35024,39343,16358.0,29277.0,46329.0,76619.0
10700,"Albertville, AL Micro Area",2011,33750,39245,16814.0,31063.0,49065.0,84116.0
10700,"Albertville, AL Micro Area",2012,33802,36197,16557.0,27899.0,46278.0,80323.0
10700,"Albertville, AL Micro Area",2013,33738,38116,17718.0,28286.0,48939.0,73617.0
10700,"Albertville, AL Micro Area",2014,34872,33446,15876.0,26174.0,42901.0,81114.0
10700,"Albertville, AL Micro Area",2015,33972,40525,18027.0,33524.0,50584.0,85168.0
10700,"Albertville, AL Micro Area",2016,34726,42362,18984.0,32490.0,50062.0,82115.0
10700,"Albertville, AL Micro Area",2017,34083,41476,16609.0,33687.0,53773.0,91558.0
10700,"Albertville, AL Micro Area",2018,36022,47528,19069.0,37237.0,59241.0,87359.0
10700,"Albertville, AL Micro Area",2019,35330,49467,21665.0,40721.0,59291.0,91015.0
10700,"Albertville, AL Micro Area",2021,36003,50191,20956.0,39003.0,63733.0,104847.0
10700,"Albertville, AL Micro Area",2022,36611,52678,21013.0,40392.0,65099.0,110967.0
10700,"Albertville, AL Micro Area",2023,36274,60298,23070.0,45540.0,79882.0,116211.0
10700,"Albertville, AL Micro Area",2024,38373,68048,21755.0,52208.0,84459.0,121387.0
10740,"Albuquerque, NM Metro Area",2005,319677,43070,,,,
10740,"Albuquerque, NM Metro Area",2006,318482,44799,19454.0,35708.0,55767.0,87113.0
10740,"Albuquerque, NM Metro Area",2007,322464,45325,20194.0,36118.0,56359.0,88185.0
10740,"Albuquerque, NM Metro Area",2008,331371,47198,20159.0,37335.0,59223.0,93439.0
10740,"Albuquerque, NM Metro Area",2009,334647,46824,20214.0,37835.0,58547.0,91705.0
10740,"Albuquerque, NM Metro Area",2010,344800,47383,20252.0,37881.0,60352.0,93524.0
10740,"Albuquerque, NM Metro Area",2011,345157,45027,17692.0,34700.0,56052.0,92936.0
10740,"Albuquerque, NM Metro Area",2012,344869,46725,18886.0,35976.0,59620.0,96180.0
10740,"Albuquerque, NM Metro Area",2013,336614,48355,19091.0,37089.0,61160.0,95634.0
10740,"Albuquerque, NM Metro Area",2014,342552,47581,19007.0,37145.0,60650.0,97933.0
10740,"Albuquerque, NM Metro Area",2015,342590,48937,19625.0,37458.0,61136.0,98073.0
10740,"Albuquerque, NM Metro Area",2016,343912,50954,20620.0,40512.0,63468.0,100741.0
10740,"Albuquerque, NM Metro Area",2017,347357,50906,21381.0,40154.0,63700.0,102033.0
10740,"Albuquerque, NM Metro Area",2018,358493,51134,21180.0,40386.0,64623.0,103539.0
10740,"Albuquerque, NM Metro Area",2019,354359,58512,23615.0,46102.0,72747.0,114608.0
10740,"Albuquerque, NM Metro Area",2021,376596,60070,25231.0,48485.0,77132.0,124261.0
10740,"Albuquerque, NM Metro Area",2022,379471,66392,27439.0,51909.0,83461.0,129334.0
10740,"Albuquerque, NM Metro Area",2023,381326,67640,27920.0,54793.0,84889.0,135051.0
10740,"Albuquerque, NM Metro Area",2024,378607,76097,31610.0,60488.0,93644.0,145944.0
10780,"Alexandria, LA Metro Area",2005,55401,34587,,,,
10780,"Alexandria, LA Metro Area",2006,55546,34966,14052.0,26627.0,44380.0,71676.0
10780,"Alexandria, LA Metro Area",2007,58013,37180,15180.0,29419.0,48386.0,78536.0
10780,"Alexandria, LA Metro Area",2008,55444,42595,18093.0,32327.0,55052.0,82634.0
10780,"Alexandria, LA Metro Area",2009,56272,39530,15991.0,33134.0,50189.0,80100.0
10780,"Alexandria, LA Metro Area",2010,54774,40017,14941.0,29663.0,48803.0,80145.0
10780,"Alexandria, LA Metro Area",2011,51981,35692,14434.0,28604.0,44982.0,78590.0
10780,"Alexandria, LA Metro Area",2012,57277,40896,16207.0,31454.0,50785.0,80104.0
10780,"Alexandria, LA Metro Area",2013,55320,39960,17452.0,32346.0,50691.0,84384.0
10780,"Alexandria, LA Metro Area",2014,53802,40209,16293.0,31267.0,52318.0,87630.0
10780,"Alexandria, LA Metro Area",2015,54406,42778,16480.0,32104.0,54040.0,85517.0
10780,"Alexandria, LA Metro Area",2016,55246,42136,16959.0,31576.0,56898.0,89964.0
10780,"Alexandria, LA Metro Area",2017,55634,40585,16124.0,31338.0,51777.0,87422.0
10780,"Alexandria, LA Metro Area",2018,55127,47391,19632.0,37352.0,62262.0,100652.0
10780,"Alexandria, LA Metro Area",2019,55591,50553,19970.0,39940.0,59743.0,95954.0
10780,"Alexandria, LA Metro Area",2021,55249,47032,20480.0,36916.0,59625.0,101063.0
10780,"Alexandria, LA Metro Area",2022,55261,56339,23166.0,44795.0,75335.0,116360.0
10780,"Alexandria, LA Metro Area",2023,58235,52390,20685.0,41241.0,68968.0,110854.0
10780,"Alexandria, LA Metro Area",2024,58271,55909,21471.0,41861.0,74606.0,123934.0
10880,"Allegan, MI Micro Area",2005,42327,46672,,,,
10880,"Allegan, MI Micro Area",2006,41642,50558,24779.0,41748.0,58703.0,83741.0
10880,"Allegan, MI Micro Area",2007,41008,50730,21094.0,40380.0,58729.0,84572.0
10880,"Allegan, MI Micro Area",2008,41648,49201,23487.0,41642.0,58995.0,83072.0
10880,"Allegan, MI Micro Area",2009,41660,50316,25061.0,41291.0,59785.0,83198.0
10880,"Allegan, MI Micro Area",2010,41724,44847,20693.0,36913.0,53599.0,80531.0
10880,"Allegan, MI Micro Area",2011,40921,50508,22757.0,42624.0,60649.0,91704.0
10880,"Allegan, MI Micro Area",2012,42930,50078,21927.0,39454.0,59660.0,87318.0
10900,"Allentown-Bethlehem-Easton, PA-NJ Metro Area",2005,302968,51676,,,,
10900,"Allentown-Bethlehem-Easton, PA-NJ Metro Area",2006,305792,51464,22637.0,41298.0,63233.0,97980.0
10900,"Allentown-Bethlehem-Easton, PA-NJ Metro Area",2007,308726,55038,24164.0,43864.0,66046.0,100619.0
10900,"Allentown-Bethlehem-Easton, PA-NJ Metro Area",2008,311209,58811,26261.0,47517.0,70948.0,105693.0
10900,"Allentown-Bethlehem-Easton, PA-NJ Metro Area",2009,306116,56802,24986.0,45164.0,68962.0,102127.0
10900,"Allentown-Bethlehem-Easton, PA-NJ Metro Area",2010,311470,55630,22766.0,43855.0,68001.0,104353.0
10900,"Allentown-Bethlehem-Easton, PA-NJ Metro Area",2011,312237,54169,22449.0,43309.0,67446.0,104622.0
10900,"Allentown-Bethlehem-Easton, PA-NJ Metro Area",2012,314173,55766,25499.0,45521.0,68254.0,102663.0
10900,"Allentown-Bethlehem-Easton, PA-NJ Metro Area",2013,313226,56543,24224.0,45499.0,70684.0,109184.0
10900,"Allentown-Bethlehem-Easton, PA-NJ Metro Area",2014,315376,60320,25791.0,48881.0,72622.0,112192.0
10900,"Allentown-Bethlehem-Easton, PA-NJ Metro Area",2015,314985,60671,27083.0,48914.0,74398.0,114699.0
10900,"Allentown-Bethlehem-Easton, PA-NJ Metro Area",2016,317457,63022,27703.0,50591.0,77406.0,120148.0
10900,"Allentown-Bethlehem-Easton, PA-NJ Metro Area",2017,320990,63944,27163.0,50407.0,78830.0,122253.0
10900,"Allentown-Bethlehem-Easton, PA-NJ Metro Area",2018,320501,65929,27918.0,51000.0,81459.0,126027.0
10900,"Allentown-Bethlehem-Easton, PA-NJ Metro Area",2019,322301,70793,31336.0,55979.0,86183.0,130521.0
10900,"Allentown-Bethlehem-Easton, PA-NJ Metro Area",2021,337283,72058,30422.0,57501.0,89431.0,139095.0
10900,"Allentown-Bethlehem-Easton, PA-NJ Metro Area",2022,338114,76041,33057.0,60279.0,96512.0,147160.0
10900,"Allentown-Bethlehem-Easton, PA-NJ Metro Area",2023,345257,81159,34954.0,65528.0,101188.0,153817.0
10900,"Allentown-Bethlehem-Easton, PA-NJ Metro Area",2024,341143,83974,35734.0,65997.0,103119.0,156455.0
11020,"Altoona, PA Metro Area",2005,52145,33730,,,,
11020,"Altoona, PA Metro Area",2006,50528,40730,17236.0,30782.0,48368.0,71234.0
11020,"Altoona, PA Metro Area",2007,51231,42509,17622.0,33125.0,50895.0,75340.0
11020,"Altoona, PA Metro Area",2008,50854,40333,17462.0,30162.0,49192.0,75393.0
11020,"Altoona, PA Metro Area",2009,53155,38455,16442.0,30882.0,49888.0,79474.0
11020,"Altoona, PA Metro Area",2010,52111,42990,18632.0,33216.0,53111.0,77257.0
11020,"Altoona, PA Metro Area",2011,50849,43136,19068.0,35331.0,51470.0,75160.0
11020,"Altoona, PA Metro Area",2012,50098,41258,19314.0,33182.0,52359.0,76711.0
11020,"Altoona, PA Metro Area",2013,51284,42164,19210.0,33531.0,54390.0,86625.0
11020,"Altoona, PA Metro Area",2014,49678,44019,19039.0,33879.0,55947.0,84818.0
11020,"Altoona, PA Metro Area",2015,52830,45432,18184.0,35996.0,57374.0,87044.0
11020,"Altoona, PA Metro Area",2016,51154,43443,20690.0,35502.0,54468.0,85358.0
11020,"Altoona, PA Metro Area",2017,51885,45957,18371.0,37123.0,56178.0,89148.0
11020,"Altoona, PA Metro Area",2018,51096,49942,19365.0,40246.0,64895.0,97375.0
11020,"Altoona, PA Metro Area",2019,52497,51004,23500.0,40738.0,65647.0,101738.0
11020,"Altoona, PA Metro Area",2021,49795,57361,25793.0,45214.0,71440.0,108155.0
11020,"Altoona, PA Metro Area",2022,52260,58022,25543.0,47813.0,74494.0,109611.0
11020,"Altoona, PA Metro Area",2023,50651,54002,22573.0,42240.0,66850.0,109378.0
11020,"Altoona, PA Metro Area",2024,50837,66994,29267.0,52731.0,81887.0,123552.0
11100,"Amarillo, TX Metro Area",2005,88509,36603,,,,
11100,"Amarillo, TX Metro Area",2006,87290,40969,16323.0,32058.0,51228.0,80069.0
11100,"Amarillo, TX Metro Area",2007,86729,42065,18504.0,31576.0,51914.0,84297.0
11100,"Amarillo, TX Metro Area",2008,88099,47822,19787.0,36169.0,58453.0,87607.0
11100,"Amarillo, TX Metro Area",2009,88271,43373,17566.0,34543.0,55008.0,82960.0
11100,"Amarillo, TX Metro Area",2010,94287,46390,20379.0,37155.0,57457.0,85771.0
11100,"Amarillo, TX Metro Area",2011,94589,47350,19079.0,35476.0,59139.0,94641.0
11100,"Amarillo, TX Metro Area",2012,94559,46434,18624.0,35617.0,56394.0,91262.0
11100,"Amarillo, TX Metro Area",2013,96382,49207,20948.0,40043.0,61816.0,100661.0
11100,"Amarillo, TX Metro Area",2014,95667,51280,21802.0,40087.0,64158.0,102616.0
11100,"Amarillo, TX Metro Area",2015,95626,51734,23146.0,41675.0,64825.0,100766.0
11100,"Amarillo, TX Metro Area",2016,95619,54478,24973.0,42210.0,68014.0,104632.0
11100,"Amarillo, TX Metro Area",2017,97963,53922,24601.0,43440.0,63961.0,104635.0
11100,"Amarillo, TX Metro Area",2018,98518,53087,24002.0,43336.0,66284.0,105714.0
11100,"Amarillo, TX Metro Area",2019,98606,53510,22057.0,41515.0,69545.0,115043.0
11100,"Amarillo, TX Metro Area",2021,104421,58354,24917.0,45702.0,74775.0,120521.0
11100,"Amarillo, TX Metro Area",2022,100975,65090,28349.0,51715.0,80884.0,126871.0
11100,"Amarillo, TX Metro Area",2023,102739,63994,28182.0,51247.0,83965.0,133828.0
11100,"Amarillo, TX Metro Area",2024,105814,69595,27163.0,54285.0,83870.0,133321.0
11180,"Ames, IA Metro Area",2005,31064,40471,,,,
11180,"Ames, IA Metro Area",2006,31909,43326,18368.0,33990.0,51499.0,82174.0
11180,"Ames, IA Metro Area",2007,32272,47827,21230.0,37024.0,59974.0,90612.0
11180,"Ames, IA Metro Area",2008,32769,48076,18143.0,36236.0,60737.0,91173.0
11180,"Ames, IA Metro Area",2009,32434,45516,19609.0,35863.0,57071.0,87691.0
11180,"Ames, IA Metro Area",2010,35851,48034,17623.0,37412.0,58876.0,92262.0
11180,"Ames, IA Metro Area",2011,34794,45866,15012.0,35746.0,57130.0,90396.0
11180,"Ames, IA Metro Area",2012,35541,49489,17203.0,36483.0,60580.0,93916.0
11180,"Ames, IA Metro Area",2013,36340,50279,17567.0,38291.0,65032.0,95357.0
11180,"Ames, IA Metro Area",2014,35880,46091,17342.0,35059.0,65357.0,100489.0
11180,"Ames, IA Metro Area",2015,37264,50811,19440.0,39850.0,65140.0,100121.0
11180,"Ames, IA Metro Area",2016,37350,53371,17837.0,41242.0,70270.0,112312.0
11180,"Ames, IA Metro Area",2017,37689,60351,20076.0,41479.0,81983.0,118912.0
11180,"Ames, IA Metro Area",2018,37290,54586,18992.0,44716.0,67179.0,110332.0
11180,"Ames, IA Metro Area",2019,50253,62181,25059.0,47494.0,75172.0,118765.0
11180,"Ames, IA Metro Area",2021,49702,64569,24453.0,51403.0,80551.0,125176.0
11180,"Ames, IA Metro Area",2022,50987,68384,25805.0,53125.0,85695.0,127697.0
11180,"Ames, IA Metro Area",2023,49962,72007,32409.0,58954.0,88549.0,136536.0
11180,"Ames, IA Metro Area",2024,50869,70873,33399.0,56208.0,88903.0,138887.0
11200,"Amherst Town-Northampton, MA Metro Area",2023,61802,79969,30982.0,63847.0,99132.0,161699.0
11200,"Amherst Town-Northampton, MA Metro Area",2024,63886,81732,32111.0,66323.0,102134.0,167068.0
11260,"Anchorage, AK Metro Area",2005,124902,60180,,,,
11260,"Anchorage, AK Metro Area",2006,123892,62513,28834.0,50531.0,74890.0,113267.0
11260,"Anchorage, AK Metro Area",2007,125039,67995,31961.0,56155.0,81786.0,119000.0
11260,"Anchorage, AK Metro Area",2008,126126,75035,38452.0,62312.0,88265.0,125773.0
11260,"Anchorage, AK Metro Area",2009,126818,72712,34377.0,58128.0,85709.0,123237.0
11260,"Anchorage, AK Metro Area",2010,135320,71490,30189.0,57342.0,88490.0,131299.0
11260,"Anchorage, AK Metro Area",2011,139979,71700,35156.0,58583.0,84757.0,125828.0
11260,"Anchorage, AK Metro Area",2012,137052,71494,31709.0,58457.0,88147.0,134708.0
11260,"Anchorage, AK Metro Area",2013,133717,76831,38729.0,63760.0,93094.0,138442.0
11260,"Anchorage, AK Metro Area",2014,135449,75682,35570.0,62323.0,92722.0,136736.0
11260,"Anchorage, AK Metro Area",2015,135601,78238,35818.0,63236.0,95807.0,140158.0
11260,"Anchorage, AK Metro Area",2016,135554,82203,39405.0,66708.0,100554.0,148658.0
11260,"Anchorage, AK Metro Area",2017,136816,76871,35902.0,62684.0,94635.0,141489.0
11260,"Anchorage, AK Metro Area",2018,137483,81037,37008.0,66256.0,99042.0,149650.0
11260,"Anchorage, AK Metro Area",2019,137934,80676,37284.0,66237.0,99916.0,150362.0
11260,"Anchorage, AK Metro Area",2021,150581,84476,37460.0,69309.0,104406.0,159075.0
11260,"Anchorage, AK Metro Area",2022,149798,95791,42913.0,76910.0,114800.0,172122.0
11260,"Anchorage, AK Metro Area",2023,148995,94150,43166.0,75751.0,116118.0,180640.0
11260,"Anchorage, AK Metro Area",2024,148919,102698,43993.0,84535.0,125220.0,189089.0
11300,"Anderson, IN Metro Area",2005,51244,40050,,,,
11300,"Anderson, IN Metro Area",2006,51975,40990,18828.0,33861.0,50186.0,72483.0
11300,"Anderson, IN Metro Area",2007,51598,42783,19471.0,35115.0,52077.0,81791.0
11300,"Anderson, IN Metro Area",2008,51759,44133,20315.0,35067.0,50850.0,78309.0
11300,"Anderson, IN Metro Area",2009,51043,41741,19310.0,34867.0,49820.0,74434.0
11300,"Anderson, IN Metro Area",2010,50641,38772,16474.0,32367.0,50011.0,76261.0
11300,"Anderson, IN Metro Area",2011,49713,42129,16897.0,32053.0,51565.0,73208.0
11300,"Anderson, IN Metro Area",2012,49124,42933,19937.0,34830.0,52895.0,78214.0
11340,"Anderson, SC Metro Area",2005,68919,37955,,,,
11340,"Anderson, SC Metro Area",2006,69306,41015,17305.0,31308.0,49631.0,77256.0
11340,"Anderson, SC Metro Area",2007,70116,40778,17808.0,31759.0,51797.0,81648.0
11340,"Anderson, SC Metro Area",2008,71728,45178,20198.0,35800.0,55020.0,82652.0
11340,"Anderson, SC Metro Area",2009,73101,41246,16040.0,30067.0,53106.0,80279.0
11340,"Anderson, SC Metro Area",2010,73794,36770,15946.0,27889.0,50779.0,79062.0
11340,"Anderson, SC Metro Area",2011,72551,40943,18201.0,34115.0,51790.0,82168.0
11340,"Anderson, SC Metro Area",2012,72363,39232,16474.0,31416.0,48891.0,78606.0
11360,"Anderson Creek, NC Micro Area",2023,49285,70664,31043.0,52049.0,88616.0,132286.0
11360,"Anderson Creek, NC Micro Area",2024,53103,73391,31124.0,60286.0,89455.0,140471.0
11460,"Ann Arbor, MI Metro Area",2005,131268,53495,,,,
11460,"Ann Arbor, MI Metro Area",2006,134052,56817,21698.0,43710.0,70261.0,109426.0
11460,"Ann Arbor, MI Metro Area",2007,133075,61049,24112.0,47583.0,75657.0,117920.0
11460,"Ann Arbor, MI Metro Area",2008,134797,57848,22687.0,45953.0,73249.0,114009.0
11460,"Ann Arbor, MI Metro Area",2009,134142,54603,22083.0,42153.0,68962.0,110376.0
11460,"Ann Arbor, MI Metro Area",2010,132028,55880,23433.0,44752.0,70394.0,112453.0
11460,"Ann Arbor, MI Metro Area",2011,134459,56612,21648.0,42802.0,74409.0,121290.0
11460,"Ann Arbor, MI Metro Area",2012,137565,56330,23099.0,43126.0,72728.0,116727.0
11460,"Ann Arbor, MI Metro Area",2013,137728,59660,22354.0,45126.0,78017.0,125227.0
11460,"Ann Arbor, MI Metro Area",2014,137240,62845,26644.0,49546.0,79740.0,127480.0
11460,"Ann Arbor, MI Metro Area",2015,138099,61977,25273.0,49502.0,79219.0,129792.0
11460,"Ann Arbor, MI Metro Area",2016,140079,65601,26236.0,50779.0,85791.0,138859.0
11460,"Ann Arbor, MI Metro Area",2017,140729,70286,28814.0,55557.0,87030.0,138171.0
11460,"Ann Arbor, MI Metro Area",2018,143072,71860,25695.0,54553.0,91704.0,151798.0
11460,"Ann Arbor, MI Metro Area",2019,141680,76576,31329.0,61192.0,95612.0,153639.0
11460,"Ann Arbor, MI Metro Area",2021,149133,76918,32222.0,60480.0,97679.0,155886.0
11460,"Ann Arbor, MI Metro Area",2022,150945,79665,31893.0,61202.0,101648.0,166387.0
11460,"Ann Arbor, MI Metro Area",2023,149379,83754,33613.0,65661.0,105652.0,171376.0
11460,"Ann Arbor, MI Metro Area",2024,151711,90523,35478.0,70982.0,112202.0,186607.0
11500,"Anniston-Oxford, AL Metro Area",2005,46986,36243,,,,
11500,"Anniston-Oxford, AL Metro Area",2006,46503,36241,15198.0,27877.0,47068.0,70669.0
11500,"Anniston-Oxford, AL Metro Area",2007,46785,37074,14488.0,28797.0,48463.0,77444.0
11500,"Anniston-Oxford, AL Metro Area",2008,46640,40056,14953.0,32254.0,50397.0,77806.0
11500,"Anniston-Oxford, AL Metro Area",2009,46535,36527,13233.0,27493.0,45300.0,76958.0
11500,"Anniston-Oxford, AL Metro Area",2010,45862,36675,13503.0,27069.0,46730.0,76851.0
11500,"Anniston-Oxford, AL Metro Area",2011,44722,39037,15189.0,29164.0,49023.0,72947.0
11500,"Anniston-Oxford, AL Metro Area",2012,45986,39169,16029.0,30719.0,47358.0,75415.0
11500,"Anniston-Oxford-Jacksonville, AL Metro Area",2013,43851,36205,13986.0,30073.0,45574.0,71729.0
11500,"Anniston-Oxford-Jacksonville, AL Metro Area",2014,46087,41428,14468.0,31647.0,51400.0,79470.0
11500,"Anniston-Oxford-Jacksonville, AL Metro Area",2015,44323,42346,17162.0,33006.0,53340.0,85510.0
11500,"Anniston-Oxford-Jacksonville, AL Metro Area",2016,43972,41687,18297.0,34092.0,53902.0,84383.0
11500,"Anniston-Oxford-Jacksonville, AL Metro Area",2017,44507,46763,17724.0,36259.0,56988.0,95116.0
11500,"Anniston-Oxford-Jacksonville, AL Metro Area",2018,44264,45818,17968.0,33174.0,59570.0,89929.0
11500,"Anniston-Oxford, AL Metro Area",2019,44636,48156,17283.0,35920.0,60547.0,91745.0
11500,"Anniston-Oxford, AL Metro Area",2021,44631,46524,16947.0,33074.0,60704.0,91137.0
11500,"Anniston-Oxford, AL Metro Area",2022,45701,52819,21308.0,40807.0,64348.0,101390.0
11500,"Anniston-Oxford, AL Metro Area",2023,46310,50780,21261.0,39168.0,65062.0,103001.0
11500,"Anniston-Oxford, AL Metro Area",2024,44348,52719,23265.0,44037.0,65738.0,105765.0
11540,"Appleton, WI Metro Area",2005,83180,54476,,,,
11540,"Appleton, WI Metro Area",2006,85708,51189,22607.0,41711.0,61806.0,87901.0
11540,"Appleton, WI Metro Area",2007,85026,56846,27719.0,46313.0,66266.0,93437.0
11540,"Appleton, WI Metro Area",2008,86567,54848,28476.0,46111.0,66377.0,95754.0
11540,"Appleton, WI Metro Area",2009,86531,55669,25909.0,47326.0,67247.0,96349.0
11540,"Appleton, WI Metro Area",2010,88085,55883,26003.0,46355.0,66104.0,96910.0
11540,"Appleton, WI Metro Area",2011,86914,58172,26561.0,47784.0,68724.0,97766.0
11540,"Appleton, WI Metro Area",2012,87010,60166,26765.0,49119.0,72493.0,101710.0
11540,"Appleton, WI Metro Area",2013,89376,58410,27236.0,48178.0,69596.0,100693.0
11540,"Appleton, WI Metro Area",2014,90046,60106,29635.0,48891.0,72827.0,104129.0
11540,"Appleton, WI Metro Area",2015,90489,61245,28975.0,49142.0,75179.0,110959.0
11540,"Appleton, WI Metro Area",2016,92593,63902,30389.0,51334.0,77693.0,111685.0
11540,"Appleton, WI Metro Area",2017,94400,65990,29966.0,52201.0,80458.0,120227.0
11540,"Appleton, WI Metro Area",2018,94810,65826,30499.0,54084.0,80465.0,117975.0
11540,"Appleton, WI Metro Area",2019,94937,68335,31759.0,56338.0,80599.0,120070.0
11540,"Appleton, WI Metro Area",2021,98164,74331,35915.0,61672.0,90064.0,134021.0
11540,"Appleton, WI Metro Area",2022,100640,78388,38917.0,63302.0,95204.0,137356.0
11540,"Appleton, WI Metro Area",2023,99606,83966,40593.0,68045.0,101971.0,145808.0
11540,"Appleton, WI Metro Area",2024,102147,82501,41142.0,66596.0,103697.0,146851.0
11640,"Arecibo, PR Metro Area",2013,68222,17833,6348.0,13847.0,22896.0,40409.0
11640,"Arecibo, PR Metro Area",2014,64990,16244,4941.0,12106.0,20489.0,35426.0
11640,"Arecibo, PR Metro Area",2015,66729,15750,6191.0,11980.0,19680.0,36928.0
11640,"Arecibo, PR Metro Area",2016,66520,18428,6857.0,13621.0,23145.0,38390.0
11640,"Arecibo, PR Metro Area",2017,68855,16624,5863.0,11888.0,21676.0,42216.0
11640,"Arecibo, PR Metro Area",2018,64093,17347,6684.0,13270.0,22275.0,43572.0
11640,"Arecibo, PR Metro Area",2019,65208,19163,7360.0,15329.0,24874.0,39198.0
11640,"Arecibo, PR Metro Area",2021,61581,20297,7823.0,15858.0,25972.0,42621.0
11640,"Arecibo, PR Metro Area",2022,66631,25865,9054.0,20060.0,32358.0,54432.0
11640,"Arecibo, PR Metro Area",2023,65668,27118,10407.0,21296.0,34518.0,60376.0
11640,"Arecibo, PR Metro Area",2024,67712,23466,10556.0,19122.0,30002.0,54663.0
11700,"Asheville, NC Metro Area",2005,167464,38275,,,,
11700,"Asheville, NC Metro Area",2006,166210,40840,18067.0,32833.0,49800.0,76109.0
11700,"Asheville, NC Metro Area",2007,172124,43819,19340.0,35627.0,55085.0,81614.0
11700,"Asheville, NC Metro Area",2008,176138,43180,19074.0,34720.0,52259.0,81780.0
11700,"Asheville, NC Metro Area",2009,172316,41078,19145.0,32923.0,52190.0,82103.0
11700,"Asheville, NC Metro Area",2010,181239,42168,19195.0,33480.0,51404.0,78698.0
11700,"Asheville, NC Metro Area",2011,180249,41969,19031.0,33632.0,51821.0,83840.0
11700,"Asheville, NC Metro Area",2012,178131,43172,18777.0,35032.0,53883.0,82992.0
11700,"Asheville, NC Metro Area",2013,182426,43916,18454.0,35153.0,53772.0,84995.0
11700,"Asheville, NC Metro Area",2014,182129,46917,20690.0,36761.0,56810.0,87365.0
11700,"Asheville, NC Metro Area",2015,184983,44826,19826.0,35948.0,55645.0,90941.0
11700,"Asheville, NC Metro Area",2016,186656,50541,22011.0,40376.0,60895.0,93661.0
11700,"Asheville, NC Metro Area",2017,190004,50015,22764.0,39610.0,62262.0,99466.0
11700,"Asheville, NC Metro Area",2018,191889,52410,23251.0,41298.0,65886.0,104485.0
11700,"Asheville, NC Metro Area",2019,193451,57428,24635.0,45354.0,71030.0,106047.0
11700,"Asheville, NC Metro Area",2021,185423,60261,26390.0,47798.0,75681.0,117677.0
11700,"Asheville, NC Metro Area",2022,190656,66023,28699.0,51041.0,80927.0,124639.0
11700,"Asheville, NC Metro Area",2023,164757,67837,31915.0,54834.0,82207.0,136123.0
11700,"Asheville, NC Metro Area",2024,163942,76275,34158.0,61523.0,95821.0,146855.0
11780,"Ashtabula, OH Micro Area",2005,40596,36611,,,,
11780,"Ashtabula, OH Micro Area",2006,39758,37628,16234.0,30970.0,44568.0,70800.0
11780,"Ashtabula, OH Micro Area",2007,38022,39806,15757.0,30469.0,47823.0,70655.0
11780,"Ashtabula, OH Micro Area",2008,38189,42417,18045.0,32813.0,52667.0,74081.0
11780,"Ashtabula, OH Micro Area",2009,37998,39610,17206.0,30148.0,49826.0,74021.0
11780,"Ashtabula, OH Micro Area",2010,38078,38751,17096.0,30230.0,47162.0,71989.0
11780,"Ashtabula, OH Micro Area",2011,39383,38204,14433.0,29525.0,47562.0,72024.0
11780,"Ashtabula, OH Micro Area",2012,39008,36015,16394.0,28174.0,46285.0,71717.0
11780,"Ashtabula, OH Micro Area",2013,39393,40839,16324.0,32456.0,50215.0,76248.0
11780,"Ashtabula, OH Micro Area",2014,38891,39079,17793.0,31749.0,49947.0,75316.0
11780,"Ashtabula, OH Micro Area",2015,37333,44511,19151.0,33552.0,53945.0,80639.0
11780,"Ashtabula, OH Micro Area",2016,38728,42965,17170.0,33756.0,51488.0,83426.0
11780,"Ashtabula, OH Micro Area",2017,36704,44173,17761.0,34048.0,52441.0,86427.0
11780,"Ashtabula, OH Micro Area",2018,35445,46349,16203.0,35835.0,57306.0,90534.0
11780,"Ashtabula, OH Micro Area",2019,39490,44580,19809.0,34445.0,58062.0,91424.0
11780,"Ashtabula, OH Micro Area",2021,39915,46771,21698.0,40154.0,60108.0,91394.0
11780,"Ashtabula, OH Micro Area",2022,38898,51737,23492.0,42221.0,65927.0,105423.0
11900,"Athens, OH Micro Area",2015,22757,36511,9694.0,24671.0,50659.0,84580.0
11900,"Athens, OH Micro Area",2016,21732,36193,16345.0,28864.0,47646.0,86313.0
11900,"Athens, OH Micro Area",2017,22199,44247,13865.0,32930.0,60222.0,87581.0
11900,"Athens, OH Micro Area",2018,22533,36944,13422.0,29111.0,48294.0,86296.0
11900,"Athens, OH Micro Area",2019,22659,41851,16191.0,33115.0,57818.0,94904.0
11940,"Athens, TN Micro Area",2023,26228,51810,23311.0,42245.0,65921.0,101868.0
11940,"Athens, TN Micro Area",2024,26724,60717,26213.0,46689.0,76752.0,122886.0
11980,"Athens, TX Micro Area",2005,31033,32906,,,,
11980,"Athens, TX Micro Area",2006,29399,34041,13063.0,26959.0,41423.0,69980.0
11980,"Athens, TX Micro Area",2007,29708,39619,18245.0,32103.0,50600.0,76106.0
11980,"Athens, TX Micro Area",2008,30860,42139,16637.0,32254.0,51234.0,75294.0
11980,"Athens, TX Micro Area",2009,30963,42289,18844.0,35266.0,53896.0,86702.0
11980,"Athens, TX Micro Area",2010,29810,36570,15840.0,28266.0,45179.0,68753.0
11980,"Athens, TX Micro Area",2011,29567,38278,18645.0,31725.0,49248.0,74678.0
11980,"Athens, TX Micro Area",2012,29273,37077,14282.0,27357.0,48364.0,79930.0
11980,"Athens, TX Micro Area",2013,28070,38493,19034.0,30899.0,46831.0,76460.0
11980,"Athens, TX Micro Area",2014,30422,41112,17165.0,32221.0,50101.0,79220.0
11980,"Athens, TX Micro Area",2015,29103,47906,20978.0,38844.0,57659.0,88849.0
11980,"Athens, TX Micro Area",2016,30403,44088,20332.0,34055.0,56672.0,90876.0
11980,"Athens, TX Micro Area",2017,32412,44971,20498.0,35892.0,58796.0,89571.0
11980,"Athens, TX Micro Area",2018,30843,42020,17393.0,32588.0,53732.0,94182.0
11980,"Athens, TX Micro Area",2019,30607,51521,19902.0,39887.0,61124.0,94553.0
11980,"Athens, TX Micro Area",2021,32576,49830,17957.0,38292.0,62068.0,93757.0
11980,"Athens, TX Micro Area",2022,33671,65283,28002.0,52080.0,81759.0,127939.0
11980,"Athens, TX Micro Area",2023,33957,59391,25938.0,46044.0,75575.0,127597.0
11980,"Athens, TX Micro Area",2024,34894,61275,26641.0,47006.0,74108.0,118223.0
12020,"Athens-Clarke County, GA Metro Area",2005,68468,34950,,,,
12020,"Athens-Clarke County, GA Metro Area",2006,69430,36789,13188.0,26603.0,47468.0,80532.0
12020,"Athens-Clarke County, GA Metro Area",2007,69940,40774,16218.0,32573.0,51695.0,81972.0
12020,"Athens-Clarke County, GA Metro Area",2008,66851,41424,14173.0,33274.0,54451.0,87080.0
12020,"Athens-Clarke County, GA Metro Area",2009,64907,38994,11966.0,29028.0,51274.0,85106.0
12020,"Athens-Clarke County, GA Metro Area",2010,64210,40391,15325.0,31689.0,50982.0,87521.0
12020,"Athens-Clarke County, GA Metro Area",2011,66123,38663,11578.0,27365.0,50239.0,82156.0
12020,"Athens-Clarke County, GA Metro Area",2012,67610,38028,13935.0,29042.0,50302.0,87062.0
12020,"Athens-Clarke County, GA Metro Area",2013,71847,38227,14256.0,29196.0,50411.0,85747.0
12020,"Athens-Clarke County, GA Metro Area",2014,71814,41761,15432.0,30219.0,52868.0,86602.0
12020,"Athens-Clarke County, GA Metro Area",2015,76704,38643,13897.0,29521.0,49964.0,91327.0
12020,"Athens-Clarke County, GA Metro Area",2016,78195,43165,16238.0,32242.0,55918.0,97495.0
12020,"Athens-Clarke County, GA Metro Area",2017,76556,46521,17871.0,36310.0,58788.0,105501.0
12020,"Athens-Clarke County, GA Metro Area",2018,79945,51503,20491.0,40676.0,67005.0,109844.0
12020,"Athens-Clarke County, GA Metro Area",2019,82655,50962,19935.0,39664.0,64706.0,109440.0
12020,"Athens-Clarke County, GA Metro Area",2021,87263,59628,24568.0,46395.0,74261.0,123948.0
12020,"Athens-Clarke County, GA Metro Area",2022,85600,61978,22009.0,45250.0,77940.0,125290.0
12020,"Athens-Clarke County, GA Metro Area",2023,87635,67364,24071.0,51786.0,81866.0,130457.0
12020,"Athens-Clarke County, GA Metro Area",2024,88473,64951,27481.0,50695.0,83817.0,134886.0
12060,"Atlanta-Sandy Springs-Marietta, GA Metro Area",2005,1781766,54066,,,,
12060,"Atlanta-Sandy Springs-Marietta, GA Metro Area",2006,1826990,55552,25127.0,44430.0,68143.0,104388.0
12060,"Atlanta-Sandy Springs-Marietta, GA Metro Area",2007,1867083,57189,26466.0,45997.0,70198.0,108409.0
12060,"Atlanta-Sandy Springs-Marietta, GA Metro Area",2008,1891993,60682,26998.0,48595.0,73580.0,113383.0
12060,"Atlanta-Sandy Springs-Marietta, GA Metro Area",2009,1885202,55464,24562.0,44796.0,69173.0,106712.0
12060,"Atlanta-Sandy Springs-Marietta, GA Metro Area",2010,1879479,53182,22529.0,42187.0,66272.0,105094.0
12060,"Atlanta-Sandy Springs-Marietta, GA Metro Area",2011,1896087,52639,21939.0,41502.0,65722.0,106143.0
12060,"Atlanta-Sandy Springs-Marietta, GA Metro Area",2012,1923727,54628,22857.0,43120.0,68271.0,108364.0
12060,"Atlanta-Sandy Springs-Roswell, GA Metro Area",2013,1954348,55733,23858.0,43894.0,69420.0,110262.0
12060,"Atlanta-Sandy Springs-Roswell, GA Metro Area",2014,1981447,56166,24407.0,45053.0,70765.0,113392.0
12060,"Atlanta-Sandy Springs-Roswell, GA Metro Area",2015,2028705,60219,25725.0,47394.0,73838.0,117029.0
12060,"Atlanta-Sandy Springs-Roswell, GA Metro Area",2016,2062798,62613,26684.0,50307.0,77233.0,122065.0
12060,"Atlanta-Sandy Springs-Roswell, GA Metro Area",2017,2102145,65381,28796.0,51842.0,80670.0,127817.0
12060,"Atlanta-Sandy Springs-Roswell, GA Metro Area",2018,2137280,69464,30570.0,55240.0,85509.0,134909.0
12060,"Atlanta-Sandy Springs-Alpharetta, GA Metro Area",2019,2189294,71742,31698.0,57904.0,88667.0,139979.0
12060,"Atlanta-Sandy Springs-Alpharetta, GA Metro Area",2021,2277482,77589,33065.0,61941.0,95704.0,150840.0
12060,"Atlanta-Sandy Springs-Alpharetta, GA Metro Area",2022,2311639,84876,37774.0,68146.0,104358.0,162188.0
12060,"Atlanta-Sandy Springs-Roswell, GA Metro Area",2023,2341283,86505,37244.0,68966.0,107247.0,169022.0
12060,"Atlanta-Sandy Springs-Roswell, GA Metro Area",2024,2390346,92344,40938.0,74085.0,113600.0,179726.0
12100,"Atlantic City, NJ Metro Area",2005,101584,50377,,,,
12100,"Atlantic City, NJ Metro Area",2006,103504,52230,22750.0,42165.0,63835.0,96861.0
12100,"Atlantic City, NJ Metro Area",2007,103197,55767,23076.0,43305.0,68047.0,100680.0
12100,"Atlantic City-Hammonton, NJ Metro Area",2008,101076,52696,23520.0,42831.0,65063.0,96922.0
12100,"Atlantic City-Hammonton, NJ Metro Area",2009,101681,52864,23586.0,42153.0,68488.0,100046.0
12100,"Atlantic City-Hammonton, NJ Metro Area",2010,100096,52571,22109.0,40831.0,63327.0,98552.0
12100,"Atlantic City-Hammonton, NJ Metro Area",2011,99762,50829,21128.0,39508.0,63004.0,104579.0
12100,"Atlantic City-Hammonton, NJ Metro Area",2012,100065,51191,21130.0,40967.0,66099.0,101891.0
12100,"Atlantic City-Hammonton, NJ Metro Area",2013,101721,52127,20333.0,40974.0,62425.0,101525.0
12100,"Atlantic City-Hammonton, NJ Metro Area",2014,101937,55313,22484.0,43662.0,68401.0,107612.0
12100,"Atlantic City-Hammonton, NJ Metro Area",2015,101813,54052,23925.0,43537.0,69320.0,116381.0
12100,"Atlantic City-Hammonton, NJ Metro Area",2016,96777,56778,22188.0,43532.0,73477.0,117106.0
12100,"Atlantic City-Hammonton, NJ Metro Area",2017,97618,61777,21214.0,42452.0,79245.0,121781.0
12100,"Atlantic City-Hammonton, NJ Metro Area",2018,96981,61212,25910.0,50554.0,78183.0,121467.0
12100,"Atlantic City-Hammonton, NJ Metro Area",2019,101975,63389,26543.0,49579.0,80408.0,126582.0
12100,"Atlantic City-Hammonton, NJ Metro Area",2021,112299,66388,26765.0,52275.0,85325.0,133809.0
12100,"Atlantic City-Hammonton, NJ Metro Area",2022,106972,77248,31963.0,60710.0,96923.0,146447.0
12100,"Atlantic City-Hammonton, NJ Metro Area",2023,158674,80073,32481.0,63295.0,99337.0,155896.0
12100,"Atlantic City-Hammonton, NJ Metro Area",2024,156904,80806,36000.0,65694.0,100247.0,161157.0
12180,"Auburn, NY Micro Area",2005,30869,42057,,,,
12180,"Auburn, NY Micro Area",2006,31818,45139,19792.0,35611.0,54905.0,80168.0
12180,"Auburn, NY Micro Area",2007,31468,45595,21671.0,37444.0,53360.0,79218.0
12180,"Auburn, NY Micro Area",2008,31088,48495,20847.0,37546.0,58109.0,84024.0
12180,"Auburn, NY Micro Area",2009,32470,49543,21716.0,38350.0,59266.0,82736.0
12180,"Auburn, NY Micro Area",2010,30975,49136,23021.0,40193.0,55603.0,86211.0
12180,"Auburn, NY Micro Area",2011,31533,49256,21184.0,40365.0,59509.0,91793.0
12180,"Auburn, NY Micro Area",2012,30354,50073,22536.0,41972.0,59636.0,90025.0
12180,"Auburn, NY Micro Area",2013,30784,50154,19420.0,38136.0,62255.0,99100.0
12180,"Auburn, NY Micro Area",2014,31290,53780,23245.0,41413.0,62562.0,96173.0
12180,"Auburn, NY Micro Area",2015,31368,53146,24144.0,43761.0,65436.0,97837.0
12180,"Auburn, NY Micro Area",2016,30966,54995,25891.0,43917.0,68274.0,101227.0
12180,"Auburn, NY Micro Area",2017,30870,56599,22957.0,42842.0,70347.0,106106.0
12180,"Auburn, NY Micro Area",2018,30083,52376,25587.0,43043.0,66921.0,105078.0
12180,"Auburn, NY Micro Area",2019,31489,58665,26711.0,47840.0,71377.0,110472.0
12180,"Auburn, NY Micro Area",2021,32392,63511,23742.0,50760.0,77742.0,119140.0
12180,"Auburn, NY Micro Area",2022,32108,64031,22362.0,52980.0,76953.0,124891.0
12180,"Auburn, NY Micro Area",2023,32786,66166,31485.0,51174.0,79678.0,120243.0
12180,"Auburn, NY Micro Area",2024,32087,66799,29845.0,55037.0,82892.0,129386.0
12220,"Auburn-Opelika, AL Metro Area",2005,50793,35203,,,,
12220,"Auburn-Opelika, AL Metro Area",2006,52223,38398,12142.0,26948.0,50255.0,82189.0
12220,"Auburn-Opelika, AL Metro Area",2007,55735,39355,15102.0,29723.0,51336.0,79262.0
12220,"Auburn-Opelika, AL Metro Area",2008,55986,41787,15126.0,28894.0,54046.0,80877.0
12220,"Auburn-Opelika, AL Metro Area",2009,56150,36925,13550.0,28770.0,46866.0,77166.0
12220,"Auburn-Opelika, AL Metro Area",2010,55073,39381,13669.0,28368.0,49841.0,85593.0
12220,"Auburn-Opelika, AL Metro Area",2011,56274,42965,13634.0,32042.0,51320.0,86153.0
12220,"Auburn-Opelika, AL Metro Area",2012,55520,45043,14920.0,32712.0,59467.0,91850.0
12220,"Auburn-Opelika, AL Metro Area",2013,56840,46068,16399.0,33734.0,59043.0,100349.0
12220,"Auburn-Opelika, AL Metro Area",2014,57880,39932,12731.0,30463.0,51872.0,90904.0
12220,"Auburn-Opelika, AL Metro Area",2015,58191,46589,15297.0,35396.0,60493.0,92718.0
12220,"Auburn-Opelika, AL Metro Area",2016,59354,48056,17145.0,38290.0,58294.0,98291.0
12220,"Auburn-Opelika, AL Metro Area",2017,58555,52943,20595.0,40184.0,67549.0,104349.0
12220,"Auburn-Opelika, AL Metro Area",2018,59336,46456,15485.0,33634.0,67131.0,106996.0
12220,"Auburn-Opelika, AL Metro Area",2019,64448,53712,17115.0,40299.0,68280.0,115192.0
12220,"Auburn-Opelika, AL Metro Area",2021,67358,52424,18880.0,40893.0,69107.0,104292.0
12220,"Auburn-Opelika, AL Metro Area",2022,71830,58549,20035.0,46096.0,75242.0,128828.0
12220,"Auburn-Opelika, AL Metro Area",2023,81935,57580,18516.0,43479.0,76308.0,120432.0
12220,"Auburn-Opelika, AL Metro Area",2024,79837,68336,25754.0,55985.0,87709.0,145221.0
12260,"Augusta-Richmond County, GA-SC Metro Area",2005,199470,42276,,,,
12260,"Augusta-Richmond County, GA-SC Metro Area",2006,196092,41722,16928.0,32613.0,51612.0,83836.0
12260,"Augusta-Richmond County, GA-SC Metro Area",2007,200132,43843,17239.0,34953.0,55325.0,86249.0
12260,"Augusta-Richmond County, GA-SC Metro Area",2008,197783,44291,16780.0,34934.0,55215.0,86911.0
12260,"Augusta-Richmond County, GA-SC Metro Area",2009,201260,42146,16058.0,32121.0,53567.0,85320.0
12260,"Augusta-Richmond County, GA-SC Metro Area",2010,206641,44477,16800.0,34900.0,55263.0,86032.0
12260,"Augusta-Richmond County, GA-SC Metro Area",2011,207222,45368,17938.0,35220.0,55821.0,89948.0
12260,"Augusta-Richmond County, GA-SC Metro Area",2012,204147,44761,17449.0,35397.0,56482.0,91463.0
12260,"Augusta-Richmond County, GA-SC Metro Area",2013,204221,44187,16996.0,34260.0,56802.0,93987.0
12260,"Augusta-Richmond County, GA-SC Metro Area",2014,208479,46689,18817.0,35983.0,60491.0,94322.0
12260,"Augusta-Richmond County, GA-SC Metro Area",2015,210854,49721,19476.0,39022.0,61890.0,96834.0
12260,"Augusta-Richmond County, GA-SC Metro Area",2016,219167,48543,20003.0,38910.0,62109.0,97638.0
12260,"Augusta-Richmond County, GA-SC Metro Area",2017,211489,50492,20955.0,37901.0,61775.0,97696.0
12260,"Augusta-Richmond County, GA-SC Metro Area",2018,214107,52696,20771.0,41109.0,66299.0,106004.0
12260,"Augusta-Richmond County, GA-SC Metro Area",2019,211969,55143,23153.0,43681.0,70114.0,109443.0
12260,"Augusta-Richmond County, GA-SC Metro Area",2021,222266,56515,23361.0,44259.0,71096.0,117929.0
12260,"Augusta-Richmond County, GA-SC Metro Area",2022,232374,64581,24835.0,49706.0,80938.0,128198.0
12260,"Augusta-Richmond County, GA-SC Metro Area",2023,236371,67152,26019.0,52296.0,84606.0,131456.0
12260,"Augusta-Richmond County, GA-SC Metro Area",2024,250386,72176,31777.0,56566.0,88085.0,139544.0
12300,"Augusta-Waterville, ME Micro Area",2005,50414,44162,,,,
12300,"Augusta-Waterville, ME Micro Area",2006,51207,44758,19701.0,35230.0,53257.0,80408.0
12300,"Augusta-Waterville, ME Micro Area",2007,50450,44113,20702.0,35800.0,53051.0,77797.0
12300,"Augusta-Waterville, ME Micro Area",2008,48859,46314,20423.0,35625.0,55694.0,80953.0
12300,"Augusta-Waterville, ME Micro Area",2009,52054,45007,19028.0,36044.0,54970.0,80779.0
12300,"Augusta-Waterville, ME Micro Area",2010,51225,44964,21310.0,36404.0,54378.0,86189.0
12300,"Augusta-Waterville, ME Micro Area",2011,51808,44259,20573.0,34610.0,55466.0,87810.0
12300,"Augusta-Waterville, ME Micro Area",2012,51547,46014,18858.0,35741.0,57424.0,90476.0
12300,"Augusta-Waterville, ME Micro Area",2013,50670,44724,17708.0,34577.0,55106.0,85287.0
12300,"Augusta-Waterville, ME Micro Area",2014,50219,44633,21112.0,35042.0,55739.0,90884.0
12300,"Augusta-Waterville, ME Micro Area",2015,51121,51335,21715.0,39092.0,61157.0,90787.0
12300,"Augusta-Waterville, ME Micro Area",2016,47791,51573,20661.0,40003.0,62973.0,93609.0
12300,"Augusta-Waterville, ME Micro Area",2017,49616,53073,20233.0,38787.0,66450.0,100063.0
12300,"Augusta-Waterville, ME Micro Area",2018,54299,51653,22286.0,41024.0,65183.0,99538.0
12300,"Augusta-Waterville, ME Micro Area",2019,54480,55389,24144.0,45061.0,70261.0,107839.0
12300,"Augusta-Waterville, ME Micro Area",2021,53803,60528,25400.0,48269.0,75686.0,110887.0
12300,"Augusta-Waterville, ME Micro Area",2022,54613,62943,28246.0,50257.0,78116.0,118558.0
12300,"Augusta-Waterville, ME Micro Area",2023,55601,64083,30328.0,52294.0,78722.0,116400.0
12300,"Augusta-Waterville, ME Micro Area",2024,55938,75259,32128.0,60071.0,92129.0,132613.0
12420,"Austin-Round Rock, TX Metro Area",2005,540685,50484,,,,
12420,"Austin-Round Rock, TX Metro Area",2006,560280,52882,23909.0,41952.0,65636.0,103549.0
12420,"Austin-Round Rock, TX Metro Area",2007,583598,56746,25170.0,45703.0,69902.0,107444.0
12420,"Austin-Round Rock, TX Metro Area",2008,603680,59221,25785.0,46585.0,73224.0,113114.0
12420,"Austin-Round Rock, TX Metro Area",2009,614047,56218,25094.0,45100.0,70087.0,109272.0
12420,"Austin-Round Rock-San Marcos, TX Metro Area",2010,647500,55744,23316.0,43776.0,68586.0,107604.0
12420,"Austin-Round Rock-San Marcos, TX Metro Area",2011,663866,56783,24413.0,45048.0,71232.0,113001.0
12420,"Austin-Round Rock-San Marcos, TX Metro Area",2012,665027,59433,25530.0,46305.0,74225.0,116154.0
12420,"Austin-Round Rock, TX Metro Area",2013,688938,61750,26962.0,49292.0,75892.0,120239.0
12420,"Austin-Round Rock, TX Metro Area",2014,703976,63603,26624.0,50801.0,78137.0,121010.0
12420,"Austin-Round Rock, TX Metro Area",2015,723914,67195,30280.0,52668.0,82499.0,130357.0
12420,"Austin-Round Rock, TX Metro Area",2016,741176,71000,31674.0,57183.0,89026.0,136115.0
12420,"Austin-Round Rock, TX Metro Area",2017,755333,73800,33673.0,60554.0,91590.0,141962.0
12420,"Austin-Round Rock, TX Metro Area",2018,786341,76925,34137.0,60947.0,96312.0,151125.0
12420,"Austin-Round Rock-Georgetown, TX Metro Area",2019,818084,80954,36799.0,64603.0,100105.0,156877.0
12420,"Austin-Round Rock-Georgetown, TX Metro Area",2021,955207,86530,36713.0,68737.0,105556.0,165753.0
12420,"Austin-Round Rock-Georgetown, TX Metro Area",2022,1000103,94604,43672.0,75471.0,117547.0,185823.0
12420,"Austin-Round Rock-San Marcos, TX Metro Area",2023,1036074,98508,43542.0,77695.0,121443.0,193822.0
12420,"Austin-Round Rock-San Marcos, TX Metro Area",2024,1061155,99897,46514.0,80591.0,125692.0,202207.0
12540,"Bakersfield, CA Metro Area",2005,231566,40224,,,,
12540,"Bakersfield, CA Metro Area",2006,238229,43106,18903.0,34978.0,53508.0,87324.0
12540,"Bakersfield, CA Metro Area",2007,239662,47105,20240.0,37663.0,59040.0,89836.0
12540,"Bakersfield, CA Metro Area",2008,244186,44733,19019.0,35042.0,56952.0,93143.0
12540,"Bakersfield, CA Metro Area",2009,241764,47368,18935.0,36091.0,58994.0,94271.0
12540,"Bakersfield-Delano, CA Metro Area",2010,252284,45524,19373.0,36116.0,57166.0,92637.0
12540,"Bakersfield-Delano, CA Metro Area",2011,254761,45224,17900.0,34864.0,57198.0,92126.0
12540,"Bakersfield-Delano, CA Metro Area",2012,255967,45910,19277.0,35637.0,59299.0,94533.0
12540,"Bakersfield, CA Metro Area",2013,257183,46879,19599.0,36041.0,61091.0,95685.0
12540,"Bakersfield, CA Metro Area",2014,261135,47644,20191.0,37225.0,61507.0,100600.0
12540,"Bakersfield, CA Metro Area",2015,263273,51342,21281.0,40084.0,64712.0,102716.0
12540,"Bakersfield, CA Metro Area",2016,270359,49903,20910.0,38758.0,61919.0,100439.0
12540,"Bakersfield, CA Metro Area",2017,269147,49854,21904.0,38557.0,61958.0,101765.0
12540,"Bakersfield, CA Metro Area",2018,273167,51579,20943.0,40684.0,65672.0,105896.0
12540,"Bakersfield, CA Metro Area",2019,272888,53067,22281.0,42310.0,68342.0,113296.0
12540,"Bakersfield, CA Metro Area",2021,282963,58217,24504.0,44657.0,75032.0,123882.0
12540,"Bakersfield, CA Metro Area",2022,283510,66234,26736.0,51778.0,82575.0,128672.0
12540,"Bakersfield-Delano, CA Metro Area",2023,289845,68893,28036.0,55218.0,86337.0,134314.0
12540,"Bakersfield-Delano, CA Metro Area",2024,292654,71596,29384.0,56006.0,90529.0,140891.0
12580,"Baltimore-Towson, MD Metro Area",2005,1002709,57447,,,,
12580,"Baltimore-Towson, MD Metro Area",2006,1003904,61010,26646.0,49542.0,75245.0,112895.0
12580,"Baltimore-Towson, MD Metro Area",2007,995655,63699,26627.0,50944.0,78902.0,121120.0
12580,"Baltimore-Towson, MD Metro Area",2008,1005383,66122,28238.0,52259.0,80989.0,122542.0
12580,"Baltimore-Towson, MD Metro Area",2009,1005051,65392,27399.0,51843.0,80290.0,124955.0
12580,"Baltimore-Towson, MD Metro Area",2010,1022553,64812,27031.0,51664.0,80863.0,126116.0
12580,"Baltimore-Towson, MD Metro Area",2011,1022508,65463,26305.0,52002.0,81435.0,129491.0
12580,"Baltimore-Towson, MD Metro Area",2012,1034914,66970,26523.0,52533.0,84679.0,130790.0
12580,"Baltimore-Columbia-Towson, MD Metro Area",2013,1037921,68455,27600.0,54208.0,85405.0,133343.0
12580,"Baltimore-Columbia-Towson, MD Metro Area",2014,1032604,71501,29213.0,56060.0,88838.0,138650.0
12580,"Baltimore-Columbia-Towson, MD Metro Area",2015,1037443,72520,29971.0,57140.0,90402.0,140115.0
12580,"Baltimore-Columbia-Towson, MD Metro Area",2016,1045165,76788,31209.0,60169.0,95293.0,146900.0
12580,"Baltimore-Columbia-Towson, MD Metro Area",2017,1053386,77394,31421.0,60748.0,97084.0,149214.0
12580,"Baltimore-Columbia-Towson, MD Metro Area",2018,1054226,80469,33183.0,62158.0,100092.0,155370.0
12580,"Baltimore-Columbia-Towson, MD Metro Area",2019,1062901,83160,34159.0,66048.0,102670.0,160642.0
12580,"Baltimore-Columbia-Towson, MD Metro Area",2021,1117510,86302,34962.0,67942.0,106794.0,170118.0
12580,"Baltimore-Columbia-Towson, MD Metro Area",2022,1126216,90505,35793.0,71414.0,113659.0,182218.0
12580,"Baltimore-Columbia-Towson, MD Metro Area",2023,1127320,94289,37473.0,73501.0,117123.0,185475.0
12580,"Baltimore-Columbia-Towson, MD Metro Area",2024,1140975,98666,40473.0,77572.0,123504.0,197260.0
12620,"Bangor, ME Metro Area",2005,60822,40761,,,,
12620,"Bangor, ME Metro Area",2006,60132,39244,15670.0,30396.0,47579.0,76945.0
12620,"Bangor, ME Metro Area",2007,61434,41333,17702.0,32646.0,49607.0,78126.0
12620,"Bangor, ME Metro Area",2008,61463,42935,17845.0,34692.0,52859.0,80988.0
12620,"Bangor, ME Metro Area",2009,61911,39906,18074.0,31391.0,50112.0,75283.0
12620,"Bangor, ME Metro Area",2010,60428,42964,17684.0,33602.0,55769.0,85158.0
12620,"Bangor, ME Metro Area",2011,62303,40669,16839.0,30744.0,51752.0,79506.0
12620,"Bangor, ME Metro Area",2012,63171,41653,17852.0,32626.0,52038.0,80169.0
12620,"Bangor, ME Metro Area",2013,62039,43598,19704.0,32729.0,53568.0,80910.0
12620,"Bangor, ME Metro Area",2014,61218,42242,15408.0,32212.0,53027.0,87675.0
12620,"Bangor, ME Metro Area",2015,59099,44173,18012.0,33617.0,56120.0,86196.0
12620,"Bangor, ME Metro Area",2016,60195,47328,19414.0,36604.0,60018.0,92298.0
12620,"Bangor, ME Metro Area",2017,60620,50349,20940.0,39312.0,60832.0,95802.0
12620,"Bangor, ME Metro Area",2018,61765,47217,18579.0,36561.0,61913.0,95142.0
12620,"Bangor, ME Metro Area",2019,64096,50449,22969.0,39117.0,64617.0,103379.0
12620,"Bangor, ME Metro Area",2021,65441,56250,21508.0,43354.0,70831.0,114480.0
12620,"Bangor, ME Metro Area",2022,65940,61134,23894.0,47314.0,76833.0,121324.0
12620,"Bangor, ME Metro Area",2023,66556,66333,29058.0,52323.0,81264.0,129014.0
12620,"Bangor, ME Metro Area",2024,64892,66506,25426.0,53411.0,80226.0,135733.0
12660,"Baraboo, WI Micro Area",2021,27524,70914,33961.0,58327.0,83812.0,120729.0
12660,"Baraboo, WI Micro Area",2022,28307,69475,32389.0,56048.0,87518.0,123496.0
12660,"Baraboo, WI Micro Area",2023,28295,80070,38314.0,65479.0,96917.0,139108.0
12660,"Baraboo, WI Micro Area",2024,28528,76642,36023.0,62664.0,95311.0,137046.0
12700,"Barnstable Town, MA Metro Area",2005,100254,54439,,,,
12700,"Barnstable Town, MA Metro Area",2006,98466,56974,23952.0,45187.0,68144.0,100373.0
12700,"Barnstable Town, MA Metro Area",2007,97560,60015,29649.0,48859.0,71974.0,105437.0
12700,"Barnstable Town, MA Metro Area",2008,93027,57314,25631.0,45612.0,70031.0,109059.0
12700,"Barnstable Town, MA Metro Area",2009,99904,57947,26918.0,45840.0,70270.0,107111.0
12700,"Barnstable Town, MA Metro Area",2010,93576,55294,24897.0,44355.0,67259.0,102154.0
12700,"Barnstable Town, MA Metro Area",2011,94569,56699,21477.0,44879.0,69600.0,106417.0
12700,"Barnstable Town, MA Metro Area",2012,89766,59453,24585.0,46636.0,72817.0,113846.0
12700,"Barnstable Town, MA Metro Area",2013,94479,61026,24671.0,49081.0,75131.0,112903.0
12700,"Barnstable Town, MA Metro Area",2014,95697,65384,26771.0,51066.0,80725.0,125331.0
12700,"Barnstable Town, MA Metro Area",2015,97451,66102,28919.0,53092.0,80199.0,121060.0
12700,"Barnstable Town, MA Metro Area",2016,92582,67898,29813.0,52749.0,81977.0,127189.0
12700,"Barnstable Town, MA Metro Area",2017,92148,71235,29888.0,56603.0,87357.0,134152.0
12700,"Barnstable Town, MA Metro Area",2018,86671,68902,30996.0,56319.0,85027.0,138184.0
12700,"Barnstable Town, MA Metro Area",2019,96509,85042,41101.0,70177.0,104005.0,152597.0
12700,"Barnstable Town, MA Metro Area",2021,104733,83537,34851.0,66051.0,104862.0,161773.0
12700,"Barnstable Town, MA Metro Area",2022,107187,91438,39940.0,71999.0,115064.0,183177.0
12700,"Barnstable Town, MA Metro Area",2023,109475,89893,37084.0,73404.0,110545.0,180955.0
12700,"Barnstable Town, MA Metro Area",2024,112945,87925,39749.0,71454.0,111374.0,183437.0
12940,"Baton Rouge, LA Metro Area",2005,273980,40904,,,,
12940,"Baton Rouge, LA Metro Area",2006,279234,42874,16067.0,33070.0,54803.0,86451.0
12940,"Baton Rouge, LA Metro Area",2007,287639,44660,18035.0,34919.0,55986.0,92092.0
12940,"Baton Rouge, LA Metro Area",2008,293615,48491,19018.0,38003.0,60477.0,98631.0
12940,"Baton Rouge, LA Metro Area",2009,294764,47814,19080.0,36375.0,60217.0,95212.0
12940,"Baton Rouge, LA Metro Area",2010,291692,48294,19472.0,37790.0,61230.0,97967.0
12940,"Baton Rouge, LA Metro Area",2011,294852,48441,17608.0,36967.0,63477.0,97824.0
12940,"Baton Rouge, LA Metro Area",2012,298690,50286,19030.0,38848.0,64113.0,100679.0
12940,"Baton Rouge, LA Metro Area",2013,301385,51134,19057.0,40502.0,65266.0,106365.0
12940,"Baton Rouge, LA Metro Area",2014,305096,52091,20250.0,40544.0,66345.0,106342.0
12940,"Baton Rouge, LA Metro Area",2015,300535,54774,20716.0,42197.0,70242.0,114089.0
12940,"Baton Rouge, LA Metro Area",2016,296740,52487,21193.0,41407.0,68294.0,113137.0
12940,"Baton Rouge, LA Metro Area",2017,299655,57401,21211.0,43691.0,72794.0,114561.0
12940,"Baton Rouge, LA Metro Area",2018,301509,57843,22985.0,45596.0,74882.0,123408.0
12940,"Baton Rouge, LA Metro Area",2019,305441,60746,22938.0,47951.0,78414.0,124539.0
12940,"Baton Rouge, LA Metro Area",2021,328816,58276,23574.0,44811.0,74062.0,126918.0
12940,"Baton Rouge, LA Metro Area",2022,337685,64222,25624.0,50835.0,81346.0,129374.0
12940,"Baton Rouge, LA Metro Area",2023,334402,64550,24876.0,48992.0,83324.0,137258.0
12940,"Baton Rouge, LA Metro Area",2024,343718,69293,24550.0,54473.0,88224.0,140033.0
12980,"Battle Creek, MI Metro Area",2005,54821,40223,,,,
12980,"Battle Creek, MI Metro Area",2006,53762,43421,16417.0,32732.0,53257.0,80526.0
12980,"Battle Creek, MI Metro Area",2007,54146,41150,17208.0,32647.0,50743.0,79240.0
12980,"Battle Creek, MI Metro Area",2008,52624,41181,17603.0,33653.0,50497.0,77978.0
12980,"Battle Creek, MI Metro Area",2009,54528,38507,17526.0,31690.0,47620.0,73932.0
12980,"Battle Creek, MI Metro Area",2010,52600,42921,19191.0,33173.0,51754.0,77893.0
12980,"Battle Creek, MI Metro Area",2011,51814,38666,16561.0,28971.0,49162.0,83037.0
12980,"Battle Creek, MI Metro Area",2012,53182,39190,19011.0,30994.0,49297.0,79152.0
12980,"Battle Creek, MI Metro Area",2013,52980,44520,20793.0,35427.0,55065.0,82004.0
12980,"Battle Creek, MI Metro Area",2014,52385,46088,20677.0,35751.0,54686.0,83103.0
12980,"Battle Creek, MI Metro Area",2015,53076,43084,18078.0,34189.0,54915.0,86160.0
12980,"Battle Creek, MI Metro Area",2016,52888,45902,19627.0,35980.0,58096.0,92719.0
12980,"Battle Creek, MI Metro Area",2017,54556,45386,18711.0,35878.0,56025.0,90315.0
12980,"Battle Creek, MI Metro Area",2018,53914,47204,22518.0,39048.0,58130.0,91537.0
12980,"Battle Creek, MI Metro Area",2019,53827,49055,24287.0,40248.0,63304.0,100607.0
12980,"Battle Creek, MI Metro Area",2021,53482,55192,23737.0,43128.0,69137.0,113690.0
12980,"Battle Creek, MI Metro Area",2022,53388,59522,28588.0,47207.0,69610.0,110499.0
12980,"Battle Creek, MI Metro Area",2023,54568,57514,25586.0,47416.0,72012.0,110523.0
12980,"Battle Creek, MI Metro Area",2024,53260,65024,30362.0,52601.0,77369.0,121408.0
13020,"Bay City, MI Metro Area",2005,45043,41384,,,,
13020,"Bay City, MI Metro Area",2006,44961,41774,16930.0,34446.0,51623.0,77355.0
13020,"Bay City, MI Metro Area",2007,43987,42375,21328.0,35477.0,52813.0,81898.0
13020,"Bay City, MI Metro Area",2008,43344,45913,20219.0,36612.0,54050.0,84914.0
13020,"Bay City, MI Metro Area",2009,44589,44029,21247.0,36435.0,50454.0,74720.0
13020,"Bay City, MI Metro Area",2010,44064,45451,19605.0,36792.0,54474.0,85034.0
13020,"Bay City, MI Metro Area",2011,43084,43361,18880.0,33940.0,53431.0,85796.0
13020,"Bay City, MI Metro Area",2012,43967,44548,19761.0,35700.0,54037.0,82715.0
13020,"Bay City, MI Metro Area",2013,44918,41281,17407.0,31430.0,52567.0,81281.0
13020,"Bay City, MI Metro Area",2014,42706,46844,19921.0,37686.0,61394.0,91578.0
13020,"Bay City, MI Metro Area",2015,42799,46560,19864.0,35814.0,56010.0,79714.0
13020,"Bay City, MI Metro Area",2016,43876,44756,20072.0,35790.0,55468.0,95019.0
13020,"Bay City, MI Metro Area",2017,44907,44770,19152.0,35730.0,55210.0,86075.0
13020,"Bay City, MI Metro Area",2018,44469,50606,23691.0,42269.0,62108.0,96486.0
13020,"Bay City, MI Metro Area",2019,44887,49610,24952.0,40682.0,61339.0,100554.0
13020,"Bay City, MI Metro Area",2021,45487,56911,25450.0,44521.0,68700.0,104509.0
13020,"Bay City, MI Metro Area",2022,44664,55134,23308.0,43638.0,70513.0,108358.0
13020,"Bay City, MI Metro Area",2023,44417,58675,24229.0,47644.0,74322.0,111629.0
13020,"Bay City, MI Metro Area",2024,46193,64694,31005.0,53642.0,78515.0,126310.0
13140,"Beaumont-Port Arthur, TX Metro Area",2005,144562,37623,,,,
13140,"Beaumont-Port Arthur, TX Metro Area",2006,142716,40588,16369.0,31303.0,51011.0,82397.0
13140,"Beaumont-Port Arthur, TX Metro Area",2007,141857,43583,18059.0,33814.0,55655.0,86168.0
13140,"Beaumont-Port Arthur, TX Metro Area",2008,146699,47772,18728.0,37699.0,60136.0,91909.0
13140,"Beaumont-Port Arthur, TX Metro Area",2009,150564,43852,15789.0,32957.0,56064.0,89133.0
13140,"Beaumont-Port Arthur, TX Metro Area",2010,140356,41291,15944.0,31600.0,52292.0,85100.0
13140,"Beaumont-Port Arthur, TX Metro Area",2011,144011,43176,18055.0,33309.0,53777.0,85495.0
13140,"Beaumont-Port Arthur, TX Metro Area",2012,143663,43421,17247.0,33830.0,55042.0,91443.0
13140,"Beaumont-Port Arthur, TX Metro Area",2013,150700,45019,16891.0,35244.0,55830.0,92175.0
13140,"Beaumont-Port Arthur, TX Metro Area",2014,152806,42494,16204.0,32468.0,54500.0,91068.0
13140,"Beaumont-Port Arthur, TX Metro Area",2015,153283,49787,20335.0,38389.0,61506.0,100287.0
13140,"Beaumont-Port Arthur, TX Metro Area",2016,152244,49364,19040.0,37687.0,65046.0,104010.0
13140,"Beaumont-Port Arthur, TX Metro Area",2017,149713,49875,20776.0,39354.0,63874.0,105161.0
13140,"Beaumont-Port Arthur, TX Metro Area",2018,145130,50378,20223.0,38246.0,62363.0,108254.0
13140,"Beaumont-Port Arthur, TX Metro Area",2019,142135,58818,22367.0,45366.0,72497.0,119663.0
13140,"Beaumont-Port Arthur, TX Metro Area",2021,148489,61429,25147.0,48364.0,78802.0,121731.0
13140,"Beaumont-Port Arthur, TX Metro Area",2022,152263,60067,23146.0,44819.0,77845.0,128603.0
13140,"Beaumont-Port Arthur, TX Metro Area",2023,150294,62896,25499.0,49444.0,79070.0,130181.0
13140,"Beaumont-Port Arthur, TX Metro Area",2024,152586,65775,26008.0,50745.0,83629.0,131685.0
13180,"Beaver Dam, WI Micro Area",2005,33865,50086,,,,
13180,"Beaver Dam, WI Micro Area",2006,32917,49266,25121.0,42089.0,57631.0,80704.0
13180,"Beaver Dam, WI Micro Area",2007,34235,51269,23412.0,42387.0,61604.0,85914.0
13180,"Beaver Dam, WI Micro Area",2008,34561,52397,25784.0,41976.0,63246.0,90107.0
13180,"Beaver Dam, WI Micro Area",2009,34087,49883,23654.0,40145.0,60226.0,84912.0
13180,"Beaver Dam, WI Micro Area",2010,33256,50797,25867.0,39815.0,59015.0,82111.0
13180,"Beaver Dam, WI Micro Area",2011,32762,51948,24064.0,42837.0,63338.0,89651.0
13180,"Beaver Dam, WI Micro Area",2012,33183,50781,25169.0,42225.0,60008.0,88632.0
13180,"Beaver Dam, WI Micro Area",2013,31784,51151,22668.0,41994.0,61848.0,88397.0
13180,"Beaver Dam, WI Micro Area",2014,33273,53139,25931.0,44282.0,65351.0,92559.0
13180,"Beaver Dam, WI Micro Area",2015,34805,55832,26656.0,42667.0,68498.0,96567.0
13180,"Beaver Dam, WI Micro Area",2016,34648,55856,27304.0,44153.0,65384.0,93151.0
13180,"Beaver Dam, WI Micro Area",2017,34228,56421,28818.0,43850.0,72581.0,100910.0
13180,"Beaver Dam, WI Micro Area",2018,35221,63077,28731.0,48450.0,76384.0,101251.0
13180,"Beaver Dam, WI Micro Area",2019,35104,61300,30298.0,52345.0,74923.0,114349.0
13180,"Beaver Dam, WI Micro Area",2021,36286,65773,32654.0,50173.0,78105.0,110038.0
13180,"Beaver Dam, WI Micro Area",2022,36407,67762,31218.0,54382.0,84675.0,121646.0
13180,"Beaver Dam, WI Micro Area",2023,35795,72736,37184.0,60894.0,90351.0,134862.0
13180,"Beaver Dam, WI Micro Area",2024,36266,78548,36380.0,61352.0,95472.0,134339.0
13220,"Beckley, WV Micro Area",2005,32870,30818,,,,
13220,"Beckley, WV Micro Area",2006,32302,38924,15303.0,28683.0,45085.0,68136.0
13220,"Beckley, WV Micro Area",2007,30515,39498,15003.0,30199.0,50035.0,71514.0
13220,"Beckley, WV Micro Area",2008,32394,33803,14066.0,25617.0,44463.0,68266.0
13220,"Beckley, WV Micro Area",2009,32614,35170,15044.0,26485.0,44871.0,71228.0
13220,"Beckley, WV Micro Area",2010,31514,37982,16947.0,29546.0,51557.0,81967.0
13220,"Beckley, WV Micro Area",2011,32121,38304,16661.0,29984.0,48841.0,82262.0
13220,"Beckley, WV Micro Area",2012,30834,40705,16616.0,32559.0,49026.0,78110.0
13220,"Beckley, WV Metro Area",2013,47633,36781,13478.0,28658.0,47860.0,79223.0
13220,"Beckley, WV Metro Area",2014,49335,39498,17656.0,31210.0,49445.0,76362.0
13220,"Beckley, WV Metro Area",2015,49070,37101,17062.0,30281.0,45939.0,73562.0
13220,"Beckley, WV Metro Area",2016,47940,44178,17492.0,34325.0,56997.0,85176.0
13220,"Beckley, WV Metro Area",2017,48342,42493,16050.0,33318.0,51627.0,81567.0
13220,"Beckley, WV Metro Area",2018,48632,38917,15647.0,29453.0,51876.0,82525.0
13220,"Beckley, WV Metro Area",2019,49117,44785,18178.0,32010.0,57276.0,89879.0
13220,"Beckley, WV Metro Area",2021,46282,38737,13705.0,32271.0,54189.0,85556.0
13220,"Beckley, WV Metro Area",2022,44109,52633,17407.0,40222.0,64458.0,100555.0
13220,"Beckley, WV Metro Area",2023,44847,52437,24008.0,42690.0,65778.0,99293.0
13220,"Beckley, WV Metro Area",2024,45634,51327,22984.0,40861.0,65451.0,107184.0
13380,"Bellingham, WA Metro Area",2005,74183,44248,,,,
13380,"Bellingham, WA Metro Area",2006,74795,43798,16437.0,36076.0,55092.0,84549.0
13380,"Bellingham, WA Metro Area",2007,75759,46506,20066.0,35340.0,58886.0,87105.0
13380,"Bellingham, WA Metro Area",2008,76031,47127,22690.0,38277.0,58982.0,85892.0
13380,"Bellingham, WA Metro Area",2009,77437,46490,19865.0,36222.0,57368.0,86224.0
13380,"Bellingham, WA Metro Area",2010,80288,49938,20311.0,38350.0,60774.0,89083.0
13380,"Bellingham, WA Metro Area",2011,79958,51500,22106.0,40238.0,63515.0,95519.0
13380,"Bellingham, WA Metro Area",2012,79029,51458,19417.0,39588.0,63073.0,97780.0
13380,"Bellingham, WA Metro Area",2013,78330,50186,19158.0,37547.0,65223.0,99661.0
13380,"Bellingham, WA Metro Area",2014,81973,53665,22022.0,42860.0,63804.0,97218.0
13380,"Bellingham, WA Metro Area",2015,80023,55016,24028.0,44074.0,69291.0,104568.0
13380,"Bellingham, WA Metro Area",2016,84011,56411,23259.0,45214.0,70266.0,107718.0
13380,"Bellingham, WA Metro Area",2017,88636,61186,25324.0,48744.0,75771.0,120657.0
13380,"Bellingham, WA Metro Area",2018,87080,62268,26108.0,50445.0,74154.0,109855.0
13380,"Bellingham, WA Metro Area",2019,88794,69372,30293.0,55565.0,84618.0,123347.0
13380,"Bellingham, WA Metro Area",2021,92219,72055,32065.0,54288.0,87118.0,137568.0
13380,"Bellingham, WA Metro Area",2022,94813,79220,31896.0,63020.0,96241.0,144820.0
13380,"Bellingham, WA Metro Area",2023,93449,74884,31966.0,59151.0,94639.0,151826.0
13380,"Bellingham, WA Metro Area",2024,97076,86162,34447.0,69802.0,106157.0,162767.0
13460,"Bend, OR Metro Area",2005,58589,49163,,,,
13460,"Bend, OR Metro Area",2006,59676,50637,24235.0,42497.0,59024.0,85317.0
13460,"Bend, OR Metro Area",2007,62622,55957,25423.0,46244.0,66689.0,96778.0
13460,"Bend, OR Metro Area",2008,63383,51487,25309.0,41593.0,61331.0,96280.0
13460,"Bend, OR Metro Area",2009,63885,52233,24157.0,41719.0,61580.0,93474.0
13460,"Bend, OR Metro Area",2010,64120,44680,20254.0,34994.0,56178.0,90385.0
13460,"Bend, OR Metro Area",2011,64678,46984,24022.0,37980.0,60907.0,89247.0
13460,"Bend, OR Metro Area",2012,66086,47576,19772.0,37937.0,59876.0,93980.0
13460,"Bend-Redmond, OR Metro Area",2013,65065,46791,18708.0,35449.0,61127.0,93473.0
13460,"Bend-Redmond, OR Metro Area",2014,66218,52006,25083.0,41203.0,65111.0,98944.0
13460,"Bend-Redmond, OR Metro Area",2015,69424,57373,25526.0,44487.0,69165.0,108166.0
13460,"Bend-Redmond, OR Metro Area",2016,71262,61870,30141.0,50259.0,73462.0,109903.0
13460,"Bend-Redmond, OR Metro Area",2017,74498,66273,29620.0,53574.0,76658.0,105090.0
13460,"Bend-Redmond, OR Metro Area",2018,79950,67577,29909.0,55056.0,81614.0,136206.0
13460,"Bend, OR Metro Area",2019,76528,71643,31479.0,56464.0,88114.0,133058.0
13460,"Bend, OR Metro Area",2021,83763,79796,36346.0,64361.0,94801.0,150419.0
13460,"Bend, OR Metro Area",2022,85108,82052,41296.0,65049.0,100892.0,161433.0
13460,"Bend, OR Metro Area",2023,107729,91658,38244.0,75151.0,113527.0,165448.0
13460,"Bend, OR Metro Area",2024,108005,95979,41622.0,77476.0,113900.0,166844.0
13740,"Billings, MT Metro Area",2005,59428,40807,,,,
13740,"Billings, MT Metro Area",2006,58418,43843,17956.0,34525.0,55361.0,80247.0
13740,"Billings, MT Metro Area",2007,59079,48312,22200.0,39963.0,56947.0,86216.0
13740,"Billings, MT Metro Area",2008,60295,50129,22233.0,39037.0,60704.0,91904.0
13740,"Billings, MT Metro Area",2009,61426,46372,22049.0,37979.0,57039.0,86413.0
13740,"Billings, MT Metro Area",2010,65861,47968,23049.0,37984.0,57872.0,90081.0
13740,"Billings, MT Metro Area",2011,63921,46586,18024.0,35933.0,56125.0,88141.0
13740,"Billings, MT Metro Area",2012,65215,49255,22375.0,39087.0,61410.0,93231.0
13740,"Billings, MT Metro Area",2013,66597,52583,21392.0,42616.0,64933.0,100649.0
13740,"Billings, MT Metro Area",2014,66824,51111,21829.0,41811.0,63451.0,101833.0
13740,"Billings, MT Metro Area",2015,68021,57249,26446.0,44612.0,66743.0,100394.0
13740,"Billings, MT Metro Area",2016,69484,58037,26785.0,46929.0,71336.0,107783.0
13740,"Billings, MT Metro Area",2017,70979,58085,25526.0,45912.0,69474.0,106917.0
13740,"Billings, MT Metro Area",2018,71787,59623,23178.0,45923.0,71114.0,106286.0
13740,"Billings, MT Metro Area",2019,78108,60962,25404.0,49730.0,73918.0,121173.0
13740,"Billings, MT Metro Area",2021,77868,70018,30403.0,56458.0,83949.0,130287.0
13740,"Billings, MT Metro Area",2022,79190,78781,33445.0,63979.0,90528.0,137317.0
13740,"Billings, MT Metro Area",2023,81750,70849,31980.0,56671.0,90765.0,136796.0
13740,"Billings, MT Metro Area",2024,78816,77770,33553.0,61905.0,96991.0,150249.0
13780,"Binghamton, NY Metro Area",2005,101519,38343,,,,
13780,"Binghamton, NY Metro Area",2006,101502,42806,19066.0,35633.0,53273.0,82947.0
13780,"Binghamton, NY Metro Area",2007,99267,45243,18561.0,34582.0,56043.0,83891.0
13780,"Binghamton, NY Metro Area",2008,98248,45181,18810.0,35278.0,57918.0,88013.0
13780,"Binghamton, NY Metro Area",2009,99339,44279,19042.0,34124.0,53796.0,85214.0
13780,"Binghamton, NY Metro Area",2010,100830,45959,20181.0,36735.0,56088.0,85209.0
13780,"Binghamton, NY Metro Area",2011,100142,46323,18635.0,36274.0,56887.0,93143.0
13780,"Binghamton, NY Metro Area",2012,101258,48140,19761.0,37873.0,61065.0,93326.0
13780,"Binghamton, NY Metro Area",2013,96729,46836,19018.0,35776.0,59810.0,92405.0
13780,"Binghamton, NY Metro Area",2014,99298,48188,19328.0,38009.0,59996.0,96512.0
13780,"Binghamton, NY Metro Area",2015,97883,49386,19746.0,37933.0,63008.0,100005.0
13780,"Binghamton, NY Metro Area",2016,96261,51360,20572.0,39610.0,63125.0,99201.0
13780,"Binghamton, NY Metro Area",2017,99370,50545,20151.0,39017.0,63895.0,96620.0
13780,"Binghamton, NY Metro Area",2018,95740,53199,20016.0,41332.0,66461.0,101287.0
13780,"Binghamton, NY Metro Area",2019,99300,53768,20861.0,42025.0,66595.0,101823.0
13780,"Binghamton, NY Metro Area",2021,105514,56968,23547.0,44415.0,73687.0,116620.0
13780,"Binghamton, NY Metro Area",2022,102017,63427,24574.0,50468.0,79291.0,120163.0
13780,"Binghamton, NY Metro Area",2023,99826,64035,27365.0,50176.0,82380.0,122182.0
13780,"Binghamton, NY Metro Area",2024,102127,65599,25870.0,53186.0,80481.0,121815.0
13820,"Birmingham-Hoover, AL Metro Area",2005,427776,43802,,,,
13820,"Birmingham-Hoover, AL Metro Area",2006,426691,44534,17841.0,34578.0,55567.0,88235.0
13820,"Birmingham-Hoover, AL Metro Area",2007,431741,47196,19732.0,36921.0,58014.0,93306.0
13820,"Birmingham-Hoover, AL Metro Area",2008,432089,49320,20560.0,38538.0,60017.0,97661.0
13820,"Birmingham-Hoover, AL Metro Area",2009,445499,44868,19168.0,35994.0,55901.0,90655.0
13820,"Birmingham-Hoover, AL Metro Area",2010,430441,44216,18446.0,35149.0,55813.0,90820.0
13820,"Birmingham-Hoover, AL Metro Area",2011,433066,45635,19126.0,35390.0,57713.0,94610.0
13820,"Birmingham-Hoover, AL Metro Area",2012,437667,46763,18232.0,36240.0,59412.0,94348.0
13820,"Birmingham-Hoover, AL Metro Area",2013,431462,48328,19875.0,37268.0,60863.0,98119.0
13820,"Birmingham-Hoover, AL Metro Area",2014,439531,47046,19026.0,36199.0,60271.0,96557.0
13820,"Birmingham-Hoover, AL Metro Area",2015,441762,51459,20240.0,39472.0,64493.0,101699.0
13820,"Birmingham-Hoover, AL Metro Area",2016,438479,52226,21010.0,40835.0,66842.0,103577.0
13820,"Birmingham-Hoover, AL Metro Area",2017,439543,53107,21016.0,41334.0,66455.0,108402.0
13820,"Birmingham-Hoover, AL Metro Area",2018,435832,56409,22569.0,44470.0,70790.0,112691.0
13820,"Birmingham-Hoover, AL Metro Area",2019,428665,58366,23187.0,45243.0,73320.0,120364.0
13820,"Birmingham-Hoover, AL Metro Area",2021,436615,60725,24273.0,48446.0,76284.0,124380.0
13820,"Birmingham-Hoover, AL Metro Area",2022,443821,67242,26544.0,53221.0,84983.0,138114.0
13820,"Birmingham, AL Metro Area",2023,471767,69284,27907.0,54601.0,86734.0,137737.0
13820,"Birmingham, AL Metro Area",2024,476816,74954,30763.0,59523.0,91748.0,145886.0
13900,"Bismarck, ND Metro Area",2005,40365,41252,,,,
13900,"Bismarck, ND Metro Area",2006,42282,47467,20196.0,37823.0,56271.0,82303.0
13900,"Bismarck, ND Metro Area",2007,42170,50588,22300.0,40470.0,59678.0,89647.0
13900,"Bismarck, ND Metro Area",2008,42273,53620,24002.0,41255.0,65000.0,91938.0
13900,"Bismarck, ND Metro Area",2009,43837,55748,25145.0,44310.0,70874.0,97720.0
13900,"Bismarck, ND Metro Area",2010,44857,53403,23496.0,41981.0,65746.0,95131.0
13900,"Bismarck, ND Metro Area",2011,45689,58781,24580.0,46013.0,71095.0,104632.0
13900,"Bismarck, ND Metro Area",2012,46991,62028,31108.0,50238.0,75689.0,109677.0
13900,"Bismarck, ND Metro Area",2013,50980,64626,30304.0,50924.0,81485.0,113610.0
13900,"Bismarck, ND Metro Area",2014,53813,63356,29253.0,51626.0,76003.0,111247.0
13900,"Bismarck, ND Metro Area",2015,55092,65173,29923.0,51189.0,80699.0,123114.0
13900,"Bismarck, ND Metro Area",2016,54085,65527,30082.0,52412.0,81580.0,120592.0
13900,"Bismarck, ND Metro Area",2017,55632,66087,26164.0,54628.0,79715.0,124964.0
13900,"Bismarck, ND Metro Area",2018,56382,70550,33791.0,59409.0,89096.0,123950.0
13900,"Bismarck, ND Metro Area",2019,52396,70979,32363.0,56057.0,88156.0,127101.0
13900,"Bismarck, ND Metro Area",2021,52921,67793,30750.0,54197.0,85621.0,129357.0
13900,"Bismarck, ND Metro Area",2022,56463,77969,35353.0,62607.0,99486.0,153448.0
13900,"Bismarck, ND Metro Area",2023,57951,83440,35965.0,64935.0,105719.0,146241.0
13900,"Bismarck, ND Metro Area",2024,58657,86769,41200.0,64438.0,101963.0,154297.0
13980,"Blacksburg-Christiansburg-Radford, VA Metro Area",2005,57871,33187,,,,
13980,"Blacksburg-Christiansburg-Radford, VA Metro Area",2006,58647,36500,14245.0,27961.0,46097.0,74395.0
13980,"Blacksburg-Christiansburg-Radford, VA Metro Area",2007,62089,39462,14440.0,30099.0,52040.0,81090.0
13980,"Blacksburg-Christiansburg-Radford, VA Metro Area",2008,62291,41402,16890.0,31765.0,51974.0,86683.0
13980,"Blacksburg-Christiansburg-Radford, VA Metro Area",2009,60904,40623,15018.0,32283.0,49297.0,75958.0
13980,"Blacksburg-Christiansburg-Radford, VA Metro Area",2010,62446,40127,14769.0,29700.0,49465.0,79757.0
13980,"Blacksburg-Christiansburg-Radford, VA Metro Area",2011,61522,40947,15749.0,31146.0,52148.0,87574.0
13980,"Blacksburg-Christiansburg-Radford, VA Metro Area",2012,63346,42455,14649.0,32068.0,51696.0,85340.0
13980,"Blacksburg-Christiansburg-Radford, VA Metro Area",2013,69246,42242,16291.0,35624.0,52334.0,84719.0
13980,"Blacksburg-Christiansburg-Radford, VA Metro Area",2014,67185,43709,16264.0,35470.0,54434.0,85461.0
13980,"Blacksburg-Christiansburg-Radford, VA Metro Area",2015,69396,50947,19634.0,38861.0,60970.0,99706.0
13980,"Blacksburg-Christiansburg-Radford, VA Metro Area",2016,70441,50950,18916.0,39893.0,61147.0,95662.0
13980,"Blacksburg-Christiansburg-Radford, VA Metro Area",2017,66947,52075,20479.0,41414.0,66078.0,103634.0
13980,"Blacksburg-Christiansburg-Radford, VA Metro Area",2018,68412,50313,17353.0,39445.0,60864.0,94226.0
13980,"Blacksburg-Christiansburg, VA Metro Area",2019,62114,56092,21283.0,43436.0,66510.0,103235.0
13980,"Blacksburg-Christiansburg, VA Metro Area",2021,66952,54737,18301.0,40505.0,67927.0,109259.0
13980,"Blacksburg-Christiansburg, VA Metro Area",2022,62348,65496,24482.0,53110.0,83355.0,130712.0
13980,"Blacksburg-Christiansburg-Radford, VA Metro Area",2023,71419,61309,23461.0,45378.0,78851.0,126254.0
13980,"Blacksburg-Christiansburg-Radford, VA Metro Area",2024,70948,65518,26420.0,49265.0,84678.0,142120.0
14010,"Bloomington, IL Metro Area",2013,72165,61401,23381.0,48310.0,77366.0,114907.0
14010,"Bloomington, IL Metro Area",2014,72551,57592,25081.0,45928.0,70975.0,113961.0
14010,"Bloomington, IL Metro Area",2015,72767,63842,26019.0,51231.0,80486.0,126589.0
14010,"Bloomington, IL Metro Area",2016,71716,61320,26699.0,50253.0,77048.0,125547.0
14010,"Bloomington, IL Metro Area",2017,71476,65936,19003.0,50038.0,82864.0,130046.0
14010,"Bloomington, IL Metro Area",2018,73580,64822,23448.0,50509.0,79494.0,122383.0
14010,"Bloomington, IL Metro Area",2019,65118,68784,23585.0,53197.0,85934.0,131362.0
14010,"Bloomington, IL Metro Area",2021,69263,69612,26287.0,52777.0,85983.0,142136.0
14010,"Bloomington, IL Metro Area",2022,68879,70674,30603.0,56986.0,86870.0,140456.0
14010,"Bloomington, IL Metro Area",2023,71060,77200,30228.0,59479.0,99851.0,158454.0
14010,"Bloomington, IL Metro Area",2024,72947,81240,30825.0,60812.0,97606.0,160936.0
14020,"Bloomington, IN Metro Area",2005,68692,35208,,,,
14020,"Bloomington, IN Metro Area",2006,66384,37324,15301.0,28728.0,48206.0,77370.0
14020,"Bloomington, IN Metro Area",2007,70431,39590,13335.0,29570.0,50876.0,77455.0
14020,"Bloomington, IN Metro Area",2008,74805,39688,14538.0,30635.0,52004.0,81479.0
14020,"Bloomington, IN Metro Area",2009,75989,37365,15127.0,28696.0,48809.0,75272.0
14020,"Bloomington, IN Metro Area",2010,74442,38143,13890.0,28572.0,48776.0,81026.0
14020,"Bloomington, IN Metro Area",2011,75591,39330,13600.0,29502.0,49880.0,80385.0
14020,"Bloomington, IN Metro Area",2012,76163,38794,15276.0,30810.0,49455.0,82916.0
14020,"Bloomington, IN Metro Area",2013,61647,42085,14175.0,32659.0,57551.0,90484.0
14020,"Bloomington, IN Metro Area",2014,61929,44963,15852.0,34857.0,55576.0,90306.0
14020,"Bloomington, IN Metro Area",2015,62702,44376,15778.0,32121.0,55687.0,95602.0
14020,"Bloomington, IN Metro Area",2016,64040,43693,16699.0,36034.0,57563.0,91447.0
14020,"Bloomington, IN Metro Area",2017,64763,49043,17254.0,39057.0,61087.0,104920.0
14020,"Bloomington, IN Metro Area",2018,65571,47335,19186.0,37375.0,59297.0,96441.0
14020,"Bloomington, IN Metro Area",2019,62229,52526,20805.0,41430.0,68093.0,106255.0
14020,"Bloomington, IN Metro Area",2021,65340,52588,18894.0,41189.0,67270.0,108574.0
14020,"Bloomington, IN Metro Area",2022,68801,64639,21083.0,50803.0,83366.0,127419.0
14020,"Bloomington, IN Metro Area",2023,70681,58666,24816.0,46789.0,76539.0,132324.0
14020,"Bloomington, IN Metro Area",2024,68661,67243,24884.0,51461.0,85174.0,134367.0
14060,"Bloomington-Normal, IL Metro Area",2005,58846,51563,,,,
14060,"Bloomington-Normal, IL Metro Area",2006,61700,51035,21315.0,39795.0,62267.0,97837.0
14060,"Bloomington-Normal, IL Metro Area",2007,62671,54071,23565.0,41067.0,67456.0,100945.0
14060,"Bloomington-Normal, IL Metro Area",2008,62806,58117,24318.0,46947.0,70286.0,102717.0
14060,"Bloomington-Normal, IL Metro Area",2009,63982,56027,22198.0,43744.0,69587.0,107790.0
14060,"Bloomington-Normal, IL Metro Area",2010,61576,59588,24506.0,47358.0,73107.0,111581.0
14060,"Bloomington-Normal, IL Metro Area",2011,63240,57799,21037.0,44403.0,73531.0,113104.0
14060,"Bloomington-Normal, IL Metro Area",2012,65744,62117,22308.0,46934.0,74646.0,115254.0
14100,"Bloomsburg-Berwick, PA Micro Area",2005,33224,37402,,,,
14100,"Bloomsburg-Berwick, PA Micro Area",2006,32870,39745,16906.0,31530.0,48231.0,72715.0
14100,"Bloomsburg-Berwick, PA Micro Area",2007,32603,42979,17170.0,34640.0,51236.0,79097.0
14100,"Bloomsburg-Berwick, PA Micro Area",2008,32540,43457,20742.0,36344.0,51234.0,76939.0
14100,"Bloomsburg-Berwick, PA Micro Area",2009,33584,43011,20415.0,34733.0,52397.0,84693.0
14100,"Bloomsburg-Berwick, PA Micro Area",2010,33929,42729,18160.0,35881.0,52264.0,82029.0
14100,"Bloomsburg-Berwick, PA Micro Area",2011,32928,40628,16291.0,31287.0,52129.0,83590.0
14100,"Bloomsburg-Berwick, PA Micro Area",2012,33705,48553,21115.0,36731.0,58463.0,88573.0
14100,"Bloomsburg-Berwick, PA Metro Area",2013,33976,48007,17809.0,37574.0,59324.0,96018.0
14100,"Bloomsburg-Berwick, PA Metro Area",2014,33873,49670,21198.0,39895.0,60135.0,94688.0
14100,"Bloomsburg-Berwick, PA Metro Area",2015,33140,46688,19661.0,36112.0,60589.0,91414.0
14100,"Bloomsburg-Berwick, PA Metro Area",2016,33824,50038,21300.0,39516.0,62037.0,99276.0
14100,"Bloomsburg-Berwick, PA Metro Area",2017,33823,54137,22236.0,42975.0,65509.0,96806.0
14100,"Bloomsburg-Berwick, PA Metro Area",2018,34470,50984,20946.0,38129.0,62413.0,101091.0
14100,"Bloomsburg-Berwick, PA Metro Area",2019,33738,56672,23521.0,42506.0,71181.0,109896.0
14100,"Bloomsburg-Berwick, PA Metro Area",2021,33496,57046,20127.0,45108.0,72737.0,113180.0
14100,"Bloomsburg-Berwick, PA Metro Area",2022,34895,62314,25156.0,50040.0,76971.0,123699.0
14100,"Bloomsburg-Berwick, PA Micro Area",2023,25929,63683,26156.0,45880.0,76522.0,122660.0
14100,"Bloomsburg-Berwick, PA Micro Area",2024,28024,64360,25788.0,51296.0,75603.0,119717.0
14140,"Bluefield, WV-VA Micro Area",2005,44325,30395,,,,
14140,"Bluefield, WV-VA Micro Area",2006,42978,29261,12855.0,22830.0,35790.0,61395.0
14140,"Bluefield, WV-VA Micro Area",2007,42417,31548,11017.0,21698.0,40480.0,62204.0
14140,"Bluefield, WV-VA Micro Area",2008,43033,33654,14043.0,26317.0,43169.0,64996.0
14140,"Bluefield, WV-VA Micro Area",2009,43779,33398,14359.0,25161.0,43841.0,70726.0
14140,"Bluefield, WV-VA Micro Area",2010,44395,31841,14516.0,25717.0,39423.0,59846.0
14140,"Bluefield, WV-VA Micro Area",2011,44410,34032,15681.0,26665.0,42030.0,67347.0
14140,"Bluefield, WV-VA Micro Area",2012,43794,32863,15193.0,25485.0,40734.0,70614.0
14140,"Bluefield, WV-VA Micro Area",2013,43087,36047,14096.0,26553.0,46335.0,80230.0
14140,"Bluefield, WV-VA Micro Area",2014,42039,36690,14114.0,26485.0,45938.0,75773.0
14140,"Bluefield, WV-VA Micro Area",2015,41838,37965,15952.0,28921.0,48823.0,74726.0
14140,"Bluefield, WV-VA Micro Area",2016,40816,38488,16688.0,31491.0,46571.0,73354.0
14140,"Bluefield, WV-VA Micro Area",2017,40842,35964,16957.0,27941.0,44756.0,71948.0
14140,"Bluefield, WV-VA Micro Area",2018,42744,39276,18783.0,32076.0,46579.0,75346.0
14140,"Bluefield, WV-VA Micro Area",2019,43697,42713,16389.0,31880.0,51902.0,80008.0
14140,"Bluefield, WV-VA Micro Area",2021,41692,45300,17634.0,33031.0,55928.0,97603.0
14140,"Bluefield, WV-VA Micro Area",2022,42900,45643,20183.0,34429.0,61427.0,95991.0
14140,"Bluefield, WV-VA Micro Area",2023,41700,43015,20800.0,35394.0,57635.0,86871.0
14140,"Bluefield, WV-VA Micro Area",2024,40809,55427,22834.0,41381.0,66432.0,105356.0
14260,"Boise City-Nampa, ID Metro Area",2005,204078,46960,,,,
14260,"Boise City-Nampa, ID Metro Area",2006,213517,49833,23984.0,40261.0,59360.0,86726.0
14260,"Boise City-Nampa, ID Metro Area",2007,219026,49888,24485.0,40132.0,60046.0,91441.0
14260,"Boise City-Nampa, ID Metro Area",2008,220397,51972,25071.0,42502.0,62703.0,90352.0
14260,"Boise City-Nampa, ID Metro Area",2009,218186,48284,22509.0,38732.0,58211.0,87034.0
14260,"Boise City-Nampa, ID Metro Area",2010,225007,47237,21257.0,37744.0,57183.0,88042.0
14260,"Boise City-Nampa, ID Metro Area",2011,227276,45065,19680.0,36181.0,54793.0,85827.0
14260,"Boise City-Nampa, ID Metro Area",2012,231388,48968,21878.0,39268.0,59794.0,91352.0
14260,"Boise City, ID Metro Area",2013,233789,49583,22115.0,40250.0,60986.0,92376.0
14260,"Boise City, ID Metro Area",2014,240402,51826,23017.0,41569.0,62606.0,99634.0
14260,"Boise City, ID Metro Area",2015,245109,51925,21802.0,40737.0,63999.0,101555.0
14260,"Boise City, ID Metro Area",2016,251142,55162,24162.0,44217.0,66668.0,103466.0
14260,"Boise City, ID Metro Area",2017,257970,55324,24837.0,45239.0,67749.0,106507.0
14260,"Boise City, ID Metro Area",2018,268289,61407,27228.0,49252.0,72408.0,109920.0
14260,"Boise City, ID Metro Area",2019,275681,66466,32042.0,55272.0,81255.0,123628.0
14260,"Boise City, ID Metro Area",2021,294959,73343,34044.0,60209.0,88755.0,130330.0
14260,"Boise City, ID Metro Area",2022,302858,80928,39599.0,65636.0,95435.0,144003.0
14260,"Boise City, ID Metro Area",2023,314846,82526,40887.0,67442.0,100586.0,151538.0
14260,"Boise City, ID Metro Area",2024,323571,88695,41810.0,72849.0,106411.0,158523.0
14460,"Boston-Cambridge-Quincy, MA-NH Metro Area",2005,1682319,62068,,,,
14460,"Boston-Cambridge-Quincy, MA-NH Metro Area",2006,1684493,64144,25330.0,51318.0,80030.0,121752.0
14460,"Boston-Cambridge-Quincy, MA-NH Metro Area",2007,1684749,68142,26517.0,52836.0,83996.0,129425.0
14460,"Boston-Cambridge-Quincy, MA-NH Metro Area",2008,1707169,71361,27098.0,55439.0,88170.0,136072.0
14460,"Boston-Cambridge-Quincy, MA-NH Metro Area",2009,1705413,69334,27102.0,54470.0,86670.0,134117.0
14460,"Boston-Cambridge-Quincy, MA-NH Metro Area",2010,1745690,68020,26127.0,52934.0,85263.0,133480.0
14460,"Boston-Cambridge-Quincy, MA-NH Metro Area",2011,1761868,69455,25572.0,53149.0,87012.0,137376.0
14460,"Boston-Cambridge-Quincy, MA-NH Metro Area",2012,1757711,71738,26486.0,55345.0,90323.0,141268.0
14460,"Boston-Cambridge-Newton, MA-NH Metro Area",2013,1763437,72907,27425.0,56996.0,91384.0,145248.0
14460,"Boston-Cambridge-Newton, MA-NH Metro Area",2014,1777817,75667,27883.0,58587.0,96012.0,151641.0
14460,"Boston-Cambridge-Newton, MA-NH Metro Area",2015,1782655,78800,29551.0,60542.0,100046.0,155243.0
14460,"Boston-Cambridge-Newton, MA-NH Metro Area",2016,1803269,82380,31367.0,64209.0,102766.0,162516.0
14460,"Boston-Cambridge-Newton, MA-NH Metro Area",2017,1823034,85691,31467.0,66725.0,107076.0,170183.0
14460,"Boston-Cambridge-Newton, MA-NH Metro Area",2018,1847798,88711,32488.0,68604.0,111070.0,176052.0
14460,"Boston-Cambridge-Newton, MA-NH Metro Area",2019,1855763,94430,36615.0,73879.0,119202.0,186158.0
14460,"Boston-Cambridge-Newton, MA-NH Metro Area",2021,1920160,100750,37501.0,77961.0,125760.0,201398.0
14460,"Boston-Cambridge-Newton, MA-NH Metro Area",2022,1948354,104299,39441.0,81079.0,131906.0,212916.0
14460,"Boston-Cambridge-Newton, MA-NH Metro Area",2023,1949953,110697,41083.0,85510.0,139160.0,222745.0
14460,"Boston-Cambridge-Newton, MA-NH Metro Area",2024,1970240,117825,44537.0,91948.0,147067.0,233793.0
14500,"Boulder, CO Metro Area",2005,113405,57502,,,,
14500,"Boulder, CO Metro Area",2006,112947,61748,25467.0,46957.0,74817.0,124505.0
14500,"Boulder, CO Metro Area",2007,114056,63257,24767.0,48248.0,78365.0,128341.0
14500,"Boulder, CO Metro Area",2008,118434,66463,27385.0,54141.0,82006.0,134128.0
14500,"Boulder, CO Metro Area",2009,117222,63431,26903.0,47764.0,80151.0,126280.0
14500,"Boulder, CO Metro Area",2010,119774,61859,24226.0,46498.0,77477.0,126388.0
14500,"Boulder, CO Metro Area",2011,118559,68637,25924.0,51511.0,86647.0,142005.0
14500,"Boulder, CO Metro Area",2012,121743,66989,25213.0,51408.0,85951.0,138888.0
14500,"Boulder, CO Metro Area",2013,123498,71604,27211.0,55437.0,86719.0,139377.0
14500,"Boulder, CO Metro Area",2014,123690,71540,27550.0,55946.0,89397.0,143179.0
14500,"Boulder, CO Metro Area",2015,124615,72009,31427.0,53565.0,91547.0,152447.0
14500,"Boulder, CO Metro Area",2016,123820,74615,29589.0,56032.0,95990.0,155144.0
14500,"Boulder, CO Metro Area",2017,128497,80834,32461.0,63669.0,102792.0,162218.0
14500,"Boulder, CO Metro Area",2018,128295,83755,31676.0,64300.0,103940.0,169890.0
14500,"Boulder, CO Metro Area",2019,131854,88535,35843.0,70771.0,106939.0,176656.0
14500,"Boulder, CO Metro Area",2021,135607,90168,36869.0,70026.0,118318.0,189112.0
14500,"Boulder, CO Metro Area",2022,137786,96079,37488.0,77570.0,121162.0,203094.0
14500,"Boulder, CO Metro Area",2023,137425,95363,36256.0,71848.0,124765.0,205472.0
14500,"Boulder, CO Metro Area",2024,140238,102697,40194.0,81308.0,128480.0,219735.0
14540,"Bowling Green, KY Metro Area",2005,44991,40324,,,,
14540,"Bowling Green, KY Metro Area",2006,43733,42051,17585.0,32992.0,51167.0,78165.0
14540,"Bowling Green, KY Metro Area",2007,45776,41214,17865.0,32402.0,50165.0,80264.0
14540,"Bowling Green, KY Metro Area",2008,47135,42177,18419.0,31525.0,50210.0,77609.0
14540,"Bowling Green, KY Metro Area",2009,47479,41097,16083.0,31016.0,52629.0,81205.0
14540,"Bowling Green, KY Metro Area",2010,47972,39092,16596.0,29462.0,50582.0,85634.0
14540,"Bowling Green, KY Metro Area",2011,48500,38783,14780.0,30669.0,50063.0,81087.0
14540,"Bowling Green, KY Metro Area",2012,50137,41140,16050.0,32745.0,51833.0,79384.0
14540,"Bowling Green, KY Metro Area",2013,62741,46586,18244.0,37415.0,56446.0,86542.0
14540,"Bowling Green, KY Metro Area",2014,61834,47277,19143.0,37071.0,57774.0,85635.0
14540,"Bowling Green, KY Metro Area",2015,62500,43437,18136.0,35665.0,53580.0,86871.0
14540,"Bowling Green, KY Metro Area",2016,65832,45649,20334.0,35648.0,54399.0,87431.0
14540,"Bowling Green, KY Metro Area",2017,65444,46478,21139.0,37753.0,58568.0,95400.0
14540,"Bowling Green, KY Metro Area",2018,67424,51365,20092.0,38668.0,62170.0,96044.0
14540,"Bowling Green, KY Metro Area",2019,66318,51198,22480.0,41259.0,63127.0,98170.0
14540,"Bowling Green, KY Metro Area",2021,71929,57057,21839.0,42243.0,70842.0,104149.0
14540,"Bowling Green, KY Metro Area",2022,72037,59629,23378.0,46819.0,72973.0,116708.0
14540,"Bowling Green, KY Metro Area",2023,77804,60620,27434.0,47166.0,73580.0,109566.0
14540,"Bowling Green, KY Metro Area",2024,77222,65869,29960.0,52178.0,79179.0,118941.0
14580,"Bozeman, MT Micro Area",2005,30601,45987,,,,
14580,"Bozeman, MT Micro Area",2006,32040,47532,25164.0,40193.0,56786.0,85358.0
14580,"Bozeman, MT Micro Area",2007,33625,51096,22198.0,41069.0,62337.0,90890.0
14580,"Bozeman, MT Micro Area",2008,34221,53081,29179.0,45357.0,66106.0,100291.0
14580,"Bozeman, MT Micro Area",2009,33860,45607,21924.0,36611.0,54873.0,84305.0
14580,"Bozeman, MT Micro Area",2010,35344,49506,20824.0,37485.0,60090.0,91276.0
14580,"Bozeman, MT Micro Area",2011,37196,50302,25735.0,41330.0,66270.0,95351.0
14580,"Bozeman, MT Micro Area",2012,36191,52274,22300.0,42349.0,63097.0,97964.0
14580,"Bozeman, MT Micro Area",2013,37767,58809,22047.0,46259.0,70332.0,104819.0
14580,"Bozeman, MT Micro Area",2014,39067,50238,21798.0,40507.0,61219.0,97778.0
14580,"Bozeman, MT Micro Area",2015,40692,57535,26702.0,45883.0,68773.0,113951.0
14580,"Bozeman, MT Micro Area",2016,39644,61211,26177.0,49615.0,75179.0,126036.0
14580,"Bozeman, MT Micro Area",2017,44315,60901,27710.0,48809.0,78707.0,121983.0
14580,"Bozeman, MT Micro Area",2018,44423,68266,29229.0,55464.0,82758.0,116245.0
14580,"Bozeman, MT Micro Area",2019,46990,75418,32048.0,59690.0,90846.0,130865.0
14580,"Bozeman, MT Micro Area",2021,48796,80763,33911.0,66238.0,104539.0,183457.0
14580,"Bozeman, MT Micro Area",2022,52616,83064,38573.0,69940.0,98108.0,142013.0
14580,"Bozeman, MT Metro Area",2023,54621,91158,41668.0,74678.0,109901.0,164702.0
14580,"Bozeman, MT Metro Area",2024,53802,103918,47510.0,85848.0,125913.0,184812.0
14600,"Bradenton-Sarasota-Venice, FL Metro Area",2008,293837,47448,21941.0,38135.0,58781.0,93401.0
14600,"Bradenton-Sarasota-Venice, FL Metro Area",2009,291872,45377,19891.0,35871.0,55880.0,90202.0
14660,"Brainerd, MN Micro Area",2005,37932,41650,,,,
14660,"Brainerd, MN Micro Area",2006,39144,42269,19791.0,33137.0,50668.0,75885.0
14660,"Brainerd, MN Micro Area",2007,40001,40719,20404.0,33667.0,49891.0,76427.0
14660,"Brainerd, MN Micro Area",2008,40195,44758,20190.0,36141.0,52600.0,76851.0
14660,"Brainerd, MN Micro Area",2009,41899,41550,17968.0,33570.0,50535.0,78197.0
14660,"Brainerd, MN Micro Area",2010,40153,44028,18829.0,34591.0,53159.0,78450.0
14660,"Brainerd, MN Micro Area",2011,37968,45199,18965.0,35446.0,55314.0,85647.0
14660,"Brainerd, MN Micro Area",2012,39850,46294,21831.0,37716.0,56230.0,82446.0
14660,"Brainerd, MN Micro Area",2013,39510,49897,21022.0,39457.0,59931.0,86413.0
14660,"Brainerd, MN Micro Area",2014,39920,48463,22062.0,38717.0,59185.0,88697.0
14660,"Brainerd, MN Micro Area",2015,39747,50042,23229.0,40302.0,61944.0,92816.0
14660,"Brainerd, MN Micro Area",2016,37034,51162,22398.0,40652.0,64555.0,103898.0
14660,"Brainerd, MN Micro Area",2017,38088,53543,23675.0,42854.0,65117.0,98015.0
14660,"Brainerd, MN Micro Area",2018,40501,51177,22311.0,41211.0,62478.0,99380.0
14660,"Brainerd, MN Micro Area",2019,42098,58222,26917.0,48469.0,69691.0,105184.0
14660,"Brainerd, MN Micro Area",2021,40853,62235,28647.0,51694.0,77852.0,117317.0
14660,"Brainerd, MN Micro Area",2022,41790,66887,30657.0,53759.0,82939.0,125414.0
14660,"Brainerd, MN Micro Area",2023,45248,70191,33413.0,55450.0,89485.0,132179.0
14660,"Brainerd, MN Micro Area",2024,44410,74050,31276.0,59342.0,90126.0,139816.0
14700,"Branson, MO Micro Area",2005,29737,36819,,,,
14700,"Branson, MO Micro Area",2006,33184,33051,14708.0,27045.0,42964.0,64169.0
14700,"Branson, MO Micro Area",2007,31528,38922,20467.0,31294.0,46065.0,66737.0
14700,"Branson, MO Micro Area",2008,30187,43266,20075.0,34672.0,51644.0,76601.0
14700,"Branson, MO Micro Area",2009,32601,39956,18419.0,31973.0,50008.0,75883.0
14700,"Branson, MO Micro Area",2010,30461,35897,15721.0,29036.0,44324.0,71129.0
14700,"Branson, MO Micro Area",2011,34352,37299,15820.0,30149.0,43026.0,68640.0
14700,"Branson, MO Micro Area",2012,32180,37558,18922.0,31073.0,46399.0,68025.0
14700,"Branson, MO Micro Area",2013,34561,35444,18523.0,29991.0,46934.0,73202.0
14700,"Branson, MO Micro Area",2014,35340,37821,17568.0,30341.0,46091.0,69460.0
14700,"Branson, MO Micro Area",2015,34749,41714,19998.0,35070.0,50559.0,79554.0
14700,"Branson, MO Micro Area",2016,34723,40633,20502.0,33582.0,49960.0,77941.0
14700,"Branson, MO Micro Area",2017,32848,45955,23482.0,38207.0,55576.0,81452.0
14700,"Branson, MO Micro Area",2018,36201,41913,19302.0,35969.0,51171.0,83271.0
14740,"Bremerton-Silverdale, WA Metro Area",2005,92477,52981,,,,
14740,"Bremerton-Silverdale, WA Metro Area",2006,92239,55257,26628.0,45670.0,66695.0,100211.0
14740,"Bremerton-Silverdale, WA Metro Area",2007,90010,57474,26695.0,48194.0,68491.0,104373.0
14740,"Bremerton-Silverdale, WA Metro Area",2008,93399,59333,25427.0,46974.0,70887.0,107224.0
14740,"Bremerton-Silverdale, WA Metro Area",2009,90756,60882,29886.0,49858.0,75283.0,115580.0
14740,"Bremerton-Silverdale, WA Metro Area",2010,99150,56303,27532.0,46805.0,68394.0,101677.0
14740,"Bremerton-Silverdale, WA Metro Area",2011,100688,60314,27038.0,47477.0,71996.0,109410.0
14740,"Bremerton-Silverdale, WA Metro Area",2012,97027,59073,28122.0,49809.0,71631.0,110189.0
14740,"Bremerton-Silverdale, WA Metro Area",2013,97854,62672,27710.0,50940.0,78125.0,115572.0
14740,"Bremerton-Silverdale, WA Metro Area",2014,95249,61794,25946.0,49713.0,74722.0,113322.0
14740,"Bremerton-Silverdale, WA Metro Area",2015,98490,66090,31063.0,54328.0,80630.0,116976.0
14740,"Bremerton-Silverdale, WA Metro Area",2016,101995,69171,30877.0,55797.0,82190.0,121143.0
14740,"Bremerton-Silverdale, WA Metro Area",2017,104902,73026,33223.0,61016.0,86820.0,126255.0
14740,"Bremerton-Silverdale, WA Metro Area",2018,105411,76945,35072.0,61500.0,93550.0,139864.0
14740,"Bremerton-Silverdale-Port Orchard, WA Metro Area",2019,107525,79624,40927.0,65959.0,95290.0,140132.0
14740,"Bremerton-Silverdale-Port Orchard, WA Metro Area",2021,106399,87314,40439.0,68410.0,104555.0,159244.0
14740,"Bremerton-Silverdale-Port Orchard, WA Metro Area",2022,109245,94775,44664.0,79189.0,112681.0,163892.0
14740,"Bremerton-Silverdale-Port Orchard, WA Metro Area",2023,109652,99609,46277.0,80665.0,121099.0,175213.0
14740,"Bremerton-Silverdale-Port Orchard, WA Metro Area",2024,112022,109052,48794.0,89671.0,128844.0,187965.0
14860,"Bridgeport-Stamford-Norwalk, CT Metro Area",2005,324735,71633,,,,
14860,"Bridgeport-Stamford-Norwalk, CT Metro Area",2006,325913,76671,30396.0,61272.0,95425.0,158764.0
14860,"Bridgeport-Stamford-Norwalk, CT Metro Area",2007,323848,80241,33353.0,62366.0,101362.0,176191.0
14860,"Bridgeport-Stamford-Norwalk, CT Metro Area",2008,323987,84545,31832.0,65350.0,105100.0,181086.0
14860,"Bridgeport-Stamford-Norwalk, CT Metro Area",2009,329241,79063,30818.0,61891.0,99699.0,167004.0
14860,"Bridgeport-Stamford-Norwalk, CT Metro Area",2010,329091,74831,28104.0,57672.0,95131.0,157929.0
14860,"Bridgeport-Stamford-Norwalk, CT Metro Area",2011,331530,77289,29481.0,59254.0,99014.0,173193.0
14860,"Bridgeport-Stamford-Norwalk, CT Metro Area",2012,334255,79841,30190.0,61688.0,103679.0,177416.0
14860,"Bridgeport-Stamford-Norwalk, CT Metro Area",2013,328062,82084,30493.0,62484.0,104182.0,185704.0
14860,"Bridgeport-Stamford-Norwalk, CT Metro Area",2014,338421,85925,31333.0,66215.0,109404.0,192497.0
14860,"Bridgeport-Stamford-Norwalk, CT Metro Area",2015,333528,86414,32198.0,66399.0,108108.0,187157.0
14860,"Bridgeport-Stamford-Norwalk, CT Metro Area",2016,335318,90123,34119.0,67975.0,114247.0,193747.0
14860,"Bridgeport-Stamford-Norwalk, CT Metro Area",2017,336433,91198,34322.0,67611.0,117351.0,201255.0
14860,"Bridgeport-Stamford-Norwalk, CT Metro Area",2018,345634,91079,33936.0,68469.0,119763.0,204974.0
14860,"Bridgeport-Stamford-Norwalk, CT Metro Area",2019,340557,97053,37316.0,73286.0,126570.0,218757.0
14860,"Bridgeport-Stamford-Norwalk, CT Metro Area",2021,357271,100810,36067.0,75514.0,127824.0,228005.0
14860,"Bridgeport-Stamford-Norwalk, CT Metro Area",2022,357412,105968,38473.0,83003.0,135345.0,234528.0
14860,"Bridgeport-Stamford-Danbury, CT Metro Area",2023,356931,111058,41843.0,86585.0,142384.0,250001.0
14860,"Bridgeport-Stamford-Danbury, CT Metro Area",2024,359988,116402,44418.0,88430.0,151286.0,250001.0
14940,"Brigham City, UT-ID Micro Area",2023,22453,80966,39209.0,66575.0,94789.0,125047.0
14940,"Brigham City, UT-ID Micro Area",2024,22002,95901,48304.0,79408.0,111966.0,152250.0
15180,"Brownsville-Harlingen, TX Metro Area",2005,110166,24684,,,,
15180,"Brownsville-Harlingen, TX Metro Area",2006,116070,27672,11023.0,20874.0,33800.0,57121.0
15180,"Brownsville-Harlingen, TX Metro Area",2007,117508,29347,12034.0,22772.0,37537.0,61707.0
15180,"Brownsville-Harlingen, TX Metro Area",2008,117559,30622,11681.0,23498.0,39398.0,67170.0
15180,"Brownsville-Harlingen, TX Metro Area",2009,117030,30864,12027.0,23909.0,39371.0,65485.0
15180,"Brownsville-Harlingen, TX Metro Area",2010,115579,31736,12717.0,23511.0,39950.0,67454.0
15180,"Brownsville-Harlingen, TX Metro Area",2011,118782,32070,12599.0,25175.0,40644.0,68333.0
15180,"Brownsville-Harlingen, TX Metro Area",2012,121179,30953,12177.0,23614.0,40572.0,67386.0
15180,"Brownsville-Harlingen, TX Metro Area",2013,118546,34374,12975.0,26194.0,43749.0,74222.0
15180,"Brownsville-Harlingen, TX Metro Area",2014,121009,32093,11998.0,24448.0,42314.0,75043.0
15180,"Brownsville-Harlingen, TX Metro Area",2015,122468,34074,14108.0,25904.0,44752.0,80527.0
15180,"Brownsville-Harlingen, TX Metro Area",2016,120499,37061,13694.0,27143.0,47578.0,75928.0
15180,"Brownsville-Harlingen, TX Metro Area",2017,123024,36975,14109.0,27502.0,49528.0,82774.0
15180,"Brownsville-Harlingen, TX Metro Area",2018,124812,38378,15175.0,29611.0,50541.0,80027.0
15180,"Brownsville-Harlingen, TX Metro Area",2019,129307,41123,16578.0,31495.0,54066.0,89208.0
15180,"Brownsville-Harlingen, TX Metro Area",2021,135734,48115,17453.0,35278.0,62720.0,97803.0
15180,"Brownsville-Harlingen, TX Metro Area",2022,137982,50649,19970.0,37907.0,63655.0,97894.0
15180,"Brownsville-Harlingen, TX Metro Area",2023,143033,52210,21584.0,39394.0,65448.0,106110.0
15180,"Brownsville-Harlingen, TX Metro Area",2024,147101,53267,20625.0,41259.0,66581.0,112245.0
15260,"Brunswick, GA Metro Area",2005,36864,39135,,,,
15260,"Brunswick, GA Metro Area",2006,38090,45886,18600.0,35342.0,56768.0,87136.0
15260,"Brunswick, GA Metro Area",2007,40708,45480,18607.0,37545.0,57768.0,89056.0
15260,"Brunswick, GA Metro Area",2008,37986,47293,17093.0,35725.0,64116.0,93408.0
15260,"Brunswick, GA Metro Area",2009,40748,42226,18068.0,33890.0,54521.0,84819.0
15260,"Brunswick, GA Metro Area",2010,43625,39066,16509.0,30958.0,55129.0,87259.0
15260,"Brunswick, GA Metro Area",2011,42363,42753,19532.0,35725.0,53668.0,87319.0
15260,"Brunswick, GA Metro Area",2012,41858,43346,17497.0,35422.0,55437.0,90945.0
15260,"Brunswick, GA Metro Area",2013,42749,39967,17019.0,31084.0,50377.0,81893.0
15260,"Brunswick, GA Metro Area",2014,43618,46268,16748.0,35975.0,57104.0,90450.0
15260,"Brunswick, GA Metro Area",2015,46647,44347,17295.0,35557.0,56689.0,96509.0
15260,"Brunswick, GA Metro Area",2016,42849,46014,18647.0,35669.0,55887.0,88458.0
15260,"Brunswick, GA Metro Area",2017,45891,47047,18862.0,37113.0,60906.0,104779.0
15260,"Brunswick, GA Metro Area",2018,47266,50499,21125.0,40590.0,66032.0,104895.0
15260,"Brunswick, GA Metro Area",2019,47730,57381,22193.0,43847.0,67320.0,106855.0
15260,"Brunswick, GA Metro Area",2021,46763,54561,21505.0,43726.0,70112.0,105219.0
15260,"Brunswick, GA Metro Area",2022,47874,59383,25519.0,47084.0,71998.0,122736.0
15260,"Brunswick-St. Simons, GA Metro Area",2023,48281,69235,24757.0,53975.0,84495.0,138324.0
15260,"Brunswick-St. Simons, GA Metro Area",2024,49751,69871,31049.0,57008.0,90081.0,151851.0
15380,"Buffalo-Niagara Falls, NY Metro Area",2005,470832,42315,,,,
15380,"Buffalo-Niagara Falls, NY Metro Area",2006,459740,42831,17443.0,34130.0,54713.0,84015.0
15380,"Buffalo-Niagara Falls, NY Metro Area",2007,467174,44843,18322.0,35276.0,56191.0,89101.0
15380,"Buffalo-Niagara Falls, NY Metro Area",2008,471545,47897,19727.0,37373.0,59556.0,91872.0
15380,"Buffalo-Niagara Falls, NY Metro Area",2009,465277,45811,18022.0,35158.0,57372.0,90339.0
15380,"Buffalo-Niagara Falls, NY Metro Area",2010,464581,46420,18691.0,36576.0,57460.0,90523.0
15380,"Buffalo-Niagara Falls, NY Metro Area",2011,467535,47081,18616.0,35984.0,58682.0,93785.0
15380,"Buffalo-Niagara Falls, NY Metro Area",2012,468089,50269,19669.0,38451.0,62408.0,97758.0
15380,"Buffalo-Cheektowaga-Niagara Falls, NY Metro Area",2013,469897,50548,20079.0,38967.0,62403.0,97755.0
15380,"Buffalo-Cheektowaga-Niagara Falls, NY Metro Area",2014,470564,50074,20438.0,39293.0,63200.0,100464.0
15380,"Buffalo-Cheektowaga-Niagara Falls, NY Metro Area",2015,467992,51772,19956.0,39964.0,66552.0,102895.0
15380,"Buffalo-Cheektowaga-Niagara Falls, NY Metro Area",2016,467259,53487,21136.0,41286.0,68683.0,106668.0
15380,"Buffalo-Cheektowaga-Niagara Falls, NY Metro Area",2017,475055,55448,22070.0,42832.0,68514.0,108384.0
15380,"Buffalo-Cheektowaga-Niagara Falls, NY Metro Area",2018,480106,56195,22984.0,44440.0,70977.0,111653.0
15380,"Buffalo-Cheektowaga, NY Metro Area",2019,488951,60105,24090.0,46843.0,74227.0,116766.0
15380,"Buffalo-Cheektowaga, NY Metro Area",2021,503845,62794,25328.0,49104.0,78330.0,124962.0
15380,"Buffalo-Cheektowaga, NY Metro Area",2022,505423,68698,26303.0,53797.0,85014.0,134596.0
15380,"Buffalo-Cheektowaga, NY Metro Area",2023,502324,69861,27560.0,53524.0,86273.0,135788.0
15380,"Buffalo-Cheektowaga, NY Metro Area",2024,504693,72300,30860.0,57522.0,91026.0,143730.0
15500,"Burlington, NC Metro Area",2005,55187,40365,,,,
15500,"Burlington, NC Metro Area",2006,56380,40934,16734.0,30145.0,48316.0,71289.0
15500,"Burlington, NC Metro Area",2007,58225,41502,19323.0,32436.0,49203.0,78531.0
15500,"Burlington, NC Metro Area",2008,59882,42822,18861.0,34704.0,52152.0,84059.0
15500,"Burlington, NC Metro Area",2009,58084,42739,17949.0,31838.0,52019.0,80292.0
15500,"Burlington, NC Metro Area",2010,59811,41058,18314.0,32525.0,49537.0,75697.0
15500,"Burlington, NC Metro Area",2011,60824,40699,16889.0,31490.0,51337.0,81815.0
15500,"Burlington, NC Metro Area",2012,59520,39782,16734.0,31749.0,50192.0,82164.0
15500,"Burlington, NC Metro Area",2013,59200,42512,18119.0,31637.0,52161.0,81995.0
15500,"Burlington, NC Metro Area",2014,62799,39576,17338.0,31428.0,48363.0,82521.0
15500,"Burlington, NC Metro Area",2015,63093,39541,17383.0,30667.0,50430.0,86160.0
15500,"Burlington, NC Metro Area",2016,64369,45100,20284.0,37362.0,56639.0,93743.0
15500,"Burlington, NC Metro Area",2017,64371,45150,21361.0,36942.0,57553.0,95008.0
15500,"Burlington, NC Metro Area",2018,64700,49979,22038.0,39727.0,63045.0,102226.0
15500,"Burlington, NC Metro Area",2019,64316,58490,23822.0,45831.0,70357.0,101093.0
15500,"Burlington, NC Metro Area",2021,69343,58400,26553.0,46716.0,69292.0,108756.0
15500,"Burlington, NC Metro Area",2022,70125,59919,30125.0,45476.0,73596.0,112044.0
15500,"Burlington, NC Metro Area",2023,70911,65633,28836.0,54342.0,79064.0,118936.0
15500,"Burlington, NC Metro Area",2024,73880,65966,31321.0,55269.0,84412.0,126748.0
15540,"Burlington-South Burlington, VT Metro Area",2005,79820,51979,,,,
15540,"Burlington-South Burlington, VT Metro Area",2006,80544,53988,23683.0,44396.0,65841.0,97051.0
15540,"Burlington-South Burlington, VT Metro Area",2007,81096,56879,26765.0,46610.0,67182.0,99753.0
15540,"Burlington-South Burlington, VT Metro Area",2008,81777,60499,27626.0,49268.0,72688.0,102788.0
15540,"Burlington-South Burlington, VT Metro Area",2009,80943,58219,25693.0,48893.0,70156.0,100616.0
15540,"Burlington-South Burlington, VT Metro Area",2010,84093,54738,22424.0,43220.0,69260.0,103714.0
15540,"Burlington-South Burlington, VT Metro Area",2011,84487,60771,26631.0,49059.0,73701.0,111795.0
15540,"Burlington-South Burlington, VT Metro Area",2012,84977,60889,26459.0,47008.0,74844.0,109343.0
15540,"Burlington-South Burlington, VT Metro Area",2013,84400,62022,23139.0,49383.0,77555.0,115731.0
15540,"Burlington-South Burlington, VT Metro Area",2014,85222,61947,28007.0,50715.0,77343.0,114881.0
15540,"Burlington-South Burlington, VT Metro Area",2015,85553,66807,28135.0,53629.0,80380.0,119002.0
15540,"Burlington-South Burlington, VT Metro Area",2016,85740,66367,28995.0,53270.0,81930.0,124315.0
15540,"Burlington-South Burlington, VT Metro Area",2017,87914,63160,27194.0,52071.0,81574.0,124941.0
15540,"Burlington-South Burlington, VT Metro Area",2018,87329,71452,30282.0,57549.0,88470.0,126123.0
15540,"Burlington-South Burlington, VT Metro Area",2019,89859,74909,32447.0,60455.0,90010.0,136876.0
15540,"Burlington-South Burlington, VT Metro Area",2021,93290,81852,33531.0,65505.0,98761.0,155951.0
15540,"Burlington-South Burlington, VT Metro Area",2022,97271,83707,34500.0,67799.0,103920.0,159821.0
15540,"Burlington-South Burlington, VT Metro Area",2023,96541,95497,43984.0,77179.0,116581.0,167312.0
15540,"Burlington-South Burlington, VT Metro Area",2024,99144,89615,40932.0,72466.0,112876.0,171803.0
15680,"California-Lexington Park, MD Metro Area",2013,36083,78233,31120.0,63017.0,97083.0,141240.0
15680,"California-Lexington Park, MD Metro Area",2014,39179,86417,35583.0,66186.0,100234.0,137915.0
15680,"California-Lexington Park, MD Metro Area",2015,39029,85163,40311.0,72746.0,105518.0,150868.0
15680,"California-Lexington Park, MD Metro Area",2016,41368,78195,33529.0,62514.0,99353.0,136898.0
15680,"California-Lexington Park, MD Metro Area",2017,40820,81495,39214.0,67484.0,99595.0,150902.0
15680,"California-Lexington Park, MD Metro Area",2018,41239,92250,37743.0,74231.0,113969.0,161117.0
15680,"California-Lexington Park, MD Metro Area",2019,40320,87947,40040.0,72023.0,111700.0,166775.0
15680,"California-Lexington Park, MD Metro Area",2021,42078,108397,47502.0,89350.0,126751.0,183795.0
15680,"California-Lexington Park, MD Metro Area",2022,44392,113717,46222.0,92374.0,136740.0,209829.0
15940,"Canton-Massillon, OH Metro Area",2005,159304,41855,,,,
15940,"Canton-Massillon, OH Metro Area",2006,162628,42046,18302.0,32947.0,51250.0,80034.0
15940,"Canton-Massillon, OH Metro Area",2007,162009,44856,19651.0,35810.0,55859.0,82915.0
15940,"Canton-Massillon, OH Metro Area",2008,161966,44488,19856.0,35145.0,54719.0,82241.0
15940,"Canton-Massillon, OH Metro Area",2009,161609,44024,19243.0,35046.0,54067.0,81948.0
15940,"Canton-Massillon, OH Metro Area",2010,159421,42365,20053.0,34409.0,51167.0,81126.0
15940,"Canton-Massillon, OH Metro Area",2011,159981,41770,17975.0,33179.0,52460.0,82695.0
15940,"Canton-Massillon, OH Metro Area",2012,161763,45157,20378.0,36255.0,54786.0,84735.0
15940,"Canton-Massillon, OH Metro Area",2013,160166,45168,19864.0,35518.0,56785.0,93368.0
15940,"Canton-Massillon, OH Metro Area",2014,159604,47729,21447.0,38738.0,58168.0,90612.0
15940,"Canton-Massillon, OH Metro Area",2015,162868,49313,21436.0,40023.0,61015.0,96025.0
15940,"Canton-Massillon, OH Metro Area",2016,163203,50811,23780.0,41578.0,62392.0,95613.0
15940,"Canton-Massillon, OH Metro Area",2017,165473,51198,21844.0,40202.0,64576.0,99025.0
15940,"Canton-Massillon, OH Metro Area",2018,163626,51624,21916.0,40295.0,64344.0,100815.0
15940,"Canton-Massillon, OH Metro Area",2019,165718,55706,24266.0,44032.0,67169.0,104665.0
15940,"Canton-Massillon, OH Metro Area",2021,168332,58810,27095.0,46541.0,73952.0,111629.0
15940,"Canton-Massillon, OH Metro Area",2022,166456,64546,26493.0,50778.0,79771.0,118234.0
15940,"Canton-Massillon, OH Metro Area",2023,168115,63774,28485.0,51757.0,76031.0,115985.0
15940,"Canton-Massillon, OH Metro Area",2024,167576,69597,32243.0,56962.0,84040.0,122305.0
15980,"Cape Coral-Fort Myers, FL Metro Area",2005,235033,46053,,,,
15980,"Cape Coral-Fort Myers, FL Metro Area",2006,248128,48553,24235.0,39566.0,59495.0,90190.0
15980,"Cape Coral-Fort Myers, FL Metro Area",2007,247392,50699,24834.0,40896.0,60582.0,93971.0
15980,"Cape Coral-Fort Myers, FL Metro Area",2008,243923,50747,22859.0,41648.0,61785.0,92190.0
15980,"Cape Coral-Fort Myers, FL Metro Area",2009,238137,45353,22071.0,37417.0,54993.0,89677.0
15980,"Cape Coral-Fort Myers, FL Metro Area",2010,233693,43936,20590.0,35391.0,54535.0,88750.0
15980,"Cape Coral-Fort Myers, FL Metro Area",2011,238389,45266,21351.0,36684.0,56385.0,87997.0
15980,"Cape Coral-Fort Myers, FL Metro Area",2012,245100,46278,21416.0,37247.0,56873.0,90155.0
15980,"Cape Coral-Fort Myers, FL Metro Area",2013,241238,46383,20866.0,36677.0,57023.0,93126.0
15980,"Cape Coral-Fort Myers, FL Metro Area",2014,263295,49055,21805.0,39265.0,59512.0,93577.0
15980,"Cape Coral-Fort Myers, FL Metro Area",2015,263694,50651,22407.0,40130.0,62061.0,96702.0
15980,"Cape Coral-Fort Myers, FL Metro Area",2016,261735,52909,24360.0,42275.0,64971.0,101204.0
15980,"Cape Coral-Fort Myers, FL Metro Area",2017,266266,53928,26496.0,44090.0,66734.0,104539.0
15980,"Cape Coral-Fort Myers, FL Metro Area",2018,281222,56129,24513.0,45163.0,69954.0,111476.0
15980,"Cape Coral-Fort Myers, FL Metro Area",2019,286887,62240,30079.0,51713.0,76659.0,117030.0
15980,"Cape Coral-Fort Myers, FL Metro Area",2021,320466,66256,27785.0,52446.0,80379.0,124118.0
15980,"Cape Coral-Fort Myers, FL Metro Area",2022,339269,71072,32186.0,57089.0,87541.0,134400.0
15980,"Cape Coral-Fort Myers, FL Metro Area",2023,326338,71547,32480.0,58158.0,89107.0,141798.0
15980,"Cape Coral-Fort Myers, FL Metro Area",2024,337411,83602,36702.0,66761.0,102465.0,156451.0
16020,"Cape Girardeau-Jackson, MO-IL Micro Area",2005,37149,37475,,,,
16020,"Cape Girardeau-Jackson, MO-IL Micro Area",2006,37599,36106,15918.0,28501.0,46100.0,71825.0
16020,"Cape Girardeau-Jackson, MO-IL Micro Area",2007,37374,42380,18252.0,33666.0,51649.0,73290.0
16020,"Cape Girardeau-Jackson, MO-IL Micro Area",2008,37046,40098,16942.0,30635.0,49845.0,77880.0
16020,"Cape Girardeau-Jackson, MO-IL Metro Area",2009,35413,41754,17890.0,33830.0,51131.0,77988.0
16020,"Cape Girardeau-Jackson, MO-IL Metro Area",2010,36922,41288,16591.0,33817.0,51570.0,80730.0
16020,"Cape Girardeau-Jackson, MO-IL Metro Area",2011,36332,39409,15643.0,32219.0,50395.0,76276.0
16020,"Cape Girardeau-Jackson, MO-IL Metro Area",2012,37612,42686,17101.0,31893.0,51093.0,81294.0
16020,"Cape Girardeau, MO-IL Metro Area",2013,36158,41491,16799.0,32039.0,52379.0,76630.0
16020,"Cape Girardeau, MO-IL Metro Area",2014,37842,44347,17157.0,32114.0,53502.0,82635.0
16020,"Cape Girardeau, MO-IL Metro Area",2015,35273,47824,21336.0,38134.0,60327.0,98771.0
16020,"Cape Girardeau, MO-IL Metro Area",2016,36202,49059,20435.0,39465.0,58333.0,88391.0
16020,"Cape Girardeau, MO-IL Metro Area",2017,37032,47927,20354.0,38882.0,59757.0,89854.0
16020,"Cape Girardeau, MO-IL Metro Area",2018,34368,48026,20738.0,38819.0,59535.0,87622.0
16020,"Cape Girardeau, MO-IL Metro Area",2019,38214,52624,22044.0,43400.0,67558.0,97940.0
16020,"Cape Girardeau, MO-IL Metro Area",2021,37991,60726,25057.0,46148.0,72278.0,114587.0
16020,"Cape Girardeau, MO-IL Metro Area",2022,38568,60315,23027.0,49078.0,77074.0,117010.0
16020,"Cape Girardeau, MO-IL Metro Area",2023,39485,66427,24338.0,50948.0,82100.0,120592.0
16020,"Cape Girardeau, MO-IL Metro Area",2024,38645,65809,29778.0,54006.0,80724.0,124178.0
16060,"Carbondale-Marion, IL Metro Area",2013,50870,38903,13894.0,31206.0,48907.0,82061.0
16060,"Carbondale-Marion, IL Metro Area",2014,50423,41174,15174.0,31432.0,53816.0,83540.0
16060,"Carbondale-Marion, IL Metro Area",2015,48012,42284,16558.0,33817.0,53219.0,85220.0
16060,"Carbondale-Marion, IL Metro Area",2016,51761,41603,15605.0,32097.0,53398.0,86819.0
16060,"Carbondale-Marion, IL Metro Area",2017,50153,43892,15671.0,33941.0,59614.0,93086.0
16060,"Carbondale-Marion, IL Metro Area",2018,51205,42716,16763.0,32017.0,51128.0,87325.0
16060,"Carbondale-Marion, IL Metro Area",2019,56518,46882,18558.0,36106.0,60167.0,101684.0
16060,"Carbondale-Marion, IL Metro Area",2021,55292,50953,20872.0,39327.0,64343.0,102601.0
16060,"Carbondale-Marion, IL Metro Area",2022,56716,55289,22762.0,44104.0,73432.0,112204.0
16180,"Carson City, NV Metro Area",2009,20464,57719,22414.0,42116.0,66741.0,99645.0
16180,"Carson City, NV Metro Area",2010,20564,52414,20055.0,42532.0,63384.0,95109.0
16180,"Carson City, NV Metro Area",2011,21129,53707,20634.0,42127.0,62082.0,90493.0
16180,"Carson City, NV Metro Area",2012,21494,49779,21398.0,38928.0,61187.0,89593.0
16180,"Carson City, NV Metro Area",2013,21076,46616,18947.0,34454.0,58617.0,89688.0
16180,"Carson City, NV Metro Area",2014,21228,43850,21041.0,34920.0,54742.0,84586.0
16180,"Carson City, NV Metro Area",2015,22687,42251,18319.0,34430.0,53613.0,98752.0
16180,"Carson City, NV Metro Area",2016,21704,52196,22546.0,40266.0,61364.0,95301.0
16180,"Carson City, NV Metro Area",2017,22773,55700,25320.0,45150.0,68137.0,105341.0
16180,"Carson City, NV Metro Area",2018,23099,56160,27802.0,49076.0,72857.0,102036.0
16180,"Carson City, NV Metro Area",2019,22703,57270,24145.0,46299.0,69128.0,102378.0
16180,"Carson City, NV Metro Area",2021,23930,65330,27479.0,49917.0,77620.0,119056.0
16180,"Carson City, NV Metro Area",2022,23205,59042,27849.0,51323.0,72917.0,116563.0
16180,"Carson City, NV Metro Area",2023,24562,73077,39927.0,61036.0,86465.0,123278.0
16180,"Carson City, NV Metro Area",2024,22864,62948,32928.0,50316.0,84932.0,139070.0
16220,"Casper, WY Metro Area",2005,27198,49519,,,,
16220,"Casper, WY Metro Area",2006,27719,45833,20624.0,35342.0,55405.0,88552.0
16220,"Casper, WY Metro Area",2007,27230,43807,23178.0,33315.0,58458.0,89628.0
16220,"Casper, WY Metro Area",2008,28180,50756,24835.0,41862.0,62502.0,101098.0
16220,"Casper, WY Metro Area",2009,28776,56197,25091.0,44844.0,64235.0,95390.0
16220,"Casper, WY Metro Area",2010,30763,51735,26618.0,43682.0,60534.0,93444.0
16220,"Casper, WY Metro Area",2011,30158,52603,22326.0,39414.0,63783.0,103502.0
16220,"Casper, WY Metro Area",2012,32065,54526,22297.0,43405.0,70920.0,103541.0
16220,"Casper, WY Metro Area",2013,32665,58635,27108.0,47063.0,67295.0,105813.0
16220,"Casper, WY Metro Area",2014,33323,56392,27340.0,44509.0,68081.0,102600.0
16220,"Casper, WY Metro Area",2015,32564,52886,24573.0,42447.0,69434.0,105104.0
16220,"Casper, WY Metro Area",2016,32059,59474,26899.0,43586.0,70468.0,107129.0
16220,"Casper, WY Metro Area",2017,32556,60546,27361.0,48133.0,70626.0,108454.0
16220,"Casper, WY Metro Area",2018,32240,64833,29857.0,52204.0,78901.0,126735.0
16220,"Casper, WY Metro Area",2019,33044,65034,28860.0,51606.0,78214.0,120427.0
16220,"Casper, WY Metro Area",2021,33203,63605,27228.0,51001.0,75905.0,110598.0
16220,"Casper, WY Metro Area",2022,33474,69627,34698.0,60420.0,83595.0,133230.0
16220,"Casper, WY Metro Area",2023,34332,73203,30388.0,58403.0,87059.0,129063.0
16220,"Casper, WY Metro Area",2024,35575,71381,31056.0,55720.0,90591.0,145503.0
16260,"Cedar City, UT Micro Area",2024,21648,75632,26573.0,56822.0,92435.0,136122.0
16300,"Cedar Rapids, IA Metro Area",2005,100480,48268,,,,
16300,"Cedar Rapids, IA Metro Area",2006,102007,46030,23629.0,37044.0,56802.0,85409.0
16300,"Cedar Rapids, IA Metro Area",2007,105615,52022,23076.0,40989.0,61953.0,91914.0
16300,"Cedar Rapids, IA Metro Area",2008,104111,53696,24018.0,42463.0,66225.0,96752.0
16300,"Cedar Rapids, IA Metro Area",2009,102761,53324,24897.0,43976.0,64753.0,96807.0
16300,"Cedar Rapids, IA Metro Area",2010,105963,53755,25266.0,44190.0,65297.0,96347.0
16300,"Cedar Rapids, IA Metro Area",2011,104757,54731,25339.0,45206.0,66957.0,101343.0
16300,"Cedar Rapids, IA Metro Area",2012,102818,57222,24870.0,46036.0,70229.0,102169.0
16300,"Cedar Rapids, IA Metro Area",2013,105035,56397,26375.0,44653.0,70612.0,102224.0
16300,"Cedar Rapids, IA Metro Area",2014,106799,61865,25257.0,50118.0,76190.0,109476.0
16300,"Cedar Rapids, IA Metro Area",2015,107586,58015,25932.0,46354.0,70877.0,107580.0
16300,"Cedar Rapids, IA Metro Area",2016,107867,63385,29561.0,50744.0,78340.0,112796.0
16300,"Cedar Rapids, IA Metro Area",2017,107802,63697,30962.0,51225.0,76976.0,113782.0
16300,"Cedar Rapids, IA Metro Area",2018,109191,62882,29160.0,51920.0,77441.0,117066.0
16300,"Cedar Rapids, IA Metro Area",2019,112373,64088,28610.0,51074.0,77218.0,115427.0
16300,"Cedar Rapids, IA Metro Area",2021,112468,69923,30728.0,55543.0,82526.0,126512.0
16300,"Cedar Rapids, IA Metro Area",2022,113649,73895,33626.0,58582.0,89583.0,137597.0
16300,"Cedar Rapids, IA Metro Area",2023,114563,73569,34563.0,60253.0,90076.0,141243.0
16300,"Cedar Rapids, IA Metro Area",2024,116781,75295,34233.0,62332.0,91394.0,139304.0
16500,"Centralia, WA Micro Area",2005,27321,41712,,,,
16500,"Centralia, WA Micro Area",2006,27230,41983,17729.0,33029.0,52330.0,75370.0
16500,"Centralia, WA Micro Area",2007,29130,43473,21625.0,35477.0,52354.0,72946.0
16500,"Centralia, WA Micro Area",2008,27039,42513,20443.0,35076.0,54428.0,80140.0
16500,"Centralia, WA Micro Area",2009,29677,42523,18366.0,34306.0,50817.0,75743.0
16500,"Centralia, WA Micro Area",2010,28142,38643,18148.0,30147.0,50839.0,76293.0
16500,"Centralia, WA Micro Area",2011,29829,41931,20954.0,34176.0,51026.0,79802.0
16500,"Centralia, WA Micro Area",2012,30134,42927,20353.0,35966.0,52498.0,87123.0
16500,"Centralia, WA Micro Area",2013,29040,40601,18673.0,33628.0,50366.0,72384.0
16500,"Centralia, WA Micro Area",2014,29969,43575,18973.0,35343.0,59075.0,85917.0
16500,"Centralia, WA Micro Area",2015,29078,48179,20050.0,36556.0,57136.0,87207.0
16500,"Centralia, WA Micro Area",2016,29509,45523,21355.0,37692.0,59226.0,88635.0
16500,"Centralia, WA Micro Area",2017,31786,49827,22519.0,40201.0,60867.0,89666.0
16500,"Centralia, WA Micro Area",2018,30327,61058,28117.0,46557.0,74671.0,110747.0
16500,"Centralia, WA Micro Area",2019,31879,58911,23806.0,47185.0,71565.0,109706.0
16500,"Centralia, WA Micro Area",2021,32304,65047,26607.0,51317.0,80532.0,125313.0
16500,"Centralia, WA Micro Area",2022,32149,69067,29356.0,54875.0,86522.0,127902.0
16500,"Centralia, WA Micro Area",2023,33672,67169,28903.0,54772.0,87032.0,127901.0
16500,"Centralia, WA Micro Area",2024,34205,79285,34882.0,63420.0,100105.0,156162.0
16540,"Chambersburg, PA Micro Area",2005,54550,45228,,,,
16540,"Chambersburg, PA Micro Area",2006,56815,50254,23607.0,40528.0,58153.0,82294.0
16540,"Chambersburg, PA Micro Area",2007,57049,46985,22585.0,36360.0,58480.0,84277.0
16540,"Chambersburg, PA Micro Area",2008,57090,54145,27511.0,44340.0,64791.0,89864.0
16540,"Chambersburg, PA Micro Area",2009,57289,46929,21641.0,39380.0,56931.0,89662.0
16540,"Chambersburg, PA Micro Area",2010,57533,49514,23749.0,41034.0,60419.0,85630.0
16540,"Chambersburg, PA Micro Area",2011,56999,49068,23061.0,39895.0,60731.0,88254.0
16540,"Chambersburg, PA Micro Area",2012,58515,51938,25643.0,41802.0,62955.0,95258.0
16540,"Chambersburg-Waynesboro, PA Metro Area",2013,59145,54303,25363.0,45984.0,68174.0,98157.0
16540,"Chambersburg-Waynesboro, PA Metro Area",2014,58565,49487,23170.0,39880.0,61111.0,89981.0
16540,"Chambersburg-Waynesboro, PA Metro Area",2015,59486,57960,27937.0,46116.0,70477.0,100015.0
16540,"Chambersburg-Waynesboro, PA Metro Area",2016,60492,60559,30316.0,49698.0,71242.0,104485.0
16540,"Chambersburg-Waynesboro, PA Metro Area",2017,60979,60459,28726.0,50746.0,73793.0,102907.0
16540,"Chambersburg-Waynesboro, PA Metro Area",2018,59834,61208,28187.0,49238.0,71695.0,105708.0
16540,"Chambersburg-Waynesboro, PA Metro Area",2019,60260,62484,31167.0,50327.0,77154.0,105445.0
16540,"Chambersburg-Waynesboro, PA Metro Area",2021,62081,66715,31372.0,54397.0,80748.0,122340.0
16540,"Chambersburg-Waynesboro, PA Metro Area",2022,64960,74002,35011.0,62857.0,87725.0,129816.0
16540,"Chambersburg, PA Metro Area",2023,62966,75875,34655.0,64103.0,91468.0,129543.0
16540,"Chambersburg, PA Metro Area",2024,63638,74019,38936.0,62131.0,91747.0,142919.0
16580,"Champaign-Urbana, IL Metro Area",2005,86124,39604,,,,
16580,"Champaign-Urbana, IL Metro Area",2006,85813,44868,17057.0,34990.0,55205.0,83824.0
16580,"Champaign-Urbana, IL Metro Area",2007,89248,44930,18175.0,33939.0,57693.0,89906.0
16580,"Champaign-Urbana, IL Metro Area",2008,89513,46599,16001.0,35981.0,57876.0,87642.0
16580,"Champaign-Urbana, IL Metro Area",2009,90123,41802,16443.0,31885.0,55122.0,90929.0
16580,"Champaign-Urbana, IL Metro Area",2010,90783,45845,17157.0,34382.0,57022.0,93425.0
16580,"Champaign-Urbana, IL Metro Area",2011,91581,42328,16190.0,31499.0,56789.0,91043.0
16580,"Champaign-Urbana, IL Metro Area",2012,92073,47632,18354.0,36901.0,59506.0,94339.0
16580,"Champaign-Urbana, IL Metro Area",2013,90474,47258,17055.0,36268.0,60397.0,97643.0
16580,"Champaign-Urbana, IL Metro Area",2014,94306,48063,18089.0,36706.0,60810.0,95545.0
16580,"Champaign-Urbana, IL Metro Area",2015,92268,51600,17888.0,39952.0,63862.0,101894.0
16580,"Champaign-Urbana, IL Metro Area",2016,94941,50564,18641.0,38469.0,64239.0,106725.0
16580,"Champaign-Urbana, IL Metro Area",2017,95429,50999,18098.0,38225.0,67281.0,111276.0
16580,"Champaign-Urbana, IL Metro Area",2018,96449,52912,18977.0,41740.0,64646.0,111085.0
16580,"Champaign-Urbana, IL Metro Area",2019,88700,53081,20332.0,41423.0,68558.0,117592.0
16580,"Champaign-Urbana, IL Metro Area",2021,91044,59189,22484.0,46963.0,75223.0,123707.0
16580,"Champaign-Urbana, IL Metro Area",2022,91682,62108,20665.0,49704.0,81112.0,131453.0
16580,"Champaign-Urbana, IL Metro Area",2023,102205,62092,22400.0,50167.0,80058.0,127475.0
16580,"Champaign-Urbana, IL Metro Area",2024,102844,64980,23032.0,50524.0,83983.0,140107.0
16620,"Charleston, WV Metro Area",2005,125779,38916,,,,
16620,"Charleston, WV Metro Area",2006,127563,36660,15684.0,29140.0,45095.0,71581.0
16620,"Charleston, WV Metro Area",2007,125996,39829,17101.0,30796.0,49886.0,79219.0
16620,"Charleston, WV Metro Area",2008,128267,42932,18021.0,32947.0,52204.0,81799.0
16620,"Charleston, WV Metro Area",2009,129442,42148,17234.0,34271.0,51455.0,84695.0
16620,"Charleston, WV Metro Area",2010,125628,43922,18931.0,34698.0,52916.0,82583.0
16620,"Charleston, WV Metro Area",2011,123724,40990,17087.0,31919.0,52719.0,85960.0
16620,"Charleston, WV Metro Area",2012,127153,47610,19104.0,36714.0,57063.0,87750.0
16620,"Charleston, WV Metro Area",2013,95251,45251,19654.0,36196.0,56059.0,86079.0
16620,"Charleston, WV Metro Area",2014,93385,42761,18267.0,34789.0,52716.0,82646.0
16620,"Charleston, WV Metro Area",2015,94533,42526,19244.0,35174.0,53015.0,82490.0
16620,"Charleston, WV Metro Area",2016,91529,41689,15778.0,32362.0,54985.0,87973.0
16620,"Charleston, WV Metro Area",2017,87463,41558,16831.0,33058.0,52979.0,92219.0
16620,"Charleston, WV Metro Area",2018,90728,40806,18464.0,32584.0,51758.0,90868.0
16620,"Charleston, WV Metro Area",2019,109452,47500,17972.0,38052.0,59771.0,97059.0
16620,"Charleston, WV Metro Area",2021,106310,53549,18585.0,40654.0,66059.0,100638.0
16620,"Charleston, WV Metro Area",2022,107179,53157,19960.0,40768.0,67716.0,107405.0
16620,"Charleston, WV Metro Area",2023,89395,55415,21883.0,42647.0,67299.0,105983.0
16620,"Charleston, WV Metro Area",2024,86637,61625,26365.0,50985.0,74048.0,117649.0
16660,"Charleston-Mattoon, IL Micro Area",2011,25248,43135,17203.0,33059.0,53096.0,82048.0
16660,"Charleston-Mattoon, IL Micro Area",2012,24957,33319,15513.0,26013.0,41334.0,71886.0
16660,"Charleston-Mattoon, IL Micro Area",2013,24692,37756,16790.0,29429.0,48329.0,81387.0
16660,"Charleston-Mattoon, IL Micro Area",2014,25076,39397,15213.0,29733.0,50617.0,81040.0
16660,"Charleston-Mattoon, IL Micro Area",2015,25262,42623,16358.0,31984.0,51644.0,83535.0
16660,"Charleston-Mattoon, IL Micro Area",2016,25989,40329,16385.0,32973.0,53322.0,82811.0
16700,"Charleston-North Charleston, SC Metro Area",2005,227377,45269,,,,
16700,"Charleston-North Charleston, SC Metro Area",2006,234389,46421,20097.0,37577.0,56657.0,87165.0
16700,"Charleston-North Charleston, SC Metro Area",2007,242907,49828,21561.0,39759.0,60954.0,92341.0
16700,"Charleston-North Charleston-Summerville, SC Metro Area",2008,237004,52302,20628.0,40374.0,64753.0,97186.0
16700,"Charleston-North Charleston-Summerville, SC Metro Area",2009,245978,48246,19940.0,38096.0,59655.0,93351.0
16700,"Charleston-North Charleston-Summerville, SC Metro Area",2010,252574,48062,20423.0,38738.0,59393.0,95382.0
16700,"Charleston-North Charleston-Summerville, SC Metro Area",2011,258454,50213,19154.0,37640.0,61356.0,94542.0
16700,"Charleston-North Charleston-Summerville, SC Metro Area",2012,262131,50108,21332.0,40318.0,61522.0,96005.0
16700,"Charleston-North Charleston, SC Metro Area",2013,268003,51771,21045.0,40750.0,66424.0,103587.0
16700,"Charleston-North Charleston, SC Metro Area",2014,276509,53572,22403.0,41771.0,67368.0,105772.0
16700,"Charleston-North Charleston, SC Metro Area",2015,273722,56430,24150.0,45681.0,71152.0,108499.0
16700,"Charleston-North Charleston, SC Metro Area",2016,287362,57659,24018.0,45968.0,71297.0,114462.0
16700,"Charleston-North Charleston, SC Metro Area",2017,290586,60546,25607.0,48498.0,75650.0,117475.0
16700,"Charleston-North Charleston, SC Metro Area",2018,294424,64283,26509.0,51229.0,79825.0,124228.0
16700,"Charleston-North Charleston, SC Metro Area",2019,303976,70505,31169.0,56277.0,87378.0,133222.0
16700,"Charleston-North Charleston, SC Metro Area",2021,316378,72719,30640.0,58474.0,89582.0,138900.0
16700,"Charleston-North Charleston, SC Metro Area",2022,338067,78927,35433.0,64032.0,97989.0,148917.0
16700,"Charleston-North Charleston, SC Metro Area",2023,347045,85165,36778.0,67145.0,102376.0,152005.0
16700,"Charleston-North Charleston, SC Metro Area",2024,353647,90307,40016.0,71369.0,110955.0,172078.0
16740,"Charlotte-Gastonia-Concord, NC-SC Metro Area",2005,590544,47104,,,,
16740,"Charlotte-Gastonia-Concord, NC-SC Metro Area",2006,613645,50367,22584.0,40528.0,61822.0,95615.0
16740,"Charlotte-Gastonia-Concord, NC-SC Metro Area",2007,638709,53211,23816.0,42756.0,65146.0,101791.0
16740,"Charlotte-Gastonia-Concord, NC-SC Metro Area",2008,661392,54967,25024.0,44748.0,67039.0,104934.0
16740,"Charlotte-Gastonia-Concord, NC-SC Metro Area",2009,675535,51267,22659.0,40530.0,64155.0,100377.0
16740,"Charlotte-Gastonia-Rock Hill, NC-SC Metro Area",2010,663300,50449,21741.0,40690.0,62455.0,99403.0
16740,"Charlotte-Gastonia-Rock Hill, NC-SC Metro Area",2011,671191,50671,21454.0,40238.0,63155.0,103153.0
16740,"Charlotte-Gastonia-Rock Hill, NC-SC Metro Area",2012,675362,52470,22584.0,41550.0,66197.0,104614.0
16740,"Charlotte-Concord-Gastonia, NC-SC Metro Area",2013,859709,51251,22219.0,40923.0,64455.0,104502.0
16740,"Charlotte-Concord-Gastonia, NC-SC Metro Area",2014,883281,53549,22741.0,42524.0,67123.0,106351.0
16740,"Charlotte-Concord-Gastonia, NC-SC Metro Area",2015,905696,54836,23741.0,43523.0,69257.0,111095.0
16740,"Charlotte-Concord-Gastonia, NC-SC Metro Area",2016,917897,59979,26125.0,47521.0,73493.0,116179.0
16740,"Charlotte-Concord-Gastonia, NC-SC Metro Area",2017,944261,61156,26426.0,48384.0,75995.0,121363.0
16740,"Charlotte-Concord-Gastonia, NC-SC Metro Area",2018,960297,62068,27950.0,50245.0,78380.0,125465.0
16740,"Charlotte-Concord-Gastonia, NC-SC Metro Area",2019,982241,66399,30302.0,52622.0,82062.0,131923.0
16740,"Charlotte-Concord-Gastonia, NC-SC Metro Area",2021,1048452,71041,31622.0,57364.0,88607.0,141481.0
16740,"Charlotte-Concord-Gastonia, NC-SC Metro Area",2022,1085889,77154,34607.0,61679.0,95151.0,153406.0
16740,"Charlotte-Concord-Gastonia, NC-SC Metro Area",2023,1103360,81262,36423.0,63940.0,101166.0,160326.0
16740,"Charlotte-Concord-Gastonia, NC-SC Metro Area",2024,1128197,85938,38415.0,69198.0,106700.0,171273.0
16820,"Charlottesville, VA Metro Area",2005,74443,47543,,,,
16820,"Charlottesville, VA Metro Area",2006,76170,50672,22729.0,40147.0,61598.0,97572.0
16820,"Charlottesville, VA Metro Area",2007,77680,53398,23076.0,43467.0,67829.0,102820.0
16820,"Charlottesville, VA Metro Area",2008,76392,56833,25098.0,45455.0,71399.0,111859.0
16820,"Charlottesville, VA Metro Area",2009,76010,55756,21383.0,44187.0,69361.0,105260.0
16820,"Charlottesville, VA Metro Area",2010,76764,56808,23019.0,45592.0,70045.0,104763.0
16820,"Charlottesville, VA Metro Area",2011,77621,56652,22127.0,44586.0,70548.0,118111.0
16820,"Charlottesville, VA Metro Area",2012,77795,62880,25648.0,47996.0,76981.0,120210.0
16820,"Charlottesville, VA Metro Area",2013,84595,58375,25598.0,47636.0,71621.0,111649.0
16820,"Charlottesville, VA Metro Area",2014,87139,58189,21510.0,44537.0,70953.0,112202.0
16820,"Charlottesville, VA Metro Area",2015,87949,63918,28153.0,50759.0,78947.0,123504.0
16820,"Charlottesville, VA Metro Area",2016,87091,62523,27292.0,50586.0,77784.0,123704.0
16820,"Charlottesville, VA Metro Area",2017,88632,66853,29260.0,52238.0,83456.0,140015.0
16820,"Charlottesville, VA Metro Area",2018,88765,71052,28677.0,55721.0,87646.0,139116.0
16820,"Charlottesville, VA Metro Area",2019,87274,75907,31082.0,58735.0,93801.0,152910.0
16820,"Charlottesville, VA Metro Area",2021,88339,78819,33058.0,63159.0,97426.0,157195.0
16820,"Charlottesville, VA Metro Area",2022,90108,83910,31795.0,63788.0,107081.0,174049.0
16820,"Charlottesville, VA Metro Area",2023,92687,92265,35345.0,69025.0,112870.0,172981.0
16820,"Charlottesville, VA Metro Area",2024,92172,95796,42747.0,75603.0,118741.0,194953.0
16860,"Chattanooga, TN-GA Metro Area",2005,198386,40409,,,,
16860,"Chattanooga, TN-GA Metro Area",2006,203599,41090,18038.0,32259.0,50298.0,79669.0
16860,"Chattanooga, TN-GA Metro Area",2007,204531,43242,18379.0,32911.0,54243.0,82991.0
16860,"Chattanooga, TN-GA Metro Area",2008,203326,45321,20199.0,35947.0,55437.0,87098.0
16860,"Chattanooga, TN-GA Metro Area",2009,209486,40697,17038.0,31983.0,52141.0,81704.0
16860,"Chattanooga, TN-GA Metro Area",2010,208995,42288,18133.0,33415.0,55090.0,86502.0
16860,"Chattanooga, TN-GA Metro Area",2011,206421,42166,17163.0,32213.0,52417.0,84863.0
16860,"Chattanooga, TN-GA Metro Area",2012,207794,43475,17895.0,33946.0,55317.0,88141.0
16860,"Chattanooga, TN-GA Metro Area",2013,209304,47702,19714.0,37810.0,58807.0,91886.0
16860,"Chattanooga, TN-GA Metro Area",2014,207829,46600,19127.0,37255.0,57067.0,91089.0
16860,"Chattanooga, TN-GA Metro Area",2015,209340,47809,20228.0,37945.0,58714.0,96226.0
16860,"Chattanooga, TN-GA Metro Area",2016,210802,46537,20474.0,36518.0,59747.0,98169.0
16860,"Chattanooga, TN-GA Metro Area",2017,220186,50250,20662.0,38537.0,62188.0,101248.0
16860,"Chattanooga, TN-GA Metro Area",2018,221133,54732,23775.0,43898.0,67557.0,106014.0
16860,"Chattanooga, TN-GA Metro Area",2019,222950,55366,24430.0,43221.0,67203.0,106848.0
16860,"Chattanooga, TN-GA Metro Area",2021,228853,62385,25563.0,48065.0,78241.0,116709.0
16860,"Chattanooga, TN-GA Metro Area",2022,231091,69018,30873.0,55812.0,86288.0,131459.0
16860,"Chattanooga, TN-GA Metro Area",2023,235003,68677,30148.0,53785.0,87419.0,133160.0
16860,"Chattanooga, TN-GA Metro Area",2024,239474,75076,30612.0,59915.0,91279.0,139149.0
16940,"Cheyenne, WY Metro Area",2005,34394,44790,,,,
16940,"Cheyenne, WY Metro Area",2006,33463,50907,22759.0,41077.0,58850.0,86426.0
16940,"Cheyenne, WY Metro Area",2007,33261,52521,27546.0,45050.0,66595.0,93018.0
16940,"Cheyenne, WY Metro Area",2008,33025,56820,24753.0,47562.0,66815.0,94165.0
16940,"Cheyenne, WY Metro Area",2009,34945,49744,27096.0,42479.0,60218.0,91202.0
16940,"Cheyenne, WY Metro Area",2010,38389,48784,18970.0,37484.0,61589.0,95594.0
16940,"Cheyenne, WY Metro Area",2011,37687,54053,24701.0,44630.0,68638.0,98564.0
16940,"Cheyenne, WY Metro Area",2012,35245,54192,25395.0,41965.0,67438.0,106547.0
16940,"Cheyenne, WY Metro Area",2013,35785,61661,29384.0,49173.0,75713.0,106198.0
16940,"Cheyenne, WY Metro Area",2014,38705,57551,23738.0,46704.0,73739.0,106368.0
16940,"Cheyenne, WY Metro Area",2015,37740,60599,26869.0,46737.0,76641.0,116525.0
16940,"Cheyenne, WY Metro Area",2016,38181,62221,26979.0,52419.0,73560.0,107145.0
16940,"Cheyenne, WY Metro Area",2017,39054,61961,29359.0,51632.0,75379.0,109076.0
16940,"Cheyenne, WY Metro Area",2018,39678,64306,27949.0,52118.0,77499.0,118620.0
16940,"Cheyenne, WY Metro Area",2019,41739,70567,28751.0,56736.0,84163.0,131298.0
16940,"Cheyenne, WY Metro Area",2021,43728,61381,27428.0,49655.0,77628.0,117487.0
16940,"Cheyenne, WY Metro Area",2022,42559,71621,28070.0,54227.0,88489.0,136887.0
16940,"Cheyenne, WY Metro Area",2023,44460,75112,38549.0,59892.0,87353.0,135511.0
16940,"Cheyenne, WY Metro Area",2024,45419,83258,36194.0,63696.0,97717.0,143334.0
16980,"Chicago-Naperville-Joliet, IL-IN-WI Metro Area",2005,3360273,54709,,,,
16980,"Chicago-Naperville-Joliet, IL-IN-WI Metro Area",2006,3385287,57008,23815.0,45440.0,70339.0,107810.0
16980,"Chicago-Naperville-Joliet, IL-IN-WI Metro Area",2007,3412058,59255,25091.0,47101.0,72699.0,111971.0
16980,"Chicago-Naperville-Joliet, IL-IN-WI Metro Area",2008,3421890,61295,25199.0,48784.0,75907.0,116831.0
16980,"Chicago-Naperville-Joliet, IL-IN-WI Metro Area",2009,3399708,58729,24090.0,46540.0,72671.0,112484.0
16980,"Chicago-Joliet-Naperville, IL-IN-WI Metro Area",2010,3415317,57104,23456.0,44885.0,71406.0,111806.0
16980,"Chicago-Joliet-Naperville, IL-IN-WI Metro Area",2011,3403363,57267,22808.0,45011.0,71557.0,113689.0
16980,"Chicago-Joliet-Naperville, IL-IN-WI Metro Area",2012,3426426,59261,23380.0,46182.0,74139.0,116744.0
16980,"Chicago-Naperville-Elgin, IL-IN-WI Metro Area",2013,3450331,60564,23823.0,46753.0,75390.0,120393.0
16980,"Chicago-Naperville-Elgin, IL-IN-WI Metro Area",2014,3442174,61598,24803.0,48700.0,77260.0,122539.0
16980,"Chicago-Naperville-Elgin, IL-IN-WI Metro Area",2015,3470993,63153,25325.0,49834.0,80506.0,127811.0
16980,"Chicago-Naperville-Elgin, IL-IN-WI Metro Area",2016,3491635,66020,25921.0,51272.0,82846.0,131329.0
16980,"Chicago-Naperville-Elgin, IL-IN-WI Metro Area",2017,3488312,68403,27296.0,53285.0,85593.0,136058.0
16980,"Chicago-Naperville-Elgin, IL-IN-WI Metro Area",2018,3538101,70760,28428.0,55284.0,89156.0,142114.0
16980,"Chicago-Naperville-Elgin, IL-IN-WI Metro Area",2019,3539174,75379,30443.0,59172.0,94563.0,148466.0
16980,"Chicago-Naperville-Elgin, IL-IN-WI Metro Area",2021,3670416,78166,30911.0,61683.0,97911.0,155039.0
16980,"Chicago-Naperville-Elgin, IL-IN-WI Metro Area",2022,3726266,82914,33324.0,65269.0,103168.0,164054.0
16980,"Chicago-Naperville-Elgin, IL-IN Metro Area",2023,3671659,87071,35749.0,68715.0,108525.0,171392.0
16980,"Chicago-Naperville-Elgin, IL-IN Metro Area",2024,3690402,90770,36365.0,71265.0,112099.0,181276.0
17020,"Chico, CA Metro Area",2005,83063,36602,,,,
17020,"Chico, CA Metro Area",2006,85513,40897,16877.0,31469.0,53304.0,81523.0
17020,"Chico, CA Metro Area",2007,85845,39529,16920.0,30099.0,48920.0,79243.0
17020,"Chico, CA Metro Area",2008,86438,40101,16444.0,32125.0,48612.0,81563.0
17020,"Chico, CA Metro Area",2009,84440,41786,17886.0,33074.0,50822.0,80100.0
17020,"Chico, CA Metro Area",2010,84629,41657,19215.0,32914.0,51842.0,85224.0
17020,"Chico, CA Metro Area",2011,83634,39179,16382.0,30777.0,51053.0,86168.0
17020,"Chico, CA Metro Area",2012,85388,40960,18463.0,32183.0,53503.0,82462.0
17020,"Chico, CA Metro Area",2013,85158,42752,16889.0,31784.0,54318.0,88471.0
17020,"Chico, CA Metro Area",2014,85366,42365,15839.0,32492.0,55900.0,94479.0
17020,"Chico, CA Metro Area",2015,85289,45644,17603.0,36389.0,55322.0,95277.0
17020,"Chico, CA Metro Area",2016,85531,45177,17683.0,33948.0,58532.0,97802.0
17020,"Chico, CA Metro Area",2017,88797,49061,18804.0,38481.0,62598.0,100904.0
17020,"Chico, CA Metro Area",2018,88636,51652,20373.0,39217.0,66327.0,108657.0
17020,"Chico, CA Metro Area",2019,77651,62563,23871.0,47194.0,77811.0,122850.0
17020,"Chico, CA Metro Area",2021,81353,64738,26189.0,50119.0,80901.0,128917.0
17020,"Chico, CA Metro Area",2022,82494,64426,26756.0,50298.0,82459.0,137125.0
17020,"Chico, CA Metro Area",2023,86279,63222,22526.0,50025.0,79517.0,132335.0
17020,"Chico, CA Metro Area",2024,85034,65221,25979.0,49458.0,81613.0,126073.0
17060,"Chillicothe, OH Micro Area",2005,28295,36638,,,,
17060,"Chillicothe, OH Micro Area",2006,26491,37054,17671.0,30063.0,46825.0,72272.0
17060,"Chillicothe, OH Micro Area",2007,26528,42466,19932.0,34231.0,50681.0,75828.0
17060,"Chillicothe, OH Micro Area",2008,26058,43966,19930.0,34683.0,54633.0,80139.0
17060,"Chillicothe, OH Micro Area",2009,26897,41187,16549.0,32027.0,50188.0,79531.0
17060,"Chillicothe, OH Micro Area",2010,27943,40811,17434.0,29843.0,50149.0,82241.0
17060,"Chillicothe, OH Micro Area",2011,28547,43464,21402.0,36004.0,56138.0,89928.0
17060,"Chillicothe, OH Micro Area",2012,27948,42951,17068.0,34252.0,53518.0,80679.0
17060,"Chillicothe, OH Micro Area",2013,28189,40493,18354.0,31630.0,51077.0,80953.0
17060,"Chillicothe, OH Micro Area",2014,27569,40764,17265.0,35301.0,51848.0,88951.0
17060,"Chillicothe, OH Micro Area",2015,28324,44907,21566.0,34318.0,55284.0,83760.0
17060,"Chillicothe, OH Micro Area",2016,28710,46422,18346.0,35794.0,61453.0,91867.0
17060,"Chillicothe, OH Micro Area",2017,27914,50713,21048.0,40855.0,58957.0,87025.0
17060,"Chillicothe, OH Micro Area",2018,29779,46769,19099.0,35503.0,58288.0,95553.0
17060,"Chillicothe, OH Micro Area",2019,28365,55717,21852.0,40178.0,68759.0,98536.0
17060,"Chillicothe, OH Micro Area",2021,30550,50395,18411.0,37561.0,69225.0,111612.0
17060,"Chillicothe, OH Micro Area",2022,29399,60157,27526.0,48718.0,75249.0,105776.0
17060,"Chillicothe, OH Micro Area",2023,28870,60666,26923.0,48133.0,72740.0,112540.0
17060,"Chillicothe, OH Micro Area",2024,30588,67743,30318.0,55333.0,75904.0,121789.0
17140,"Cincinnati-Middletown, OH-KY-IN Metro Area",2005,806056,48144,,,,
17140,"Cincinnati-Middletown, OH-KY-IN Metro Area",2006,801736,50306,21205.0,39959.0,61855.0,94540.0
17140,"Cincinnati-Middletown, OH-KY-IN Metro Area",2007,808000,52023,21743.0,41135.0,64446.0,99326.0
17140,"Cincinnati-Middletown, OH-KY-IN Metro Area",2008,814608,54059,23183.0,42714.0,66602.0,102810.0
17140,"Cincinnati-Middletown, OH-KY-IN Metro Area",2009,816646,51832,21927.0,41072.0,64466.0,99862.0
17140,"Cincinnati-Middletown, OH-KY-IN Metro Area",2010,811494,51572,21198.0,40217.0,64261.0,98898.0
17140,"Cincinnati-Middletown, OH-KY-IN Metro Area",2011,805714,52373,21375.0,41195.0,65052.0,102118.0
17140,"Cincinnati-Middletown, OH-KY-IN Metro Area",2012,825221,52439,21039.0,41156.0,65849.0,104110.0
17140,"Cincinnati, OH-KY-IN Metro Area",2013,822005,53378,22006.0,42269.0,66520.0,106509.0
17140,"Cincinnati, OH-KY-IN Metro Area",2014,829142,55729,22006.0,42956.0,69162.0,109594.0
17140,"Cincinnati, OH-KY-IN Metro Area",2015,832607,56826,23393.0,45048.0,71375.0,112233.0
17140,"Cincinnati, OH-KY-IN Metro Area",2016,841382,60260,24523.0,47628.0,74471.0,117717.0
17140,"Cincinnati, OH-KY-IN Metro Area",2017,852639,61653,25892.0,49033.0,77287.0,120682.0
17140,"Cincinnati, OH-KY-IN Metro Area",2018,862535,62743,26194.0,50342.0,78103.0,121905.0
17140,"Cincinnati, OH-KY-IN Metro Area",2019,878645,66825,27648.0,53156.0,84537.0,131393.0
17140,"Cincinnati, OH-KY-IN Metro Area",2021,903245,70818,29166.0,55792.0,87820.0,136988.0
17140,"Cincinnati, OH-KY-IN Metro Area",2022,916246,75062,31413.0,59498.0,92970.0,148284.0
17140,"Cincinnati, OH-KY-IN Metro Area",2023,921306,77844,33270.0,61590.0,97095.0,150361.0
17140,"Cincinnati, OH-KY-IN Metro Area",2024,922646,81489,35225.0,64721.0,101260.0,160481.0
17200,"Claremont-Lebanon, NH-VT Micro Area",2013,89431,54432,23531.0,43062.0,67458.0,101816.0
17200,"Claremont-Lebanon, NH-VT Micro Area",2014,89665,55726,25052.0,45359.0,66888.0,99371.0
17200,"Claremont-Lebanon, NH-VT Micro Area",2015,89204,55882,23794.0,45206.0,67739.0,106764.0
17200,"Claremont-Lebanon, NH-VT Micro Area",2016,85999,59132,26208.0,47443.0,72635.0,112559.0
17200,"Claremont-Lebanon, NH-VT Micro Area",2017,86458,60948,26043.0,47696.0,75058.0,115560.0
17200,"Claremont-Lebanon, NH-VT Micro Area",2018,90652,61558,25870.0,50555.0,74109.0,111701.0
17220,"Clarksburg, WV Micro Area",2005,37258,37177,,,,
17220,"Clarksburg, WV Micro Area",2006,36967,36496,15220.0,27726.0,43512.0,69928.0
17220,"Clarksburg, WV Micro Area",2007,37863,36871,13674.0,28437.0,46281.0,75943.0
17220,"Clarksburg, WV Micro Area",2008,38001,36726,14297.0,28037.0,45442.0,71060.0
17220,"Clarksburg, WV Micro Area",2009,37127,39010,16466.0,29362.0,47177.0,75189.0
17220,"Clarksburg, WV Micro Area",2010,37538,38866,15848.0,29134.0,48475.0,73727.0
17220,"Clarksburg, WV Micro Area",2011,35917,40234,17199.0,31250.0,53939.0,89286.0
17220,"Clarksburg, WV Micro Area",2012,37839,40108,16288.0,30445.0,50551.0,81908.0
17220,"Clarksburg, WV Micro Area",2013,36087,41153,17095.0,32375.0,52484.0,86759.0
17220,"Clarksburg, WV Micro Area",2014,36004,41708,18032.0,32265.0,52871.0,81842.0
17220,"Clarksburg, WV Micro Area",2015,35855,46903,19109.0,38819.0,59607.0,90304.0
17220,"Clarksburg, WV Micro Area",2016,36135,46987,21786.0,39704.0,60941.0,101206.0
17220,"Clarksburg, WV Micro Area",2017,35736,57628,21329.0,45317.0,71352.0,98954.0
17220,"Clarksburg, WV Micro Area",2018,35992,45315,19273.0,35853.0,57707.0,95451.0
17220,"Clarksburg, WV Micro Area",2019,35284,53088,23957.0,41764.0,70272.0,116664.0
17220,"Clarksburg, WV Micro Area",2021,35449,51393,24354.0,41603.0,65206.0,109968.0
17220,"Clarksburg, WV Micro Area",2022,36002,52486,23083.0,41985.0,69995.0,114418.0
17220,"Clarksburg, WV Micro Area",2023,36696,58340,24571.0,47002.0,72027.0,116208.0
17220,"Clarksburg, WV Micro Area",2024,36690,60731,25642.0,46961.0,76945.0,129002.0
17300,"Clarksville, TN-KY Metro Area",2005,88859,40355,,,,
17300,"Clarksville, TN-KY Metro Area",2006,91840,42970,19008.0,34049.0,50660.0,76662.0
17300,"Clarksville, TN-KY Metro Area",2007,98659,45203,20404.0,36201.0,53656.0,82276.0
17300,"Clarksville, TN-KY Metro Area",2008,97193,44201,18626.0,35980.0,53524.0,81123.0
17300,"Clarksville, TN-KY Metro Area",2009,100050,41685,18040.0,33534.0,51603.0,79696.0
17300,"Clarksville, TN-KY Metro Area",2010,99039,42262,19797.0,35347.0,51850.0,77085.0
17300,"Clarksville, TN-KY Metro Area",2011,100069,42658,18569.0,34540.0,53862.0,83033.0
17300,"Clarksville, TN-KY Metro Area",2012,101067,44392,20815.0,35649.0,53552.0,80242.0
17300,"Clarksville, TN-KY Metro Area",2013,96258,48938,21459.0,40028.0,57904.0,83993.0
17300,"Clarksville, TN-KY Metro Area",2014,97747,45130,20969.0,37013.0,56306.0,85106.0
17300,"Clarksville, TN-KY Metro Area",2015,101265,46070,23204.0,38993.0,55250.0,83261.0
17300,"Clarksville, TN-KY Metro Area",2016,100564,51373,22137.0,40914.0,63074.0,88941.0
17300,"Clarksville, TN-KY Metro Area",2017,105056,54667,22949.0,43615.0,68006.0,100643.0
17300,"Clarksville, TN-KY Metro Area",2018,104502,51280,24472.0,40351.0,64490.0,100445.0
17300,"Clarksville, TN-KY Metro Area",2019,115195,53547,25589.0,44523.0,65227.0,101019.0
17300,"Clarksville, TN-KY Metro Area",2021,121468,59255,28156.0,47936.0,71677.0,102628.0
17300,"Clarksville, TN-KY Metro Area",2022,127103,65113,31951.0,53369.0,79290.0,120021.0
17300,"Clarksville, TN-KY Metro Area",2023,129593,67082,30384.0,55871.0,82156.0,124468.0
17300,"Clarksville, TN-KY Metro Area",2024,133048,72347,36550.0,60009.0,89930.0,129609.0
17340,"Clearlake, CA Micro Area",2006,25212,37628,16661.0,29844.0,44590.0,63772.0
17340,"Clearlake, CA Micro Area",2007,23326,40946,18044.0,32979.0,51570.0,83565.0
17340,"Clearlake, CA Micro Area",2008,24459,40538,19120.0,33815.0,50048.0,78031.0
17340,"Clearlake, CA Micro Area",2009,26670,39343,14454.0,29969.0,50189.0,89145.0
17340,"Clearlake, CA Micro Area",2010,24521,34910,15250.0,25878.0,42494.0,69207.0
17340,"Clearlake, CA Micro Area",2011,28885,35991,19144.0,29893.0,45913.0,78552.0
17340,"Clearlake, CA Micro Area",2012,26228,33219,11614.0,25285.0,43461.0,70637.0
17340,"Clearlake, CA Micro Area",2013,26194,37079,15942.0,26899.0,51399.0,77502.0
17340,"Clearlake, CA Micro Area",2014,27636,34529,13560.0,25922.0,44174.0,75754.0
17340,"Clearlake, CA Micro Area",2015,26335,37294,16917.0,30678.0,47409.0,79312.0
17340,"Clearlake, CA Micro Area",2016,24593,42029,19094.0,33114.0,53645.0,84720.0
17340,"Clearlake, CA Micro Area",2017,27399,48930,14951.0,36564.0,61675.0,96187.0
17340,"Clearlake, CA Micro Area",2018,26774,48554,21777.0,38456.0,61252.0,102336.0
17340,"Clearlake, CA Micro Area",2019,25968,47138,21837.0,38717.0,56293.0,96387.0
17340,"Clearlake, CA Micro Area",2021,27472,61221,24941.0,49372.0,73088.0,119811.0
17340,"Clearlake, CA Micro Area",2022,27058,51259,18856.0,39435.0,63209.0,109040.0
17340,"Clearlake, CA Micro Area",2023,26092,59444,19453.0,49205.0,73405.0,134151.0
17340,"Clearlake, CA Micro Area",2024,27912,51434,19370.0,38567.0,65257.0,107558.0
17410,"Cleveland, OH Metro Area",2023,931312,67586,28883.0,53318.0,85682.0,138495.0
17410,"Cleveland, OH Metro Area",2024,936673,72532,30125.0,57100.0,90754.0,145999.0
17420,"Cleveland, TN Metro Area",2005,43477,37523,,,,
17420,"Cleveland, TN Metro Area",2006,43607,35975,14740.0,29061.0,44523.0,74695.0
17420,"Cleveland, TN Metro Area",2007,43337,37954,16359.0,31759.0,48333.0,75016.0
17420,"Cleveland, TN Metro Area",2008,43985,38977,18709.0,31568.0,46575.0,74139.0
17420,"Cleveland, TN Metro Area",2009,44560,38395,15113.0,31713.0,49821.0,72959.0
17420,"Cleveland, TN Metro Area",2010,43805,37193,15153.0,29373.0,45517.0,69950.0
17420,"Cleveland, TN Metro Area",2011,44578,37092,16467.0,29928.0,50081.0,76998.0
17420,"Cleveland, TN Metro Area",2012,46079,38343,16976.0,30068.0,47788.0,75205.0
17420,"Cleveland, TN Metro Area",2013,46157,42107,16934.0,33090.0,51965.0,84181.0
17420,"Cleveland, TN Metro Area",2014,44048,41176,17738.0,32488.0,50823.0,82188.0
17420,"Cleveland, TN Metro Area",2015,46389,42380,16965.0,32434.0,55200.0,88888.0
17420,"Cleveland, TN Metro Area",2016,47253,44881,22685.0,39048.0,56830.0,86078.0
17420,"Cleveland, TN Metro Area",2017,47923,46822,22059.0,37858.0,60277.0,92309.0
17420,"Cleveland, TN Metro Area",2018,46778,48101,22498.0,39024.0,57105.0,91673.0
17420,"Cleveland, TN Metro Area",2019,46936,52178,20333.0,42294.0,64862.0,102730.0
17420,"Cleveland, TN Metro Area",2021,50236,56350,26211.0,44478.0,71209.0,110448.0
17420,"Cleveland, TN Metro Area",2022,49379,62624,25892.0,48231.0,76222.0,113509.0
17420,"Cleveland, TN Metro Area",2023,50001,61033,24584.0,47527.0,74174.0,113445.0
17420,"Cleveland, TN Metro Area",2024,50023,71568,30412.0,57829.0,88537.0,125173.0
17460,"Cleveland-Elyria-Mentor, OH Metro Area",2005,850175,44281,,,,
17460,"Cleveland-Elyria-Mentor, OH Metro Area",2006,835188,45925,18739.0,36136.0,57057.0,89566.0
17460,"Cleveland-Elyria-Mentor, OH Metro Area",2007,835704,48227,19543.0,38300.0,59926.0,92303.0
17460,"Cleveland-Elyria-Mentor, OH Metro Area",2008,837158,49206,19607.0,38283.0,60748.0,95754.0
17460,"Cleveland-Elyria-Mentor, OH Metro Area",2009,838323,45395,18178.0,35897.0,57645.0,90706.0
17460,"Cleveland-Elyria-Mentor, OH Metro Area",2010,840929,46231,19307.0,36316.0,58126.0,91440.0
17460,"Cleveland-Elyria-Mentor, OH Metro Area",2011,844779,45936,18411.0,35869.0,57680.0,92199.0
17460,"Cleveland-Elyria-Mentor, OH Metro Area",2012,839838,46944,18319.0,36084.0,59864.0,96033.0
17460,"Cleveland-Elyria, OH Metro Area",2013,844428,49358,19578.0,37756.0,62175.0,100478.0
17460,"Cleveland-Elyria, OH Metro Area",2014,848493,49889,19575.0,38701.0,62335.0,100678.0
17460,"Cleveland-Elyria, OH Metro Area",2015,849475,51049,20805.0,39873.0,64281.0,102630.0
17460,"Cleveland-Elyria, OH Metro Area",2016,851882,52131,21064.0,41192.0,65633.0,105826.0
17460,"Cleveland-Elyria, OH Metro Area",2017,862586,52489,21076.0,40914.0,66886.0,107883.0
17460,"Cleveland-Elyria, OH Metro Area",2018,866039,56203,22358.0,43697.0,71455.0,114190.0
17460,"Cleveland-Elyria, OH Metro Area",2019,872626,57228,23359.0,45259.0,71201.0,114643.0
17460,"Cleveland-Elyria, OH Metro Area",2021,890105,62315,25443.0,48487.0,77975.0,124830.0
17460,"Cleveland-Elyria, OH Metro Area",2022,891430,65198,26185.0,51649.0,83029.0,134023.0
17580,"Clovis, NM Micro Area",2023,26922,52968,17914.0,42575.0,62654.0,101165.0
17580,"Clovis, NM Micro Area",2024,28975,55418,23598.0,46120.0,66663.0,110485.0
17620,"Coamo, PR Micro Area",2009,21895,13126,4812.0,9565.0,16570.0,30076.0
17620,"Coamo, PR Micro Area",2010,26008,15902,5058.0,11902.0,21387.0,38608.0
17620,"Coamo, PR Micro Area",2011,25750,13443,5121.0,10574.0,19036.0,35481.0
17620,"Coamo, PR Micro Area",2012,24688,17970,5523.0,12799.0,22337.0,38074.0
17660,"Coeur d'Alene, ID Metro Area",2005,48082,36675,,,,
17660,"Coeur d'Alene, ID Metro Area",2006,51287,40346,19827.0,33324.0,48832.0,77801.0
17660,"Coeur d'Alene, ID Metro Area",2007,53505,46669,21083.0,37709.0,56381.0,84589.0
17660,"Coeur d'Alene, ID Metro Area",2008,53060,50047,24201.0,41294.0,58235.0,85777.0
17660,"Coeur d'Alene, ID Metro Area",2009,54456,47431,21512.0,39687.0,55624.0,81807.0
17660,"Coeur d'Alene, ID Metro Area",2010,55456,42316,20269.0,34110.0,51459.0,78396.0
17660,"Coeur d'Alene, ID Metro Area",2011,56226,47782,21968.0,38656.0,57140.0,82558.0
17660,"Coeur d'Alene, ID Metro Area",2012,55848,46870,22394.0,38239.0,57021.0,82408.0
17660,"Coeur d'Alene, ID Metro Area",2013,55836,54919,24658.0,42276.0,62852.0,84764.0
17660,"Coeur d'Alene, ID Metro Area",2014,56177,48776,25001.0,39452.0,58629.0,95171.0
17660,"Coeur d'Alene, ID Metro Area",2015,58675,47860,19060.0,37845.0,59018.0,97839.0
17660,"Coeur d'Alene, ID Metro Area",2016,58875,51765,25155.0,42117.0,63175.0,100114.0
17660,"Coeur d'Alene, ID Metro Area",2017,60383,57219,30972.0,48369.0,67366.0,102351.0
17660,"Coeur d'Alene, ID Metro Area",2018,64955,55236,26406.0,45526.0,68752.0,102401.0
17660,"Coeur d'Alene, ID Metro Area",2019,65283,62579,29873.0,51299.0,72818.0,105970.0
17660,"Coeur d'Alene, ID Metro Area",2021,67771,67593,32042.0,56298.0,83742.0,120987.0
17660,"Coeur d'Alene, ID Metro Area",2022,71309,75328,34640.0,60475.0,89143.0,132650.0
17660,"Coeur d'Alene, ID Metro Area",2023,74253,73456,31878.0,57017.0,92666.0,144024.0
17660,"Coeur d'Alene, ID Metro Area",2024,76775,83061,37522.0,68509.0,104849.0,142301.0
17780,"College Station-Bryan, TX Metro Area",2005,74439,30896,,,,
17780,"College Station-Bryan, TX Metro Area",2006,74077,36164,11139.0,25652.0,47317.0,78203.0
17780,"College Station-Bryan, TX Metro Area",2007,75530,38238,13270.0,28291.0,49178.0,82796.0
17780,"College Station-Bryan, TX Metro Area",2008,75403,37723,12452.0,28974.0,50640.0,81869.0
17780,"College Station-Bryan, TX Metro Area",2009,77469,34137,11025.0,24958.0,47916.0,84112.0
17780,"College Station-Bryan, TX Metro Area",2010,81720,35961,11149.0,25631.0,47578.0,82339.0
17780,"College Station-Bryan, TX Metro Area",2011,79146,35417,10834.0,25221.0,46611.0,79700.0
17780,"College Station-Bryan, TX Metro Area",2012,82134,40346,12914.0,30480.0,51949.0,86219.0
17780,"College Station-Bryan, TX Metro Area",2013,85573,39657,13890.0,30487.0,52319.0,89292.0
17780,"College Station-Bryan, TX Metro Area",2014,89858,42116,15130.0,33352.0,54304.0,88983.0
17780,"College Station-Bryan, TX Metro Area",2015,90526,46341,18492.0,35331.0,60019.0,101351.0
17780,"College Station-Bryan, TX Metro Area",2016,91033,42233,17262.0,33149.0,56427.0,105961.0
17780,"College Station-Bryan, TX Metro Area",2017,91999,45515,15170.0,34950.0,58044.0,96549.0
17780,"College Station-Bryan, TX Metro Area",2018,94615,50512,19776.0,38885.0,64230.0,106820.0
17780,"College Station-Bryan, TX Metro Area",2019,94597,55670,20722.0,41441.0,70982.0,110920.0
17780,"College Station-Bryan, TX Metro Area",2021,99917,49927,19959.0,40199.0,64084.0,109616.0
17780,"College Station-Bryan, TX Metro Area",2022,109360,60804,20993.0,44548.0,77479.0,131848.0
17780,"College Station-Bryan, TX Metro Area",2023,107713,54680,21428.0,42069.0,73571.0,125472.0
17780,"College Station-Bryan, TX Metro Area",2024,111990,61983,23617.0,46903.0,81151.0,134889.0
17820,"Colorado Springs, CO Metro Area",2005,224289,51146,,,,
17820,"Colorado Springs, CO Metro Area",2006,228414,53486,24391.0,42458.0,65437.0,98794.0
17820,"Colorado Springs, CO Metro Area",2007,226445,55304,25608.0,45148.0,67647.0,100330.0
17820,"Colorado Springs, CO Metro Area",2008,229554,58911,27241.0,47699.0,69679.0,105017.0
17820,"Colorado Springs, CO Metro Area",2009,236598,55176,25091.0,44713.0,67754.0,101899.0
17820,"Colorado Springs, CO Metro Area",2010,244194,51683,22261.0,41703.0,64029.0,102177.0
17820,"Colorado Springs, CO Metro Area",2011,247254,54877,23467.0,43813.0,67690.0,106661.0
17820,"Colorado Springs, CO Metro Area",2012,247950,55320,24285.0,44834.0,69572.0,107425.0
17820,"Colorado Springs, CO Metro Area",2013,250601,57484,26952.0,46818.0,71270.0,110509.0
17820,"Colorado Springs, CO Metro Area",2014,255330,59411,25744.0,47943.0,72690.0,112201.0
17820,"Colorado Springs, CO Metro Area",2015,261435,60458,27526.0,49028.0,74281.0,114463.0
17820,"Colorado Springs, CO Metro Area",2016,267621,63651,28154.0,50631.0,77499.0,119177.0
17820,"Colorado Springs, CO Metro Area",2017,268122,65593,30142.0,53240.0,79343.0,123114.0
17820,"Colorado Springs, CO Metro Area",2018,271694,67430,30683.0,54207.0,82120.0,125063.0
17820,"Colorado Springs, CO Metro Area",2019,275778,72633,34079.0,59813.0,88672.0,132938.0
17820,"Colorado Springs, CO Metro Area",2021,294814,79014,38947.0,63473.0,95882.0,145583.0
17820,"Colorado Springs, CO Metro Area",2022,306162,81912,37849.0,67681.0,99497.0,153647.0
17820,"Colorado Springs, CO Metro Area",2023,311530,89792,42492.0,72920.0,108518.0,161989.0
17820,"Colorado Springs, CO Metro Area",2024,316919,90760,43793.0,73353.0,110770.0,169168.0
17860,"Columbia, MO Metro Area",2005,64910,39099,,,,
17860,"Columbia, MO Metro Area",2006,66593,42063,19017.0,32932.0,50839.0,87354.0
17860,"Columbia, MO Metro Area",2007,67562,44832,19146.0,35081.0,56543.0,85574.0
17860,"Columbia, MO Metro Area",2008,67023,46777,20015.0,37294.0,55798.0,85206.0
17860,"Columbia, MO Metro Area",2009,69925,46416,19825.0,36735.0,58072.0,85673.0
17860,"Columbia, MO Metro Area",2010,67997,40853,15195.0,32110.0,52563.0,86915.0
17860,"Columbia, MO Metro Area",2011,66868,46703,18229.0,37615.0,60359.0,92004.0
17860,"Columbia, MO Metro Area",2012,69963,43172,17235.0,33497.0,58610.0,96267.0
17860,"Columbia, MO Metro Area",2013,67680,48953,16596.0,37231.0,60117.0,98745.0
17860,"Columbia, MO Metro Area",2014,67198,50085,17989.0,38322.0,61417.0,97272.0
17860,"Columbia, MO Metro Area",2015,69152,50520,18029.0,39416.0,63399.0,101345.0
17860,"Columbia, MO Metro Area",2016,68848,52752,20573.0,40592.0,68214.0,101736.0
17860,"Columbia, MO Metro Area",2017,70355,51340,23004.0,41718.0,65409.0,108110.0
17860,"Columbia, MO Metro Area",2018,72217,54356,24987.0,42440.0,66556.0,109984.0
17860,"Columbia, MO Metro Area",2019,80127,57359,23611.0,45759.0,73968.0,112845.0
17860,"Columbia, MO Metro Area",2021,84946,61781,24108.0,47348.0,75232.0,120932.0
17860,"Columbia, MO Metro Area",2022,87953,62044,24224.0,50851.0,77196.0,122189.0
17860,"Columbia, MO Metro Area",2023,87256,69375,28357.0,56277.0,88090.0,135276.0
17860,"Columbia, MO Metro Area",2024,88462,80142,34027.0,62383.0,96177.0,145247.0
17900,"Columbia, SC Metro Area",2005,263801,43106,,,,
17900,"Columbia, SC Metro Area",2006,270229,45964,20264.0,36177.0,56118.0,84916.0
17900,"Columbia, SC Metro Area",2007,278694,47605,20905.0,38157.0,58790.0,91226.0
17900,"Columbia, SC Metro Area",2008,279991,48841,20689.0,38097.0,60653.0,95296.0
17900,"Columbia, SC Metro Area",2009,285695,47615,20830.0,38047.0,58603.0,92313.0
17900,"Columbia, SC Metro Area",2010,293357,45929,19283.0,36475.0,57024.0,88029.0
17900,"Columbia, SC Metro Area",2011,295442,45292,19046.0,36078.0,56197.0,90452.0
17900,"Columbia, SC Metro Area",2012,294039,48763,20495.0,39203.0,60379.0,94581.0
17900,"Columbia, SC Metro Area",2013,296310,48672,21176.0,38255.0,60826.0,93006.0
17900,"Columbia, SC Metro Area",2014,298600,50091,21379.0,39659.0,61362.0,97118.0
17900,"Columbia, SC Metro Area",2015,302634,51369,21575.0,40321.0,63914.0,97912.0
17900,"Columbia, SC Metro Area",2016,309016,52247,22249.0,42677.0,64401.0,100061.0
17900,"Columbia, SC Metro Area",2017,309760,54480,21492.0,42276.0,67172.0,104765.0
17900,"Columbia, SC Metro Area",2018,315092,53765,23698.0,43286.0,67608.0,102883.0
17900,"Columbia, SC Metro Area",2019,317998,55725,22494.0,43522.0,71722.0,117533.0
17900,"Columbia, SC Metro Area",2021,334313,58213,24309.0,45730.0,71710.0,115531.0
17900,"Columbia, SC Metro Area",2022,339602,63933,30125.0,51496.0,79713.0,122799.0
17900,"Columbia, SC Metro Area",2023,346000,67189,29127.0,52383.0,82473.0,133041.0
17900,"Columbia, SC Metro Area",2024,351807,70788,30388.0,55341.0,85695.0,137515.0
17940,"Columbia, TN Micro Area",2005,29440,40992,,,,
17940,"Columbia, TN Micro Area",2006,31310,44769,19824.0,33452.0,55004.0,81857.0
17940,"Columbia, TN Micro Area",2007,31542,45354,22274.0,36349.0,56565.0,80461.0
17940,"Columbia, TN Micro Area",2008,33285,46596,20002.0,36291.0,53102.0,79937.0
17940,"Columbia, TN Micro Area",2009,33145,42806,18834.0,34715.0,50324.0,75957.0
17940,"Columbia, TN Micro Area",2010,31812,45435,16204.0,34745.0,53451.0,79144.0
17940,"Columbia, TN Micro Area",2011,31325,40518,18639.0,33909.0,53119.0,76495.0
17940,"Columbia, TN Micro Area",2012,31960,41953,16268.0,31863.0,51510.0,75615.0
17980,"Columbus, GA-AL Metro Area",2005,108453,33453,,,,
17980,"Columbus, GA-AL Metro Area",2006,108763,39501,15917.0,30995.0,49115.0,75363.0
17980,"Columbus, GA-AL Metro Area",2007,109993,41934,15964.0,32218.0,52243.0,82265.0
17980,"Columbus, GA-AL Metro Area",2008,111089,38559,14974.0,30510.0,50048.0,76371.0
17980,"Columbus, GA-AL Metro Area",2009,111487,40335,16601.0,30113.0,50126.0,77860.0
17980,"Columbus, GA-AL Metro Area",2010,108930,36553,15063.0,29391.0,47337.0,79901.0
17980,"Columbus, GA-AL Metro Area",2011,108512,39574,16966.0,30809.0,50563.0,84684.0
17980,"Columbus, GA-AL Metro Area",2012,110334,42972,17481.0,33512.0,54133.0,83448.0
17980,"Columbus, GA-AL Metro Area",2013,110901,40388,15810.0,31782.0,51135.0,81157.0
17980,"Columbus, GA-AL Metro Area",2014,113195,42669,19707.0,34856.0,52884.0,84599.0
17980,"Columbus, GA-AL Metro Area",2015,112983,41592,16527.0,31532.0,51278.0,85587.0
17980,"Columbus, GA-AL Metro Area",2016,113256,43412,16545.0,32726.0,55365.0,92259.0
17980,"Columbus, GA-AL Metro Area",2017,112937,43051,16287.0,32858.0,55860.0,92120.0
17980,"Columbus, GA-AL Metro Area",2018,114607,49731,17538.0,37139.0,60547.0,95349.0
17980,"Columbus, GA-AL Metro Area",2019,119728,49013,19674.0,37443.0,61593.0,100597.0
17980,"Columbus, GA-AL Metro Area",2021,127247,52802,20781.0,41020.0,63494.0,98782.0
17980,"Columbus, GA-AL Metro Area",2022,125934,54106,21522.0,42151.0,67794.0,105046.0
17980,"Columbus, GA-AL Metro Area",2023,131169,54661,20611.0,42961.0,68417.0,112902.0
17980,"Columbus, GA-AL Metro Area",2024,128387,60100,22359.0,47183.0,75845.0,122940.0
18020,"Columbus, IN Metro Area",2005,28138,44320,,,,
18020,"Columbus, IN Metro Area",2006,27983,49838,24599.0,40890.0,62818.0,85052.0
18020,"Columbus, IN Metro Area",2007,27850,54406,26486.0,44924.0,65780.0,96492.0
18020,"Columbus, IN Metro Area",2008,29616,50933,24191.0,43177.0,61900.0,98094.0
18020,"Columbus, IN Metro Area",2009,28780,49415,27639.0,42851.0,60075.0,95068.0
18020,"Columbus, IN Metro Area",2010,31046,47192,20807.0,37427.0,58111.0,93530.0
18020,"Columbus, IN Metro Area",2011,29086,54197,22403.0,43268.0,64511.0,98845.0
18020,"Columbus, IN Metro Area",2012,29640,53671,24402.0,40524.0,64782.0,96719.0
18020,"Columbus, IN Metro Area",2013,30359,52505,26598.0,42453.0,67403.0,103766.0
18020,"Columbus, IN Metro Area",2014,31827,53002,22527.0,42483.0,63899.0,97831.0
18020,"Columbus, IN Metro Area",2015,31131,54447,26082.0,45923.0,67044.0,100490.0
18020,"Columbus, IN Metro Area",2016,31626,59102,25386.0,45697.0,70623.0,102160.0
18020,"Columbus, IN Metro Area",2017,31498,61533,28135.0,50217.0,75846.0,115732.0
18020,"Columbus, IN Metro Area",2018,31891,62047,29564.0,50733.0,74115.0,112080.0
18020,"Columbus, IN Metro Area",2019,30383,72555,30296.0,55381.0,82223.0,128132.0
18020,"Columbus, IN Metro Area",2021,32518,73564,34054.0,60201.0,88113.0,130988.0
18020,"Columbus, IN Metro Area",2022,34436,65739,25314.0,52438.0,84334.0,129968.0
18020,"Columbus, IN Metro Area",2023,33777,81832,32131.0,66065.0,99631.0,150940.0
18020,"Columbus, IN Metro Area",2024,33605,80438,35142.0,65221.0,95167.0,138155.0
18060,"Columbus, MS Micro Area",2024,27091,52139,21919.0,40071.0,69642.0,117821.0
18140,"Columbus, OH Metro Area",2005,669764,48475,,,,
18140,"Columbus, OH Metro Area",2006,679926,49920,21121.0,39572.0,61127.0,94987.0
18140,"Columbus, OH Metro Area",2007,684217,51707,22332.0,41043.0,63756.0,98372.0
18140,"Columbus, OH Metro Area",2008,690139,54393,23306.0,43188.0,67142.0,102443.0
18140,"Columbus, OH Metro Area",2009,693137,50773,21525.0,40149.0,62773.0,99304.0
18140,"Columbus, OH Metro Area",2010,707956,51039,21191.0,40292.0,63494.0,100064.0
18140,"Columbus, OH Metro Area",2011,715770,52315,21624.0,40532.0,65566.0,103082.0
18140,"Columbus, OH Metro Area",2012,719081,53699,22320.0,42397.0,66839.0,104330.0
18140,"Columbus, OH Metro Area",2013,750394,54079,23083.0,42723.0,66992.0,106633.0
18140,"Columbus, OH Metro Area",2014,764395,56371,23402.0,44359.0,71131.0,111045.0
18140,"Columbus, OH Metro Area",2015,772304,58192,24525.0,45840.0,72079.0,111726.0
18140,"Columbus, OH Metro Area",2016,779547,60294,25638.0,47776.0,73959.0,116591.0
18140,"Columbus, OH Metro Area",2017,788946,63764,27083.0,50709.0,78722.0,120271.0
18140,"Columbus, OH Metro Area",2018,801805,64052,28163.0,51294.0,79843.0,123639.0
18140,"Columbus, OH Metro Area",2019,817086,67207,29772.0,53820.0,83745.0,130645.0
18140,"Columbus, OH Metro Area",2021,856193,71839,32330.0,57296.0,89383.0,136465.0
18140,"Columbus, OH Metro Area",2022,864711,75777,33301.0,59828.0,94393.0,149397.0
18140,"Columbus, OH Metro Area",2023,879910,77390,33854.0,60465.0,97470.0,153913.0
18140,"Columbus, OH Metro Area",2024,880121,82938,36387.0,66156.0,102230.0,162574.0
18180,"Concord, NH Micro Area",2005,54541,53432,,,,
18180,"Concord, NH Micro Area",2006,57104,55072,26518.0,46450.0,67249.0,100212.0
18180,"Concord, NH Micro Area",2007,55009,59579,26869.0,47052.0,71870.0,103495.0
18180,"Concord, NH Micro Area",2008,56694,66894,28727.0,54034.0,80186.0,109874.0
18180,"Concord, NH Micro Area",2009,55897,63018,27333.0,50884.0,76974.0,110400.0
18180,"Concord, NH Micro Area",2010,57224,61310,26965.0,48867.0,72351.0,106460.0
18180,"Concord, NH Micro Area",2011,57535,66221,28401.0,52262.0,79880.0,113495.0
18180,"Concord, NH Micro Area",2012,57222,58742,25460.0,46852.0,76001.0,112906.0
18180,"Concord, NH Micro Area",2013,55085,65662,29346.0,52220.0,80406.0,115867.0
18180,"Concord, NH Micro Area",2014,57023,62418,28537.0,51254.0,78253.0,116936.0
18180,"Concord, NH Micro Area",2015,55235,68566,29285.0,54554.0,82629.0,125334.0
18180,"Concord, NH Micro Area",2016,57531,69505,31617.0,57820.0,86431.0,124720.0
18180,"Concord, NH Micro Area",2017,58220,70764,32810.0,56729.0,83685.0,122288.0
18180,"Concord, NH Micro Area",2018,58521,75088,32920.0,56987.0,90632.0,130821.0
18180,"Concord, NH Micro Area",2019,60017,76218,32448.0,60898.0,88544.0,137131.0
18180,"Concord, NH Micro Area",2021,58733,80918,34245.0,64668.0,100189.0,147964.0
18180,"Concord, NH Micro Area",2022,62024,84690,42026.0,70656.0,105512.0,167936.0
18180,"Concord, NH Micro Area",2023,62305,92110,38989.0,72737.0,112378.0,164087.0
18180,"Concord, NH Micro Area",2024,62719,96254,43229.0,75753.0,115581.0,175028.0
18260,"Cookeville, TN Micro Area",2005,39527,30754,,,,
18260,"Cookeville, TN Micro Area",2006,40533,33537,14453.0,26368.0,41687.0,63617.0
18260,"Cookeville, TN Micro Area",2007,41883,32792,12771.0,24650.0,40042.0,64413.0
18260,"Cookeville, TN Micro Area",2008,38892,34257,14392.0,27037.0,42986.0,71399.0
18260,"Cookeville, TN Micro Area",2009,40790,31790,12852.0,24800.0,40089.0,61209.0
18260,"Cookeville, TN Micro Area",2010,41145,34208,14811.0,27261.0,42736.0,72989.0
18260,"Cookeville, TN Micro Area",2011,42284,31258,13772.0,24314.0,41957.0,65740.0
18260,"Cookeville, TN Micro Area",2012,41495,31813,13241.0,24255.0,40862.0,71951.0
18260,"Cookeville, TN Micro Area",2013,43720,32438,12209.0,24218.0,41839.0,73243.0
18260,"Cookeville, TN Micro Area",2014,42778,36411,14747.0,28076.0,47585.0,67492.0
18260,"Cookeville, TN Micro Area",2015,43626,37933,15256.0,29149.0,46895.0,78106.0
18260,"Cookeville, TN Micro Area",2016,45459,35028,14082.0,26194.0,47230.0,77657.0
18260,"Cookeville, TN Micro Area",2017,44284,38421,16014.0,31281.0,47884.0,80731.0
18260,"Cookeville, TN Micro Area",2018,46184,45179,20110.0,34991.0,55771.0,91709.0
18260,"Cookeville, TN Micro Area",2019,44812,47879,18989.0,36218.0,58788.0,88237.0
18260,"Cookeville, TN Micro Area",2021,47816,50660,18602.0,40400.0,66850.0,104933.0
18260,"Cookeville, TN Micro Area",2022,48205,53399,19278.0,41017.0,66128.0,109861.0
18260,"Cookeville, TN Micro Area",2023,60770,57427,19797.0,43135.0,71844.0,111736.0
18260,"Cookeville, TN Micro Area",2024,60000,57851,24973.0,45097.0,74449.0,110798.0
18300,"Coos Bay, OR Micro Area",2005,29424,30545,,,,
18300,"Coos Bay, OR Micro Area",2006,28507,36285,14430.0,27894.0,45910.0,68396.0
18300,"Coos Bay, OR Micro Area",2007,28168,38055,18123.0,30607.0,47845.0,69015.0
18300,"Coos Bay, OR Micro Area",2008,28211,34832,15828.0,29085.0,45562.0,70318.0
18300,"Coos Bay, OR Micro Area",2009,27439,34912,14018.0,29117.0,42837.0,69338.0
18300,"Coos Bay, OR Micro Area",2010,25723,35955,14847.0,27257.0,44257.0,68834.0
18300,"Coos Bay, OR Micro Area",2011,27008,36712,16639.0,27835.0,48349.0,67259.0
18300,"Coos Bay, OR Micro Area",2012,24818,35016,15507.0,28088.0,45150.0,69282.0
18300,"Coos Bay, OR Micro Area",2013,26317,37522,18234.0,31908.0,44826.0,69425.0
18300,"Coos Bay, OR Micro Area",2014,25160,40967,15326.0,31563.0,48733.0,80473.0
18300,"Coos Bay, OR Micro Area",2015,26364,38351,17258.0,31211.0,47822.0,73186.0
18300,"Coos Bay, OR Micro Area",2016,25862,40938,17057.0,32569.0,54862.0,81124.0
18300,"Coos Bay, OR Micro Area",2017,26578,41212,15232.0,33451.0,51756.0,81953.0
18300,"Coos Bay, OR Micro Area",2018,27889,50323,24333.0,41246.0,59970.0,89750.0
18300,"Coos Bay, OR Micro Area",2019,27643,50527,20829.0,40933.0,64114.0,100978.0
18340,"Corbin, KY Micro Area",2023,57160,43161,16040.0,34227.0,60361.0,97543.0
18340,"Corbin, KY Micro Area",2024,57422,48179,16897.0,37480.0,61615.0,101316.0
18500,"Corning, NY Micro Area",2005,39897,38635,,,,
18500,"Corning, NY Micro Area",2006,38727,41541,18542.0,34286.0,50666.0,75513.0
18500,"Corning, NY Micro Area",2007,38658,41015,17389.0,31092.0,49475.0,77135.0
18500,"Corning, NY Micro Area",2008,38380,43397,18691.0,34155.0,52004.0,83013.0
18500,"Corning, NY Micro Area",2009,41247,42635,19265.0,34195.0,50832.0,79696.0
18500,"Corning, NY Micro Area",2010,41052,45995,20205.0,36744.0,55625.0,84860.0
18500,"Corning, NY Micro Area",2011,41843,43457,19624.0,34392.0,52419.0,82017.0
18500,"Corning, NY Micro Area",2012,41597,46445,20193.0,38198.0,57038.0,85618.0
18500,"Corning, NY Micro Area",2013,41241,47046,19520.0,35527.0,58755.0,91184.0
18500,"Corning, NY Micro Area",2014,41046,46889,18354.0,36658.0,57206.0,86335.0
18500,"Corning, NY Micro Area",2015,39517,47146,19387.0,37215.0,58759.0,94382.0
18500,"Corning, NY Micro Area",2016,38458,50575,24809.0,40468.0,62330.0,99639.0
18500,"Corning, NY Micro Area",2017,38382,50930,24544.0,41447.0,60768.0,94616.0
18500,"Corning, NY Micro Area",2018,40578,55569,21963.0,44067.0,66973.0,101859.0
18500,"Corning, NY Micro Area",2019,39283,52951,22381.0,42225.0,66379.0,107289.0
18500,"Corning, NY Micro Area",2021,39500,57378,24779.0,44531.0,73436.0,113884.0
18500,"Corning, NY Micro Area",2022,40347,60204,29623.0,48058.0,76592.0,119190.0
18500,"Corning, NY Micro Area",2023,38764,64238,25457.0,51050.0,80951.0,122203.0
18500,"Corning, NY Micro Area",2024,39584,68613,27545.0,54383.0,85508.0,122834.0
18580,"Corpus Christi, TX Metro Area",2005,148104,38158,,,,
18580,"Corpus Christi, TX Metro Area",2006,149134,37103,15261.0,29186.0,48969.0,78785.0
18580,"Corpus Christi, TX Metro Area",2007,150850,40573,16218.0,31427.0,51336.0,84858.0
18580,"Corpus Christi, TX Metro Area",2008,150528,45869,19168.0,36218.0,55416.0,88676.0
18580,"Corpus Christi, TX Metro Area",2009,152080,42278,17932.0,32337.0,53448.0,85755.0
18580,"Corpus Christi, TX Metro Area",2010,154206,41994,18048.0,32413.0,54380.0,87282.0
18580,"Corpus Christi, TX Metro Area",2011,152710,44342,18094.0,34699.0,55780.0,91143.0
18580,"Corpus Christi, TX Metro Area",2012,156182,49047,20709.0,37748.0,60735.0,94633.0
18580,"Corpus Christi, TX Metro Area",2013,160549,48688,20301.0,38476.0,61485.0,97852.0
18580,"Corpus Christi, TX Metro Area",2014,160869,52050,21674.0,41567.0,63488.0,101849.0
18580,"Corpus Christi, TX Metro Area",2015,161634,50253,20456.0,39478.0,62476.0,96564.0
18580,"Corpus Christi, TX Metro Area",2016,161353,53775,22320.0,42109.0,67112.0,103729.0
18580,"Corpus Christi, TX Metro Area",2017,160796,52193,20871.0,39955.0,65587.0,108008.0
18580,"Corpus Christi, TX Metro Area",2018,161693,54264,22401.0,42591.0,70705.0,106034.0
18580,"Corpus Christi, TX Metro Area",2019,153066,56991,22155.0,44221.0,74929.0,116860.0
18580,"Corpus Christi, TX Metro Area",2021,153119,59853,23971.0,46308.0,74318.0,116279.0
18580,"Corpus Christi, TX Metro Area",2022,156365,61169,25444.0,48891.0,75693.0,119397.0
18580,"Corpus Christi, TX Metro Area",2023,170701,62499,26409.0,52477.0,80865.0,126047.0
18580,"Corpus Christi, TX Metro Area",2024,173169,68650,30064.0,54548.0,83254.0,133963.0
18700,"Corvallis, OR Metro Area",2005,32384,44231,,,,
18700,"Corvallis, OR Metro Area",2006,32600,47707,21967.0,39129.0,60324.0,95576.0
18700,"Corvallis, OR Metro Area",2007,32946,45574,16357.0,34378.0,61343.0,101070.0
18700,"Corvallis, OR Metro Area",2008,33918,53505,18358.0,36860.0,64301.0,101074.0
18700,"Corvallis, OR Metro Area",2009,33398,44616,17682.0,34874.0,54767.0,94657.0
18700,"Corvallis, OR Metro Area",2010,32888,45913,13982.0,32000.0,63314.0,102605.0
18700,"Corvallis, OR Metro Area",2011,33088,42513,13646.0,32172.0,56505.0,99724.0
18700,"Corvallis, OR Metro Area",2012,33395,51133,15980.0,37030.0,66344.0,105625.0
18700,"Corvallis, OR Metro Area",2013,33609,47808,17420.0,37806.0,63422.0,101592.0
18700,"Corvallis, OR Metro Area",2014,33904,52486,17891.0,38262.0,66793.0,105197.0
18700,"Corvallis, OR Metro Area",2015,35062,52852,19280.0,41186.0,75607.0,113990.0
18700,"Corvallis, OR Metro Area",2016,34543,55459,19205.0,43922.0,71967.0,121873.0
18700,"Corvallis, OR Metro Area",2017,35445,60260,22840.0,45450.0,73392.0,117819.0
18700,"Corvallis, OR Metro Area",2018,35520,63773,21745.0,49751.0,81774.0,127787.0
18700,"Corvallis, OR Metro Area",2019,37378,70835,26265.0,54415.0,87098.0,138134.0
18700,"Corvallis, OR Metro Area",2021,39350,64163,22038.0,51566.0,80547.0,131935.0
18700,"Corvallis, OR Metro Area",2022,38831,68524,23987.0,53292.0,86635.0,134326.0
18700,"Corvallis, OR Metro Area",2023,38306,73047,28150.0,55821.0,94613.0,159374.0
18700,"Corvallis, OR Metro Area",2024,39411,79179,25958.0,56752.0,108414.0,171342.0
18880,"Crestview-Fort Walton Beach-Destin, FL Metro Area",2010,70407,51529,24569.0,42319.0,60608.0,96331.0
18880,"Crestview-Fort Walton Beach-Destin, FL Metro Area",2011,70573,49158,21723.0,39259.0,61177.0,98741.0
18880,"Crestview-Fort Walton Beach-Destin, FL Metro Area",2012,75099,52787,23989.0,41479.0,63740.0,97028.0
18880,"Crestview-Fort Walton Beach-Destin, FL Metro Area",2013,98219,53000,21962.0,41771.0,64085.0,101062.0
18880,"Crestview-Fort Walton Beach-Destin, FL Metro Area",2014,95662,53679,24337.0,42408.0,67753.0,103324.0
18880,"Crestview-Fort Walton Beach-Destin, FL Metro Area",2015,102729,53488,25099.0,43381.0,63518.0,100230.0
18880,"Crestview-Fort Walton Beach-Destin, FL Metro Area",2016,103309,58624,26993.0,46828.0,71490.0,109243.0
18880,"Crestview-Fort Walton Beach-Destin, FL Metro Area",2017,108474,59619,24824.0,47801.0,75366.0,111812.0
18880,"Crestview-Fort Walton Beach-Destin, FL Metro Area",2018,108340,63710,26192.0,49105.0,76958.0,120729.0
18880,"Crestview-Fort Walton Beach-Destin, FL Metro Area",2019,102572,62627,30649.0,51081.0,79902.0,119803.0
18880,"Crestview-Fort Walton Beach-Destin, FL Metro Area",2021,118438,67029,30809.0,54547.0,84919.0,140060.0
18880,"Crestview-Fort Walton Beach-Destin, FL Metro Area",2022,123619,76945,39774.0,62054.0,92766.0,142526.0
18880,"Crestview-Fort Walton Beach-Destin, FL Metro Area",2023,121976,81996,38425.0,66365.0,100137.0,152681.0
18880,"Crestview-Fort Walton Beach-Destin, FL Metro Area",2024,124494,81933,39079.0,67586.0,103900.0,155050.0
18900,"Crossville, TN Micro Area",2024,30533,63461,29023.0,49778.0,75185.0,109845.0
18980,"Cullman, AL Micro Area",2005,29919,37153,,,,
18980,"Cullman, AL Micro Area",2006,30953,33959,13846.0,26452.0,42693.0,64592.0
18980,"Cullman, AL Micro Area",2007,31269,39095,16377.0,29616.0,50391.0,71392.0
18980,"Cullman, AL Micro Area",2008,30714,39229,16349.0,30943.0,50373.0,77880.0
18980,"Cullman, AL Micro Area",2009,31055,36628,15960.0,29496.0,48120.0,76709.0
18980,"Cullman, AL Micro Area",2010,29666,35786,14840.0,26415.0,41842.0,73894.0
18980,"Cullman, AL Micro Area",2011,31954,40054,15634.0,30424.0,53828.0,79634.0
18980,"Cullman, AL Micro Area",2012,31450,37287,14792.0,30640.0,44011.0,70671.0
18980,"Cullman, AL Micro Area",2013,32225,39936,16357.0,33783.0,48820.0,82125.0
18980,"Cullman, AL Micro Area",2014,30424,38261,18516.0,29262.0,45957.0,72170.0
18980,"Cullman, AL Micro Area",2015,30798,37862,16285.0,30702.0,45020.0,75900.0
18980,"Cullman, AL Micro Area",2016,30299,39411,18783.0,32314.0,50541.0,82458.0
18980,"Cullman, AL Micro Area",2017,30740,45044,18856.0,36231.0,55168.0,87796.0
18980,"Cullman, AL Micro Area",2018,30323,44612,20582.0,35680.0,55536.0,91775.0
18980,"Cullman, AL Micro Area",2019,32090,50906,24169.0,41529.0,59901.0,89618.0
18980,"Cullman, AL Micro Area",2021,35131,55517,25073.0,44177.0,68632.0,112667.0
18980,"Cullman, AL Micro Area",2022,35966,63229,21493.0,46924.0,80137.0,114598.0
18980,"Cullman, AL Micro Area",2023,35961,58923,23970.0,45606.0,76812.0,119829.0
18980,"Cullman, AL Micro Area",2024,35600,62876,29001.0,48706.0,80101.0,122113.0
19060,"Cumberland, MD-WV Metro Area",2005,40488,33739,,,,
19060,"Cumberland, MD-WV Metro Area",2006,41113,34526,13113.0,27125.0,44086.0,68865.0
19060,"Cumberland, MD-WV Metro Area",2007,40227,35627,17519.0,29307.0,45739.0,72781.0
19060,"Cumberland, MD-WV Metro Area",2008,39129,41654,20159.0,33683.0,51108.0,74774.0
19060,"Cumberland, MD-WV Metro Area",2009,40194,36261,16130.0,27970.0,46577.0,77639.0
19060,"Cumberland, MD-WV Metro Area",2010,40076,34847,14675.0,27430.0,47278.0,76122.0
19060,"Cumberland, MD-WV Metro Area",2011,39621,34819,12463.0,27775.0,42897.0,78342.0
19060,"Cumberland, MD-WV Metro Area",2012,39475,35645,14468.0,26139.0,45753.0,73559.0
19060,"Cumberland, MD-WV Metro Area",2013,37773,35211,15700.0,26721.0,47473.0,73457.0
19060,"Cumberland, MD-WV Metro Area",2014,40318,38580,15897.0,31227.0,49077.0,76089.0
19060,"Cumberland, MD-WV Metro Area",2015,39120,39408,16631.0,29482.0,48318.0,77351.0
19060,"Cumberland, MD-WV Metro Area",2016,38956,45808,19305.0,37263.0,54223.0,83992.0
19060,"Cumberland, MD-WV Metro Area",2017,37611,42113,18475.0,37331.0,55067.0,79980.0
19060,"Cumberland, MD-WV Metro Area",2018,37893,44607,18954.0,33382.0,55512.0,86090.0
19060,"Cumberland, MD-WV Metro Area",2019,36430,49729,20216.0,38681.0,61854.0,89470.0
19060,"Cumberland, MD-WV Metro Area",2021,40079,51440,21539.0,43767.0,66821.0,108353.0
19060,"Cumberland, MD-WV Metro Area",2022,36953,54618,17893.0,37630.0,67152.0,116071.0
19060,"Cumberland, MD-WV Micro Area",2023,38933,56295,23343.0,44341.0,71097.0,115454.0
19060,"Cumberland, MD-WV Micro Area",2024,39260,66580,28542.0,51964.0,78862.0,117129.0
19100,"Dallas-Fort Worth-Arlington, TX Metro Area",2005,2040392,49740,,,,
19100,"Dallas-Fort Worth-Arlington, TX Metro Area",2006,2085819,52001,23600.0,41337.0,65045.0,102028.0
19100,"Dallas-Fort Worth-Arlington, TX Metro Area",2007,2128648,54730,24713.0,43869.0,68135.0,106722.0
19100,"Dallas-Fort Worth-Arlington, TX Metro Area",2008,2182455,56377,25024.0,45043.0,70865.0,110288.0
19100,"Dallas-Fort Worth-Arlington, TX Metro Area",2009,2201105,54539,24030.0,43875.0,68152.0,108857.0
19100,"Dallas-Fort Worth-Arlington, TX Metro Area",2010,2274493,54449,23962.0,43172.0,67547.0,107209.0
19100,"Dallas-Fort Worth-Arlington, TX Metro Area",2011,2300151,55546,24088.0,44083.0,69167.0,110839.0
19100,"Dallas-Fort Worth-Arlington, TX Metro Area",2012,2337076,56954,24350.0,44659.0,70989.0,112413.0
19100,"Dallas-Fort Worth-Arlington, TX Metro Area",2013,2406092,57398,25186.0,45763.0,72221.0,116202.0
19100,"Dallas-Fort Worth-Arlington, TX Metro Area",2014,2445239,59530,25397.0,46789.0,74427.0,119790.0
19100,"Dallas-Fort Worth-Arlington, TX Metro Area",2015,2479995,61644,27152.0,49460.0,76538.0,122309.0
19100,"Dallas-Fort Worth-Arlington, TX Metro Area",2016,2538547,63812,28601.0,51196.0,80129.0,126776.0
19100,"Dallas-Fort Worth-Arlington, TX Metro Area",2017,2573711,67382,30341.0,53752.0,83747.0,132394.0
19100,"Dallas-Fort Worth-Arlington, TX Metro Area",2018,2623878,69445,31155.0,55587.0,86513.0,137779.0
19100,"Dallas-Fort Worth-Arlington, TX Metro Area",2019,2635017,72265,32535.0,58877.0,89793.0,141640.0
19100,"Dallas-Fort Worth-Arlington, TX Metro Area",2021,2836892,75975,33741.0,60932.0,94730.0,150143.0
19100,"Dallas-Fort Worth-Arlington, TX Metro Area",2022,2908436,82823,36512.0,66283.0,103175.0,164442.0
19100,"Dallas-Fort Worth-Arlington, TX Metro Area",2023,2959385,86860,40161.0,70188.0,107358.0,170717.0
19100,"Dallas-Fort Worth-Arlington, TX Metro Area",2024,3012855,92733,40990.0,73976.0,114117.0,181470.0
19140,"Dalton, GA Metro Area",2005,43969,37844,,,,
19140,"Dalton, GA Metro Area",2006,44592,40630,19441.0,32313.0,50105.0,73304.0
19140,"Dalton, GA Metro Area",2007,46075,36362,17344.0,27932.0,45910.0,68865.0
19140,"Dalton, GA Metro Area",2008,47561,42904,20002.0,35987.0,51195.0,74706.0
19140,"Dalton, GA Metro Area",2009,45214,38049,14946.0,29886.0,47879.0,82298.0
19140,"Dalton, GA Metro Area",2010,48349,39476,18521.0,31201.0,50594.0,72965.0
19140,"Dalton, GA Metro Area",2011,48012,35120,16769.0,29215.0,44064.0,72133.0
19140,"Dalton, GA Metro Area",2012,48205,32858,16262.0,27097.0,43247.0,65095.0
19140,"Dalton, GA Metro Area",2013,48318,37659,16913.0,30199.0,45631.0,72401.0
19140,"Dalton, GA Metro Area",2014,50238,41034,18519.0,32448.0,52241.0,85120.0
19140,"Dalton, GA Metro Area",2015,48631,45632,21176.0,34899.0,55340.0,80811.0
19140,"Dalton, GA Metro Area",2016,49692,43348,19921.0,33154.0,52983.0,80051.0
19140,"Dalton, GA Metro Area",2017,48645,41441,21412.0,35484.0,52296.0,81124.0
19140,"Dalton, GA Metro Area",2018,51023,45326,21688.0,36316.0,54985.0,87757.0
19140,"Dalton, GA Metro Area",2019,50267,51967,24589.0,41620.0,64052.0,94649.0
19140,"Dalton, GA Metro Area",2021,50580,54289,23880.0,40524.0,64831.0,99633.0
19140,"Dalton, GA Metro Area",2022,51845,62644,27067.0,49562.0,76810.0,109439.0
19140,"Dalton, GA Metro Area",2023,52722,65143,27489.0,48082.0,79760.0,122098.0
19140,"Dalton, GA Metro Area",2024,52459,66660,25593.0,52461.0,78859.0,113660.0
19180,"Danville, IL Metro Area",2005,33075,34664,,,,
19180,"Danville, IL Metro Area",2006,32882,39318,15147.0,30782.0,47339.0,72231.0
19180,"Danville, IL Metro Area",2007,32394,37227,18352.0,30484.0,45540.0,68130.0
19180,"Danville, IL Metro Area",2008,33051,41532,18745.0,34157.0,52150.0,74134.0
19180,"Danville, IL Metro Area",2009,31472,35012,12459.0,26904.0,43854.0,71192.0
19180,"Danville, IL Metro Area",2010,31332,38167,16740.0,31116.0,47337.0,71377.0
19180,"Danville, IL Metro Area",2011,31414,40869,17038.0,31901.0,50787.0,75339.0
19180,"Danville, IL Metro Area",2012,31714,40311,18155.0,32778.0,48937.0,81780.0
19180,"Danville, IL Metro Area",2013,31482,45089,19911.0,34501.0,55098.0,85394.0
19180,"Danville, IL Metro Area",2014,31338,41690,17868.0,32685.0,52204.0,80816.0
19180,"Danville, IL Metro Area",2015,30927,45098,20293.0,36473.0,54697.0,85317.0
19180,"Danville, IL Metro Area",2016,31928,45481,17734.0,35579.0,54965.0,85606.0
19180,"Danville, IL Metro Area",2017,30241,42345,18892.0,35001.0,54054.0,86354.0
19180,"Danville, IL Metro Area",2018,30166,43655,18573.0,35431.0,55820.0,86742.0
19180,"Danville, IL Metro Area",2019,31154,43111,21617.0,35385.0,53978.0,85911.0
19180,"Danville, IL Metro Area",2021,29007,49091,20738.0,38728.0,60164.0,95714.0
19180,"Danville, IL Metro Area",2022,30967,51515,25023.0,42854.0,64800.0,105918.0
19180,"Danville, IL Micro Area",2023,30703,46507,21046.0,37694.0,59379.0,97346.0
19180,"Danville, IL Micro Area",2024,30153,62551,26358.0,46128.0,77298.0,122281.0
19260,"Danville, VA Metro Area",2005,45325,33893,,,,
19260,"Danville, VA Metro Area",2006,46852,33641,14145.0,26194.0,41888.0,66748.0
19260,"Danville, VA Metro Area",2007,44358,33239,14510.0,27605.0,40480.0,67142.0
19260,"Danville, VA Metro Area",2008,45574,34785,14114.0,26462.0,45399.0,70274.0
19260,"Danville, VA Metro Area",2009,45036,34503,13867.0,27495.0,42921.0,67756.0
19260,"Danville, VA Metro Area",2010,45278,35964,15393.0,29440.0,44616.0,66329.0
19260,"Danville, VA Metro Area",2011,43345,36907,14833.0,29392.0,44558.0,69694.0
19260,"Danville, VA Metro Area",2012,45216,38071,16007.0,28702.0,46932.0,73944.0
19260,"Danville, VA Micro Area",2013,44854,35266,15411.0,26949.0,44877.0,69648.0
19260,"Danville, VA Micro Area",2014,45370,40932,16453.0,32932.0,49973.0,79757.0
19260,"Danville, VA Micro Area",2015,45918,37623,15780.0,30395.0,46298.0,76660.0
19260,"Danville, VA Micro Area",2016,43987,42755,17340.0,34864.0,51694.0,85028.0
19260,"Danville, VA Micro Area",2017,44440,39919,17751.0,31048.0,51145.0,79219.0
19260,"Danville, VA Micro Area",2018,43260,39512,15586.0,31499.0,47324.0,73672.0
19260,"Danville, VA Micro Area",2019,44049,45971,18998.0,33422.0,54738.0,82034.0
19260,"Danville, VA Micro Area",2021,42954,44787,18034.0,34224.0,57684.0,90984.0
19260,"Danville, VA Micro Area",2022,43584,45173,19276.0,37181.0,54209.0,88419.0
19260,"Danville, VA Micro Area",2023,43730,51265,20577.0,40697.0,65286.0,102390.0
19260,"Danville, VA Micro Area",2024,46322,56347,21719.0,44174.0,67934.0,106106.0
19300,"Daphne-Fairhope, AL Micro Area",2005,66080,42119,,,,
19300,"Daphne-Fairhope, AL Micro Area",2006,70427,44878,22510.0,36835.0,53207.0,86893.0
19300,"Daphne-Fairhope-Foley, AL Micro Area",2007,69338,49119,21810.0,38594.0,60284.0,94473.0
19300,"Daphne-Fairhope-Foley, AL Micro Area",2008,68926,52320,25530.0,43019.0,64229.0,91562.0
19300,"Daphne-Fairhope-Foley, AL Micro Area",2009,74477,48487,20841.0,38537.0,60075.0,91820.0
19300,"Daphne-Fairhope-Foley, AL Micro Area",2010,68096,47502,21298.0,39619.0,57273.0,89936.0
19300,"Daphne-Fairhope-Foley, AL Micro Area",2011,74460,50900,23025.0,41109.0,65731.0,100562.0
19300,"Daphne-Fairhope-Foley, AL Micro Area",2012,77978,48378,20666.0,38553.0,61224.0,97055.0
19300,"Daphne-Fairhope-Foley, AL Metro Area",2013,70259,44874,20613.0,37179.0,55980.0,92062.0
19300,"Daphne-Fairhope-Foley, AL Metro Area",2014,71307,48461,20230.0,38427.0,60697.0,96353.0
19300,"Daphne-Fairhope-Foley, AL Metro Area",2015,72269,52003,23392.0,41677.0,62014.0,104814.0
19300,"Daphne-Fairhope-Foley, AL Metro Area",2016,76779,56732,23506.0,44002.0,70804.0,111985.0
19300,"Daphne-Fairhope-Foley, AL Metro Area",2017,79120,55342,28113.0,45059.0,70727.0,109953.0
19300,"Daphne-Fairhope-Foley, AL Metro Area",2018,83501,56813,26111.0,44837.0,69006.0,111611.0
19300,"Daphne-Fairhope-Foley, AL Metro Area",2019,82325,56439,27536.0,46035.0,76178.0,115252.0
19300,"Daphne-Fairhope-Foley, AL Metro Area",2021,94105,63866,29793.0,51722.0,79627.0,125804.0
19300,"Daphne-Fairhope-Foley, AL Metro Area",2022,98854,69914,26379.0,53920.0,84035.0,131045.0
19300,"Daphne-Fairhope-Foley, AL Metro Area",2023,105698,72915,32862.0,60887.0,87438.0,133674.0
19300,"Daphne-Fairhope-Foley, AL Metro Area",2024,105959,82501,33768.0,64320.0,98149.0,148599.0
19340,"Davenport-Moline-Rock Island, IA-IL Metro Area",2005,150409,44226,,,,
19340,"Davenport-Moline-Rock Island, IA-IL Metro Area",2006,153423,45154,19858.0,36134.0,54987.0,82329.0
19340,"Davenport-Moline-Rock Island, IA-IL Metro Area",2007,151604,45903,20677.0,37025.0,55859.0,86912.0
19340,"Davenport-Moline-Rock Island, IA-IL Metro Area",2008,155411,48977,22030.0,39154.0,61020.0,89706.0
19340,"Davenport-Moline-Rock Island, IA-IL Metro Area",2009,155501,50454,21642.0,39373.0,60781.0,90684.0
19340,"Davenport-Moline-Rock Island, IA-IL Metro Area",2010,154889,46310,21244.0,36671.0,57811.0,90401.0
19340,"Davenport-Moline-Rock Island, IA-IL Metro Area",2011,154153,47122,21722.0,38913.0,56822.0,88480.0
19340,"Davenport-Moline-Rock Island, IA-IL Metro Area",2012,155726,51678,22543.0,40572.0,62821.0,96853.0
19340,"Davenport-Moline-Rock Island, IA-IL Metro Area",2013,153566,51288,22153.0,40580.0,64814.0,100919.0
19340,"Davenport-Moline-Rock Island, IA-IL Metro Area",2014,153602,51410,23166.0,41023.0,62117.0,96894.0
19340,"Davenport-Moline-Rock Island, IA-IL Metro Area",2015,155753,55496,23172.0,44015.0,67632.0,100840.0
19340,"Davenport-Moline-Rock Island, IA-IL Metro Area",2016,153275,52590,23762.0,41880.0,66256.0,103739.0
19340,"Davenport-Moline-Rock Island, IA-IL Metro Area",2017,151284,54173,24363.0,45642.0,67811.0,102085.0
19340,"Davenport-Moline-Rock Island, IA-IL Metro Area",2018,153865,55635,25015.0,45027.0,69341.0,106824.0
19340,"Davenport-Moline-Rock Island, IA-IL Metro Area",2019,155389,62001,25887.0,49787.0,75955.0,115977.0
19340,"Davenport-Moline-Rock Island, IA-IL Metro Area",2021,159133,61166,25372.0,50045.0,77348.0,120163.0
19340,"Davenport-Moline-Rock Island, IA-IL Metro Area",2022,163066,65636,30139.0,51391.0,81759.0,124733.0
19340,"Davenport-Moline-Rock Island, IA-IL Metro Area",2023,164230,71262,30885.0,56970.0,88169.0,133812.0
19340,"Davenport-Moline-Rock Island, IA-IL Metro Area",2024,164167,71446,33691.0,56900.0,88651.0,142239.0
19380,"Dayton, OH Metro Area",2005,341975,44010,,,,
19380,"Dayton, OH Metro Area",2006,340778,44660,19331.0,35537.0,55116.0,84867.0
19380,"Dayton, OH Metro Area",2007,339281,46493,20404.0,37359.0,57388.0,90762.0
19380,"Dayton, OH Metro Area",2008,338958,48164,20720.0,38699.0,59625.0,90654.0
19380,"Dayton, OH Metro Area",2009,340747,45157,19429.0,34965.0,56239.0,87463.0
19380,"Dayton, OH Metro Area",2010,342919,43832,19080.0,34686.0,53800.0,84788.0
19380,"Dayton, OH Metro Area",2011,344980,44141,17869.0,34203.0,56121.0,88090.0
19380,"Dayton, OH Metro Area",2012,341240,45524,18822.0,36258.0,55842.0,90160.0
19380,"Dayton, OH Metro Area",2013,323890,47063,20133.0,37100.0,58154.0,93344.0
19380,"Dayton, OH Metro Area",2014,327610,46697,18995.0,36333.0,58725.0,96022.0
19380,"Dayton, OH Metro Area",2015,330430,49504,20745.0,39261.0,61570.0,96939.0
19380,"Dayton, OH Metro Area",2016,328352,51427,20684.0,40672.0,63697.0,101433.0
19380,"Dayton, OH Metro Area",2017,329442,52745,22074.0,41536.0,65902.0,104326.0
19380,"Dayton, OH Metro Area",2018,331426,54942,22069.0,43157.0,68769.0,110408.0
19430,"Dayton-Kettering, OH Metro Area",2019,332258,58169,24725.0,45431.0,71921.0,110311.0
19430,"Dayton-Kettering, OH Metro Area",2021,338505,61986,26528.0,49315.0,76343.0,123185.0
19430,"Dayton-Kettering, OH Metro Area",2022,348034,66770,29169.0,52350.0,82817.0,129833.0
19430,"Dayton-Kettering-Beavercreek, OH Metro Area",2023,350659,67070,28847.0,54631.0,82968.0,131848.0
19430,"Dayton-Kettering-Beavercreek, OH Metro Area",2024,347200,72711,30647.0,56528.0,90119.0,138297.0
19460,"Decatur, AL Metro Area",2005,57961,41442,,,,
19460,"Decatur, AL Metro Area",2006,59258,39092,16123.0,30197.0,50328.0,79382.0
19460,"Decatur, AL Metro Area",2007,59752,42559,18699.0,35115.0,51465.0,79577.0
19460,"Decatur, AL Metro Area",2008,59319,47003,20146.0,37873.0,57005.0,88278.0
19460,"Decatur, AL Metro Area",2009,60534,37704,15831.0,29855.0,48861.0,79223.0
19460,"Decatur, AL Metro Area",2010,57902,42172,18552.0,33292.0,52190.0,79678.0
19460,"Decatur, AL Metro Area",2011,58755,41971,19358.0,34905.0,51672.0,86983.0
19460,"Decatur, AL Metro Area",2012,59790,42088,17212.0,31512.0,52015.0,85946.0
19460,"Decatur, AL Metro Area",2013,60129,42598,16865.0,33189.0,55347.0,83503.0
19460,"Decatur, AL Metro Area",2014,58351,44600,20108.0,36752.0,55646.0,85593.0
19460,"Decatur, AL Metro Area",2015,60697,46157,19578.0,35418.0,55952.0,90219.0
19460,"Decatur, AL Metro Area",2016,57753,44575,17395.0,33009.0,56453.0,87568.0
19460,"Decatur, AL Metro Area",2017,56691,47042,20206.0,35784.0,59601.0,92269.0
19460,"Decatur, AL Metro Area",2018,57863,49133,22352.0,39722.0,61407.0,105511.0
19460,"Decatur, AL Metro Area",2019,59315,53447,22420.0,42559.0,65706.0,103008.0
19460,"Decatur, AL Metro Area",2021,60796,57041,23398.0,45925.0,71179.0,111288.0
19460,"Decatur, AL Metro Area",2022,62616,60663,25502.0,48142.0,74916.0,111186.0
19460,"Decatur, AL Metro Area",2023,64526,72956,27783.0,55587.0,89612.0,132584.0
19460,"Decatur, AL Metro Area",2024,62896,69526,26862.0,51873.0,82504.0,128764.0
19500,"Decatur, IL Metro Area",2005,46150,39123,,,,
19500,"Decatur, IL Metro Area",2006,46761,41009,16323.0,32239.0,52682.0,83290.0
19500,"Decatur, IL Metro Area",2007,45555,44762,19184.0,36432.0,55660.0,83836.0
19500,"Decatur, IL Metro Area",2008,45959,45649,22286.0,36703.0,54123.0,83118.0
19500,"Decatur, IL Metro Area",2009,45621,44105,20075.0,34981.0,56968.0,85106.0
19500,"Decatur, IL Metro Area",2010,45624,40919,17972.0,31445.0,50549.0,81197.0
19500,"Decatur, IL Metro Area",2011,43604,44415,18466.0,34550.0,54675.0,89296.0
19500,"Decatur, IL Metro Area",2012,46336,44533,17066.0,33855.0,54843.0,88009.0
19500,"Decatur, IL Metro Area",2013,44965,45957,17249.0,37236.0,57329.0,87524.0
19500,"Decatur, IL Metro Area",2014,44063,47574,19959.0,36442.0,62573.0,91799.0
19500,"Decatur, IL Metro Area",2015,44429,48040,18701.0,37997.0,60787.0,96290.0
19500,"Decatur, IL Metro Area",2016,44002,46198,18594.0,36175.0,59552.0,91174.0
19500,"Decatur, IL Metro Area",2017,42977,51970,20892.0,40610.0,65032.0,101204.0
19500,"Decatur, IL Metro Area",2018,44562,50066,21841.0,40013.0,62005.0,100105.0
19500,"Decatur, IL Metro Area",2019,42741,50839,20643.0,40236.0,65068.0,100075.0
19500,"Decatur, IL Metro Area",2021,43914,46807,20609.0,40279.0,64599.0,104441.0
19500,"Decatur, IL Metro Area",2022,43718,60332,25184.0,46234.0,75079.0,115591.0
19500,"Decatur, IL Metro Area",2023,43598,58297,25503.0,43904.0,72131.0,117794.0
19500,"Decatur, IL Metro Area",2024,44279,61411,23556.0,47859.0,77042.0,118693.0
19660,"Deltona-Daytona Beach-Ormond Beach, FL Metro Area",2005,201793,38462,,,,
19660,"Deltona-Daytona Beach-Ormond Beach, FL Metro Area",2006,203394,40881,18584.0,32835.0,49398.0,76283.0
19660,"Deltona-Daytona Beach-Ormond Beach, FL Metro Area",2007,200456,42276,18281.0,33211.0,53175.0,78564.0
19660,"Deltona-Daytona Beach-Ormond Beach, FL Metro Area",2008,199936,46139,20159.0,36243.0,55035.0,82833.0
19660,"Deltona-Daytona Beach-Ormond Beach, FL Metro Area",2009,192532,41459,18098.0,32356.0,51296.0,79788.0
19660,"Deltona-Daytona Beach-Ormond Beach, FL Metro Area",2010,190757,41556,17770.0,33720.0,51353.0,80315.0
19660,"Deltona-Daytona Beach-Ormond Beach, FL Metro Area",2011,190074,38213,16867.0,30903.0,46959.0,75034.0
19660,"Deltona-Daytona Beach-Ormond Beach, FL Metro Area",2012,197599,40106,16910.0,31725.0,48587.0,77488.0
19660,"Deltona-Daytona Beach-Ormond Beach, FL Metro Area",2013,235616,41554,19611.0,33375.0,50496.0,80082.0
19660,"Deltona-Daytona Beach-Ormond Beach, FL Metro Area",2014,237527,42468,19716.0,33957.0,52334.0,81250.0
19660,"Deltona-Daytona Beach-Ormond Beach, FL Metro Area",2015,248938,43284,20407.0,34652.0,53693.0,83506.0
19660,"Deltona-Daytona Beach-Ormond Beach, FL Metro Area",2016,255350,46090,20699.0,36737.0,56145.0,89193.0
19660,"Deltona-Daytona Beach-Ormond Beach, FL Metro Area",2017,260002,47351,21317.0,37438.0,59846.0,92847.0
19660,"Deltona-Daytona Beach-Ormond Beach, FL Metro Area",2018,259697,51364,23862.0,41875.0,62813.0,99855.0
19660,"Deltona-Daytona Beach-Ormond Beach, FL Metro Area",2019,263915,54533,24870.0,43049.0,66873.0,102172.0
19660,"Deltona-Daytona Beach-Ormond Beach, FL Metro Area",2021,291531,59171,24904.0,47827.0,71732.0,107730.0
19660,"Deltona-Daytona Beach-Ormond Beach, FL Metro Area",2022,296235,65889,30781.0,53505.0,80004.0,124480.0
19660,"Deltona-Daytona Beach-Ormond Beach, FL Metro Area",2023,300081,67176,31096.0,53590.0,81714.0,124136.0
19660,"Deltona-Daytona Beach-Ormond Beach, FL Metro Area",2024,307872,73701,32696.0,59751.0,90724.0,139210.0
19740,"Denver-Aurora, CO Metro Area",2005,925266,54896,,,,
19740,"Denver-Aurora, CO Metro Area",2006,945880,54994,24557.0,44042.0,67986.0,105722.0
19740,"Denver-Aurora, CO Metro Area",2007,953034,58875,25391.0,46692.0,71703.0,109888.0
19740,"Denver-Aurora, CO Metro Area",2008,968100,60344,25509.0,47588.0,74290.0,115009.0
19740,"Denver-Aurora-Broomfield, CO Metro Area",2009,973915,59007,25063.0,47118.0,73742.0,112408.0
19740,"Denver-Aurora-Broomfield, CO Metro Area",2010,1001253,58732,24830.0,46233.0,72621.0,112558.0
19740,"Denver-Aurora-Broomfield, CO Metro Area",2011,1007022,59230,25549.0,47231.0,73528.0,115341.0
19740,"Denver-Aurora-Broomfield, CO Metro Area",2012,1021036,61453,26316.0,49214.0,76055.0,118551.0
19740,"Denver-Aurora-Lakewood, CO Metro Area",2013,1035096,62760,26905.0,49835.0,78018.0,122280.0
19740,"Denver-Aurora-Lakewood, CO Metro Area",2014,1054371,66870,29527.0,52573.0,81656.0,127276.0
19740,"Denver-Aurora-Lakewood, CO Metro Area",2015,1075919,70283,31546.0,55751.0,85636.0,132123.0
19740,"Denver-Aurora-Lakewood, CO Metro Area",2016,1091571,71926,32297.0,57795.0,88378.0,137355.0
19740,"Denver-Aurora-Lakewood, CO Metro Area",2017,1105758,76643,35417.0,61094.0,94170.0,142724.0
19740,"Denver-Aurora-Lakewood, CO Metro Area",2018,1131410,79478,35592.0,62872.0,98697.0,150931.0
19740,"Denver-Aurora-Lakewood, CO Metro Area",2019,1152457,85641,39238.0,69208.0,104743.0,160513.0
19740,"Denver-Aurora-Lakewood, CO Metro Area",2021,1192117,90716,40564.0,72213.0,111148.0,170724.0
19740,"Denver-Aurora-Lakewood, CO Metro Area",2022,1223825,98975,43881.0,80196.0,121102.0,189497.0
19740,"Denver-Aurora-Centennial, CO Metro Area",2023,1244895,103055,46118.0,82594.0,127152.0,195694.0
19740,"Denver-Aurora-Centennial, CO Metro Area",2024,1265606,108046,48987.0,87533.0,133324.0,205434.0
19780,"Des Moines, IA Metro Area",2005,210806,52647,,,,
19780,"Des Moines-West Des Moines, IA Metro Area",2006,216526,53384,24317.0,42916.0,63916.0,95406.0
19780,"Des Moines-West Des Moines, IA Metro Area",2007,216569,55853,25660.0,45148.0,66447.0,98980.0
19780,"Des Moines-West Des Moines, IA Metro Area",2008,217834,57854,25772.0,46299.0,71442.0,103498.0
19780,"Des Moines-West Des Moines, IA Metro Area",2009,224540,56576,24910.0,45929.0,69801.0,104635.0
19780,"Des Moines-West Des Moines, IA Metro Area",2010,223767,54685,25696.0,44676.0,67776.0,102363.0
19780,"Des Moines-West Des Moines, IA Metro Area",2011,222738,58228,25470.0,45250.0,70891.0,106780.0
19780,"Des Moines-West Des Moines, IA Metro Area",2012,230228,59157,25704.0,47840.0,71631.0,108123.0
19780,"Des Moines-West Des Moines, IA Metro Area",2013,233644,61194,28484.0,49530.0,74736.0,113522.0
19780,"Des Moines-West Des Moines, IA Metro Area",2014,235515,62446,28136.0,51530.0,77020.0,120480.0
19780,"Des Moines-West Des Moines, IA Metro Area",2015,242022,62024,27347.0,50918.0,75197.0,115880.0
19780,"Des Moines-West Des Moines, IA Metro Area",2016,245643,65704,29734.0,51919.0,80683.0,121363.0
19780,"Des Moines-West Des Moines, IA Metro Area",2017,250612,68649,31595.0,56077.0,83343.0,126781.0
19780,"Des Moines-West Des Moines, IA Metro Area",2018,255055,71352,31923.0,57080.0,86171.0,130809.0
19780,"Des Moines-West Des Moines, IA Metro Area",2019,280056,71164,33773.0,56609.0,86718.0,132832.0
19780,"Des Moines-West Des Moines, IA Metro Area",2021,291147,74208,34737.0,60185.0,91157.0,138214.0
19780,"Des Moines-West Des Moines, IA Metro Area",2022,297060,80061,38164.0,64017.0,99957.0,157859.0
19780,"Des Moines-West Des Moines, IA Metro Area",2023,299784,82728,37918.0,65195.0,101149.0,156210.0
19780,"Des Moines-West Des Moines, IA Metro Area",2024,307502,85446,39485.0,69501.0,103736.0,158199.0
19820,"Detroit-Warren-Livonia, MI Metro Area",2005,1714386,50787,,,,
19820,"Detroit-Warren-Livonia, MI Metro Area",2006,1689855,52004,21645.0,40807.0,64844.0,100170.0
19820,"Detroit-Warren-Livonia, MI Metro Area",2007,1678805,52542,21859.0,41069.0,65780.0,102238.0
19820,"Detroit-Warren-Livonia, MI Metro Area",2008,1654052,52451,21806.0,41325.0,66524.0,103614.0
19820,"Detroit-Warren-Livonia, MI Metro Area",2009,1649257,48535,19863.0,37805.0,60435.0,96662.0
19820,"Detroit-Warren-Livonia, MI Metro Area",2010,1655395,48198,19631.0,37646.0,60408.0,95763.0
19820,"Detroit-Warren-Livonia, MI Metro Area",2011,1635840,48968,19279.0,37484.0,61749.0,99654.0
19820,"Detroit-Warren-Livonia, MI Metro Area",2012,1645835,50310,19701.0,39010.0,63296.0,102048.0
19820,"Detroit-Warren-Dearborn, MI Metro Area",2013,1658085,51857,20295.0,40563.0,65433.0,104690.0
19820,"Detroit-Warren-Dearborn, MI Metro Area",2014,1654584,52462,21132.0,41510.0,66940.0,106437.0
19820,"Detroit-Warren-Dearborn, MI Metro Area",2015,1674251,53628,21579.0,41955.0,67871.0,110277.0
19820,"Detroit-Warren-Dearborn, MI Metro Area",2016,1689859,56142,22298.0,43390.0,71104.0,114547.0
19820,"Detroit-Warren-Dearborn, MI Metro Area",2017,1707501,58411,24037.0,45897.0,73895.0,118011.0
19820,"Detroit-Warren-Dearborn, MI Metro Area",2018,1710686,60513,24119.0,46569.0,76008.0,122341.0
19820,"Detroit-Warren-Dearborn, MI Metro Area",2019,1720610,63474,26260.0,50332.0,79323.0,126382.0
19820,"Detroit-Warren-Dearborn, MI Metro Area",2021,1759573,67153,27810.0,52150.0,84354.0,134867.0
19820,"Detroit-Warren-Dearborn, MI Metro Area",2022,1762104,71265,28476.0,55817.0,89714.0,143454.0
19820,"Detroit-Warren-Dearborn, MI Metro Area",2023,1770361,72574,29779.0,56949.0,91291.0,146866.0
19820,"Detroit-Warren-Dearborn, MI Metro Area",2024,1777768,76403,30516.0,59360.0,96000.0,152320.0
20020,"Dothan, AL Metro Area",2005,54802,36293,,,,
20020,"Dothan, AL Metro Area",2006,52234,34182,14106.0,26604.0,44431.0,72342.0
20020,"Dothan, AL Metro Area",2007,52855,36616,15812.0,30200.0,46432.0,78847.0
20020,"Dothan, AL Metro Area",2008,53144,40728,16295.0,30510.0,50160.0,79537.0
20020,"Dothan, AL Metro Area",2009,54976,35879,14957.0,28071.0,45461.0,77667.0
20020,"Dothan, AL Metro Area",2010,58581,38638,16135.0,29999.0,47431.0,77022.0
20020,"Dothan, AL Metro Area",2011,57470,40465,16230.0,31129.0,50979.0,80192.0
20020,"Dothan, AL Metro Area",2012,56259,37632,15010.0,29626.0,48846.0,80704.0
20020,"Dothan, AL Metro Area",2013,57990,40186,16345.0,31221.0,49848.0,82025.0
20020,"Dothan, AL Metro Area",2014,55998,38300,15771.0,30168.0,48567.0,79280.0
20020,"Dothan, AL Metro Area",2015,55973,42492,17295.0,34121.0,51586.0,83040.0
20020,"Dothan, AL Metro Area",2016,56133,41040,16715.0,32109.0,53021.0,82471.0
20020,"Dothan, AL Metro Area",2017,55442,45396,19390.0,36705.0,57396.0,93211.0
20020,"Dothan, AL Metro Area",2018,55431,45152,17327.0,34947.0,59817.0,96391.0
20020,"Dothan, AL Metro Area",2019,56795,50010,19516.0,38949.0,61853.0,101011.0
20020,"Dothan, AL Metro Area",2021,61173,47665,19086.0,36263.0,60646.0,97336.0
20020,"Dothan, AL Metro Area",2022,60106,58054,22905.0,44835.0,72186.0,109571.0
20020,"Dothan, AL Metro Area",2023,62401,57405,22290.0,43458.0,70602.0,108464.0
20020,"Dothan, AL Metro Area",2024,64410,60024,23531.0,46670.0,75386.0,120521.0
20100,"Dover, DE Metro Area",2005,53731,48282,,,,
20100,"Dover, DE Metro Area",2006,55424,47722,20915.0,38274.0,54145.0,85180.0
20100,"Dover, DE Metro Area",2007,57430,46788,19011.0,36645.0,56537.0,90298.0
20100,"Dover, DE Metro Area",2008,57438,56039,28025.0,45690.0,65655.0,92730.0
20100,"Dover, DE Metro Area",2009,58053,51485,23916.0,42158.0,60176.0,89580.0
20100,"Dover, DE Metro Area",2010,54896,54617,23308.0,43953.0,66196.0,92099.0
20100,"Dover, DE Metro Area",2011,56799,52512,20902.0,42097.0,64299.0,93040.0
20100,"Dover, DE Metro Area",2012,59499,52894,25077.0,43883.0,68419.0,100510.0
20100,"Dover, DE Metro Area",2013,62053,54794,24709.0,43223.0,64423.0,98062.0
20100,"Dover, DE Metro Area",2014,61270,55227,24951.0,42877.0,67421.0,101887.0
20100,"Dover, DE Metro Area",2015,62477,56778,24415.0,43676.0,68142.0,100516.0
20100,"Dover, DE Metro Area",2016,64452,54140,25219.0,42996.0,64944.0,95315.0
20100,"Dover, DE Metro Area",2017,63807,57608,25136.0,44824.0,69107.0,103967.0
20100,"Dover, DE Metro Area",2018,67841,54419,23232.0,42446.0,66825.0,103176.0
20100,"Dover, DE Metro Area",2019,68023,58001,25309.0,46697.0,70894.0,107746.0
20100,"Dover, DE Metro Area",2021,70167,64308,29668.0,52778.0,79512.0,116228.0
20100,"Dover, DE Metro Area",2022,73497,72675,33530.0,59669.0,87131.0,126167.0
20100,"Dover, DE Metro Area",2023,74183,72910,33068.0,57701.0,91873.0,129523.0
20100,"Dover, DE Metro Area",2024,73100,81117,38328.0,63940.0,100306.0,148570.0
20140,"Dublin, GA Micro Area",2019,23634,39625,15101.0,31596.0,49527.0,83756.0
20140,"Dublin, GA Micro Area",2022,25103,45489,17237.0,34701.0,60779.0,107346.0
20180,"DuBois, PA Micro Area",2005,33129,31952,,,,
20180,"DuBois, PA Micro Area",2006,33408,33590,16450.0,27264.0,42410.0,64845.0
20180,"DuBois, PA Micro Area",2007,33443,36271,15852.0,28523.0,44702.0,72766.0
20180,"DuBois, PA Micro Area",2008,32393,36930,15420.0,30549.0,44688.0,68521.0
20180,"DuBois, PA Micro Area",2009,32956,37282,16742.0,30067.0,45113.0,68152.0
20180,"DuBois, PA Micro Area",2010,31050,36331,16617.0,27131.0,44234.0,70381.0
20180,"DuBois, PA Micro Area",2011,32709,42780,17459.0,32812.0,53888.0,77197.0
20180,"DuBois, PA Micro Area",2012,32186,41817,17987.0,34079.0,50186.0,73986.0
20180,"DuBois, PA Micro Area",2013,30922,39236,17677.0,30802.0,49830.0,72130.0
20180,"DuBois, PA Micro Area",2014,31784,39592,16949.0,31638.0,48014.0,71465.0
20180,"DuBois, PA Micro Area",2015,30929,44666,17778.0,34412.0,53476.0,82247.0
20180,"DuBois, PA Micro Area",2016,29061,47352,20455.0,37438.0,57349.0,84093.0
20180,"DuBois, PA Micro Area",2017,29098,48581,19650.0,37501.0,57726.0,84796.0
20180,"DuBois, PA Micro Area",2018,31992,46205,19501.0,36102.0,56792.0,95202.0
20180,"DuBois, PA Micro Area",2019,31990,45643,23087.0,37180.0,58586.0,86993.0
20180,"DuBois, PA Micro Area",2021,31570,55193,23318.0,45833.0,68673.0,97050.0
20180,"DuBois, PA Micro Area",2022,32709,60228,25595.0,50932.0,72073.0,109350.0
20180,"DuBois, PA Micro Area",2023,33554,60711,24558.0,48962.0,76226.0,109510.0
20180,"DuBois, PA Micro Area",2024,33906,60280,28531.0,47949.0,74588.0,110654.0
20220,"Dubuque, IA Metro Area",2005,35563,44161,,,,
20220,"Dubuque, IA Metro Area",2006,36861,45419,17436.0,36488.0,53699.0,80299.0
20220,"Dubuque, IA Metro Area",2007,36847,46320,20404.0,35314.0,57076.0,83274.0
20220,"Dubuque, IA Metro Area",2008,36773,49023,23592.0,38579.0,57757.0,89302.0
20220,"Dubuque, IA Metro Area",2009,37577,46637,23183.0,38389.0,56211.0,82140.0
20220,"Dubuque, IA Metro Area",2010,37177,49776,25263.0,41349.0,61579.0,88537.0
20220,"Dubuque, IA Metro Area",2011,37646,53011,25111.0,41905.0,63755.0,90071.0
20220,"Dubuque, IA Metro Area",2012,37726,49793,21836.0,40808.0,62146.0,91104.0
20220,"Dubuque, IA Metro Area",2013,36801,51735,23711.0,41415.0,61797.0,95636.0
20220,"Dubuque, IA Metro Area",2014,38824,56129,24730.0,44328.0,66923.0,96063.0
20220,"Dubuque, IA Metro Area",2015,37784,58487,25716.0,47836.0,69325.0,103258.0
20220,"Dubuque, IA Metro Area",2016,37710,60456,27088.0,48719.0,76002.0,106848.0
20220,"Dubuque, IA Metro Area",2017,37785,61497,27537.0,49477.0,73681.0,107054.0
20220,"Dubuque, IA Metro Area",2018,38501,60225,24602.0,48613.0,72618.0,107129.0
20220,"Dubuque, IA Metro Area",2019,38345,62178,26853.0,50590.0,76797.0,112287.0
20220,"Dubuque, IA Metro Area",2021,40482,75590,32090.0,59155.0,89295.0,130739.0
20220,"Dubuque, IA Metro Area",2022,40644,73671,32284.0,60365.0,93425.0,138417.0
20220,"Dubuque, IA Metro Area",2023,42889,71940,34372.0,56389.0,87719.0,127081.0
20220,"Dubuque, IA Metro Area",2024,41276,80512,35499.0,66704.0,96216.0,135471.0
20260,"Duluth, MN-WI Metro Area",2005,116654,40641,,,,
20260,"Duluth, MN-WI Metro Area",2006,114665,44256,17225.0,34164.0,54544.0,77776.0
20260,"Duluth, MN-WI Metro Area",2007,119962,42615,18059.0,33927.0,51630.0,80684.0
20260,"Duluth, MN-WI Metro Area",2008,118337,44669,17591.0,34578.0,54756.0,84648.0
20260,"Duluth, MN-WI Metro Area",2009,119840,44597,18647.0,35113.0,54572.0,80885.0
20260,"Duluth, MN-WI Metro Area",2010,121010,42083,17697.0,33275.0,54663.0,83772.0
20260,"Duluth, MN-WI Metro Area",2011,116198,46110,17842.0,35490.0,58604.0,86301.0
20260,"Duluth, MN-WI Metro Area",2012,116531,46848,18923.0,36714.0,57105.0,84590.0
20260,"Duluth, MN-WI Metro Area",2013,115589,46385,18867.0,36282.0,57287.0,88887.0
20260,"Duluth, MN-WI Metro Area",2014,116768,50275,20458.0,39429.0,61373.0,92353.0
20260,"Duluth, MN-WI Metro Area",2015,116212,50566,21733.0,39750.0,62182.0,96268.0
20260,"Duluth, MN-WI Metro Area",2016,116967,51294,21484.0,40185.0,63748.0,98915.0
20260,"Duluth, MN-WI Metro Area",2017,117874,54162,22795.0,42653.0,66414.0,100393.0
20260,"Duluth, MN-WI Metro Area",2018,117226,53767,23542.0,42192.0,66661.0,103612.0
20260,"Duluth, MN-WI Metro Area",2019,124913,60316,24802.0,48926.0,72526.0,110555.0
20260,"Duluth, MN-WI Metro Area",2021,124996,64960,27459.0,49622.0,79095.0,118798.0
20260,"Duluth, MN-WI Metro Area",2022,126137,65963,26244.0,51686.0,82574.0,124057.0
20260,"Duluth, MN-WI Metro Area",2023,120943,70208,31548.0,55726.0,84846.0,130338.0
20260,"Duluth, MN-WI Metro Area",2024,124663,69309,29362.0,55380.0,86710.0,136001.0
20380,"Dunn, NC Micro Area",2005,37764,38142,,,,
20380,"Dunn, NC Micro Area",2006,36269,40943,17076.0,32647.0,51499.0,74476.0
20380,"Dunn, NC Micro Area",2007,40156,38657,15204.0,30360.0,48161.0,70892.0
20380,"Dunn, NC Micro Area",2008,40741,43547,20078.0,35033.0,53102.0,80165.0
20380,"Dunn, NC Micro Area",2009,40637,43815,15769.0,31898.0,55087.0,81717.0
20380,"Dunn, NC Micro Area",2010,38631,39584,17858.0,32047.0,50662.0,80289.0
20380,"Dunn, NC Micro Area",2011,41582,39513,19993.0,32160.0,50264.0,76444.0
20380,"Dunn, NC Micro Area",2012,41208,45655,17985.0,34262.0,56643.0,87456.0
20380,"Dunn, NC Micro Area",2013,42464,45533,19754.0,36280.0,54470.0,90176.0
20380,"Dunn, NC Micro Area",2014,44153,44880,19852.0,34803.0,54980.0,83941.0
20380,"Dunn, NC Micro Area",2015,43725,48960,20483.0,40046.0,59963.0,89101.0
20380,"Dunn, NC Micro Area",2016,43960,51637,22213.0,41410.0,62731.0,94567.0
20380,"Dunn, NC Micro Area",2017,46661,51479,20862.0,41779.0,61333.0,93767.0
20380,"Dunn, NC Micro Area",2018,46015,51022,22179.0,42157.0,62960.0,95758.0
20500,"Durham, NC Metro Area",2005,185901,44358,,,,
20500,"Durham, NC Metro Area",2006,185625,46563,19665.0,37237.0,57867.0,95624.0
20500,"Durham, NC Metro Area",2007,189615,48362,18517.0,37826.0,60699.0,99171.0
20500,"Durham, NC Metro Area",2008,194357,52367,22466.0,41391.0,66300.0,107850.0
20500,"Durham-Chapel Hill, NC Metro Area",2009,197618,49902,19928.0,38254.0,62733.0,101819.0
20500,"Durham-Chapel Hill, NC Metro Area",2010,198793,47982,20304.0,37697.0,61728.0,99220.0
20500,"Durham-Chapel Hill, NC Metro Area",2011,203088,48689,19701.0,37964.0,61461.0,104282.0
20500,"Durham-Chapel Hill, NC Metro Area",2012,207572,50262,20560.0,40704.0,62804.0,107590.0
20500,"Durham-Chapel Hill, NC Metro Area",2013,209290,53492,22139.0,42216.0,66287.0,112346.0
20500,"Durham-Chapel Hill, NC Metro Area",2014,213163,51988,21678.0,41515.0,65516.0,110210.0
20500,"Durham-Chapel Hill, NC Metro Area",2015,215294,54160,21626.0,42154.0,70139.0,120122.0
20500,"Durham-Chapel Hill, NC Metro Area",2016,217853,56182,23595.0,44612.0,72367.0,117237.0
20500,"Durham-Chapel Hill, NC Metro Area",2017,224437,61271,25226.0,47257.0,78237.0,130249.0
20500,"Durham-Chapel Hill, NC Metro Area",2018,225699,62114,27293.0,49152.0,78583.0,133485.0
20500,"Durham-Chapel Hill, NC Metro Area",2019,255271,65303,26569.0,50689.0,82004.0,132415.0
20500,"Durham-Chapel Hill, NC Metro Area",2021,263996,71601,28095.0,54432.0,90399.0,149718.0
20500,"Durham-Chapel Hill, NC Metro Area",2022,273170,79154,35834.0,65334.0,99752.0,153154.0
20500,"Durham-Chapel Hill, NC Metro Area",2023,253951,83280,34948.0,66492.0,107302.0,170542.0
20500,"Durham-Chapel Hill, NC Metro Area",2024,257745,83542,35169.0,65937.0,105477.0,177555.0
20580,"Eagle Pass, TX Metro Area",2023,18890,46657,16447.0,36121.0,60201.0,85370.0
20580,"Eagle Pass, TX Metro Area",2024,16786,52647,19829.0,37920.0,61247.0,104202.0
20620,"East Liverpool-Salem, OH Micro Area",2005,42212,36969,,,,
20620,"East Liverpool-Salem, OH Micro Area",2006,42365,37791,17828.0,30145.0,45077.0,69544.0
20620,"East Liverpool-Salem, OH Micro Area",2007,40823,39605,16659.0,32228.0,50600.0,76251.0
20620,"East Liverpool-Salem, OH Micro Area",2008,41660,40941,18747.0,33784.0,49848.0,72435.0
20620,"East Liverpool-Salem, OH Micro Area",2009,41737,37595,16893.0,29637.0,47212.0,73858.0
20620,"East Liverpool-Salem, OH Micro Area",2010,42506,35909,16052.0,27894.0,46188.0,67503.0
20620,"East Liverpool-Salem, OH Micro Area",2011,42430,43975,19283.0,35143.0,54918.0,76722.0
20620,"East Liverpool-Salem, OH Micro Area",2012,42499,44210,19088.0,35389.0,54479.0,82178.0
20700,"East Stroudsburg, PA Micro Area",2005,57585,52119,,,,
20700,"East Stroudsburg, PA Micro Area",2006,58021,50173,22567.0,40375.0,60672.0,90880.0
20700,"East Stroudsburg, PA Micro Area",2007,60352,56860,28442.0,46928.0,68928.0,104007.0
20700,"East Stroudsburg, PA Micro Area",2008,60786,56838,25207.0,46412.0,67379.0,100392.0
20700,"East Stroudsburg, PA Micro Area",2009,59323,54879,24913.0,43090.0,64901.0,99945.0
20700,"East Stroudsburg, PA Micro Area",2010,58234,54549,21655.0,43448.0,66406.0,100420.0
20700,"East Stroudsburg, PA Micro Area",2011,57527,51875,20828.0,43983.0,64889.0,93755.0
20700,"East Stroudsburg, PA Micro Area",2012,57561,56178,25660.0,43599.0,70912.0,101299.0
20700,"East Stroudsburg, PA Metro Area",2013,58496,55536,25740.0,44852.0,65394.0,107731.0
20700,"East Stroudsburg, PA Metro Area",2014,54404,63118,26663.0,46481.0,76271.0,105355.0
20700,"East Stroudsburg, PA Metro Area",2015,55681,57318,26169.0,46179.0,70727.0,103985.0
20700,"East Stroudsburg, PA Metro Area",2016,57284,60095,27967.0,50173.0,73062.0,112790.0
20700,"East Stroudsburg, PA Metro Area",2017,57668,61612,31561.0,50709.0,76792.0,113268.0
20700,"East Stroudsburg, PA Metro Area",2018,55109,64170,24975.0,50688.0,78981.0,114109.0
20700,"East Stroudsburg, PA Metro Area",2019,56274,62413,29572.0,50640.0,80189.0,128899.0
20700,"East Stroudsburg, PA Metro Area",2021,65907,78575,33089.0,61710.0,93331.0,135664.0
20700,"East Stroudsburg, PA Metro Area",2022,58034,81580,32900.0,62343.0,98974.0,143955.0
20700,"East Stroudsburg, PA Micro Area",2023,61129,71087,32534.0,56169.0,92234.0,145493.0
20700,"East Stroudsburg, PA Micro Area",2024,60853,76336,31461.0,62095.0,91816.0,145059.0
20740,"Eau Claire, WI Metro Area",2005,61753,43153,,,,
20740,"Eau Claire, WI Metro Area",2006,63237,46729,18593.0,36939.0,56120.0,83042.0
20740,"Eau Claire, WI Metro Area",2007,61747,45420,20618.0,36600.0,55181.0,80264.0
20740,"Eau Claire, WI Metro Area",2008,63003,49385,19888.0,39037.0,61259.0,88668.0
20740,"Eau Claire, WI Metro Area",2009,62577,44623,19024.0,36245.0,54037.0,81308.0
20740,"Eau Claire, WI Metro Area",2010,63436,44086,20047.0,36078.0,55171.0,83471.0
20740,"Eau Claire, WI Metro Area",2011,64922,49375,19751.0,37841.0,58231.0,84303.0
20740,"Eau Claire, WI Metro Area",2012,64765,48691,20712.0,36597.0,60357.0,89412.0
20740,"Eau Claire, WI Metro Area",2013,64494,49046,21836.0,38883.0,60997.0,92089.0
20740,"Eau Claire, WI Metro Area",2014,65392,48873,22012.0,38977.0,60683.0,94264.0
20740,"Eau Claire, WI Metro Area",2015,63854,52094,23819.0,43249.0,63872.0,96284.0
20740,"Eau Claire, WI Metro Area",2016,66866,51058,22345.0,40238.0,66029.0,97439.0
20740,"Eau Claire, WI Metro Area",2017,67079,55480,22358.0,44446.0,69773.0,103478.0
20740,"Eau Claire, WI Metro Area",2018,66796,60081,25810.0,49087.0,71374.0,105178.0
20740,"Eau Claire, WI Metro Area",2019,67096,63460,30310.0,52350.0,76582.0,112091.0
20740,"Eau Claire, WI Metro Area",2021,70044,61684,28281.0,51278.0,75548.0,115870.0
20740,"Eau Claire, WI Metro Area",2022,72293,72172,34347.0,57012.0,87925.0,127822.0
20740,"Eau Claire, WI Metro Area",2023,72615,75183,37244.0,60838.0,89830.0,127545.0
20740,"Eau Claire, WI Metro Area",2024,76134,74869,32847.0,59079.0,93141.0,135981.0
20940,"El Centro, CA Metro Area",2005,44987,35533,,,,
20940,"El Centro, CA Metro Area",2006,45204,37086,17977.0,30180.0,47460.0,79772.0
20940,"El Centro, CA Metro Area",2007,46312,31912,12998.0,25435.0,45306.0,72490.0
20940,"El Centro, CA Metro Area",2008,46834,37936,16529.0,28626.0,48583.0,79157.0
20940,"El Centro, CA Metro Area",2009,48540,38594,12960.0,28918.0,50218.0,89899.0
20940,"El Centro, CA Metro Area",2010,48206,41802,16382.0,31284.0,51860.0,85661.0
20940,"El Centro, CA Metro Area",2011,48790,37843,14580.0,28910.0,51331.0,84436.0
20940,"El Centro, CA Metro Area",2012,46747,40200,14263.0,28485.0,47847.0,81725.0
20940,"El Centro, CA Metro Area",2013,47430,43310,17227.0,33130.0,57227.0,88403.0
20940,"El Centro, CA Metro Area",2014,43635,39290,14592.0,29438.0,53410.0,93874.0
20940,"El Centro, CA Metro Area",2015,45158,40852,14251.0,30543.0,55342.0,95716.0
20940,"El Centro, CA Metro Area",2016,44855,49095,16594.0,35915.0,61118.0,90944.0
20940,"El Centro, CA Metro Area",2017,44478,47211,17803.0,36660.0,62352.0,103965.0
20940,"El Centro, CA Metro Area",2018,41764,48984,16641.0,37839.0,61086.0,93779.0
20940,"El Centro, CA Metro Area",2019,48182,48472,16594.0,36153.0,64797.0,100181.0
20940,"El Centro, CA Metro Area",2021,47849,51809,20591.0,42321.0,69719.0,112600.0
20940,"El Centro, CA Metro Area",2022,50877,57310,21123.0,43556.0,70411.0,112673.0
20940,"El Centro, CA Metro Area",2023,50024,60243,21439.0,48263.0,76561.0,126347.0
20940,"El Centro, CA Metro Area",2024,51165,60749,24084.0,45679.0,75148.0,119753.0
21020,"Elizabeth City, NC Micro Area",2012,24019,45779,20321.0,38819.0,54363.0,83732.0
21020,"Elizabeth City, NC Micro Area",2013,22611,44473,17839.0,33781.0,61625.0,93436.0
21020,"Elizabeth City, NC Micro Area",2014,23930,46866,20000.0,38346.0,57808.0,87735.0
21020,"Elizabeth City, NC Micro Area",2015,23077,44807,18774.0,34871.0,55991.0,87057.0
21020,"Elizabeth City, NC Micro Area",2016,23009,49781,19988.0,39833.0,65003.0,99785.0
21020,"Elizabeth City, NC Micro Area",2017,24290,46153,18436.0,38475.0,60833.0,92324.0
21020,"Elizabeth City, NC Micro Area",2018,26417,50391,19459.0,37446.0,64785.0,100828.0
21060,"Elizabethtown, KY Metro Area",2005,41858,41494,,,,
21060,"Elizabethtown, KY Metro Area",2006,42433,41561,20286.0,35181.0,53688.0,78519.0
21060,"Elizabethtown, KY Metro Area",2007,40640,48133,22264.0,39219.0,59446.0,88116.0
21060,"Elizabethtown, KY Metro Area",2008,45145,47383,20633.0,38037.0,56055.0,84080.0
21060,"Elizabethtown, KY Metro Area",2009,43588,45224,21076.0,37046.0,56968.0,81434.0
21060,"Elizabethtown, KY Metro Area",2010,44911,42363,18567.0,33574.0,52729.0,86461.0
21060,"Elizabethtown, KY Metro Area",2011,43295,46448,19856.0,37270.0,57805.0,90431.0
21060,"Elizabethtown, KY Metro Area",2012,44998,47323,20651.0,40365.0,60222.0,90123.0
21060,"Elizabethtown-Fort Knox, KY Metro Area",2013,56888,46680,20274.0,36909.0,58007.0,89321.0
21060,"Elizabethtown-Fort Knox, KY Metro Area",2014,54612,49649,23494.0,39692.0,61130.0,94103.0
21060,"Elizabethtown-Fort Knox, KY Metro Area",2015,56899,48955,21493.0,38827.0,57894.0,90121.0
21060,"Elizabethtown-Fort Knox, KY Metro Area",2016,56261,51936,22331.0,42352.0,64293.0,98263.0
21060,"Elizabethtown-Fort Knox, KY Metro Area",2017,57979,52622,24677.0,41890.0,67216.0,99028.0
21060,"Elizabethtown-Fort Knox, KY Metro Area",2018,57098,51147,23247.0,40963.0,64604.0,101709.0
21060,"Elizabethtown-Fort Knox, KY Metro Area",2019,58590,55246,26072.0,45101.0,68231.0,108048.0
21060,"Elizabethtown-Fort Knox, KY Metro Area",2021,58210,60025,27635.0,50476.0,70797.0,117909.0
21060,"Elizabethtown-Fort Knox, KY Metro Area",2022,62918,61813,28176.0,50568.0,76824.0,122407.0
21060,"Elizabethtown, KY Metro Area",2023,51413,64904,25488.0,49156.0,76957.0,129188.0
21060,"Elizabethtown, KY Metro Area",2024,53922,69080,30025.0,56025.0,84196.0,129583.0
21140,"Elkhart-Goshen, IN Metro Area",2005,71028,44886,,,,
21140,"Elkhart-Goshen, IN Metro Area",2006,70726,46710,22291.0,38797.0,56270.0,82801.0
21140,"Elkhart-Goshen, IN Metro Area",2007,71357,47965,23359.0,38939.0,57885.0,83164.0
21140,"Elkhart-Goshen, IN Metro Area",2008,70908,49507,23625.0,40680.0,61757.0,86800.0
21140,"Elkhart-Goshen, IN Metro Area",2009,69058,42781,21063.0,36149.0,50910.0,79176.0
21140,"Elkhart-Goshen, IN Metro Area",2010,67959,41748,20308.0,35106.0,51450.0,76745.0
21140,"Elkhart-Goshen, IN Metro Area",2011,70795,43317,20794.0,35816.0,54586.0,78119.0
21140,"Elkhart-Goshen, IN Metro Area",2012,70857,45315,21448.0,37508.0,53675.0,80359.0
21140,"Elkhart-Goshen, IN Metro Area",2013,71056,45387,20424.0,36864.0,54117.0,82207.0
21140,"Elkhart-Goshen, IN Metro Area",2014,70636,49937,22460.0,40449.0,59497.0,87351.0
21140,"Elkhart-Goshen, IN Metro Area",2015,68498,49556,22489.0,40595.0,59690.0,88810.0
21140,"Elkhart-Goshen, IN Metro Area",2016,72487,54216,24679.0,45020.0,64756.0,91276.0
21140,"Elkhart-Goshen, IN Metro Area",2017,73363,58960,29218.0,47657.0,70792.0,101306.0
21140,"Elkhart-Goshen, IN Metro Area",2018,73660,58350,28104.0,48579.0,68865.0,100909.0
21140,"Elkhart-Goshen, IN Metro Area",2019,68553,54531,22411.0,44008.0,66397.0,108219.0
21140,"Elkhart-Goshen, IN Metro Area",2021,69015,60143,28583.0,50274.0,72865.0,111888.0
21140,"Elkhart-Goshen, IN Metro Area",2022,74362,61922,27542.0,49512.0,76602.0,115184.0
21140,"Elkhart-Goshen, IN Metro Area",2023,73439,67188,31327.0,54879.0,81820.0,118475.0
21140,"Elkhart-Goshen, IN Metro Area",2024,72379,69872,35381.0,58596.0,81992.0,123173.0
21300,"Elmira, NY Metro Area",2005,35119,37418,,,,
21300,"Elmira, NY Metro Area",2006,34669,39683,17351.0,31799.0,50002.0,74695.0
21300,"Elmira, NY Metro Area",2007,34726,39836,17008.0,30409.0,50340.0,85162.0
21300,"Elmira, NY Metro Area",2008,34853,41607,18444.0,32338.0,51598.0,79653.0
21300,"Elmira, NY Metro Area",2009,36204,43727,17519.0,34981.0,54270.0,83290.0
21300,"Elmira, NY Metro Area",2010,35534,47643,20151.0,36539.0,56380.0,86461.0
21300,"Elmira, NY Metro Area",2011,35644,50120,19492.0,37576.0,61697.0,97503.0
21300,"Elmira, NY Metro Area",2012,34867,45974,19009.0,32217.0,58594.0,91510.0
21300,"Elmira, NY Metro Area",2013,35838,45237,18802.0,36024.0,56033.0,91460.0
21300,"Elmira, NY Metro Area",2014,34617,50232,20320.0,40141.0,61370.0,98517.0
21300,"Elmira, NY Metro Area",2015,34546,53119,22847.0,43611.0,63966.0,96545.0
21300,"Elmira, NY Metro Area",2016,34418,51269,20446.0,40115.0,67340.0,101039.0
21300,"Elmira, NY Metro Area",2017,32247,51194,22194.0,40830.0,65106.0,98958.0
21300,"Elmira, NY Metro Area",2018,34325,53005,21590.0,41740.0,65818.0,100103.0
21300,"Elmira, NY Metro Area",2019,33490,60782,24470.0,48518.0,71646.0,109676.0
21300,"Elmira, NY Metro Area",2021,35407,60219,23838.0,47324.0,74131.0,110544.0
21300,"Elmira, NY Metro Area",2022,34319,55845,22931.0,45933.0,67223.0,106595.0
21300,"Elmira, NY Metro Area",2023,35591,59617,22579.0,48242.0,76076.0,124411.0
21300,"Elmira, NY Metro Area",2024,36029,66527,27059.0,55133.0,81513.0,122571.0
21340,"El Paso, TX Metro Area",2005,227491,30968,,,,
21340,"El Paso, TX Metro Area",2006,229911,32111,13127.0,24963.0,40389.0,66696.0
21340,"El Paso, TX Metro Area",2007,231381,34980,13355.0,26377.0,43158.0,72336.0
21340,"El Paso, TX Metro Area",2008,237200,36485,14990.0,27939.0,46412.0,76073.0
21340,"El Paso, TX Metro Area",2009,241699,36146,14946.0,28419.0,45471.0,73304.0
21340,"El Paso, TX Metro Area",2010,248770,36015,15619.0,28310.0,45086.0,74796.0
21340,"El Paso, TX Metro Area",2011,257285,39573,16415.0,31263.0,49776.0,80150.0
21340,"El Paso, TX Metro Area",2012,260645,40345,16172.0,30950.0,50598.0,79839.0
21340,"El Paso, TX Metro Area",2013,259580,39873,16460.0,31476.0,49143.0,80355.0
21340,"El Paso, TX Metro Area",2014,256548,40133,16979.0,31704.0,49488.0,80403.0
21340,"El Paso, TX Metro Area",2015,261529,43633,18818.0,35103.0,52959.0,84196.0
21340,"El Paso, TX Metro Area",2016,268172,42116,17110.0,33706.0,52615.0,84641.0
21340,"El Paso, TX Metro Area",2017,270076,44416,18536.0,34769.0,54861.0,89420.0
21340,"El Paso, TX Metro Area",2018,271122,43862,17207.0,33457.0,54167.0,90722.0
21340,"El Paso, TX Metro Area",2019,270137,48823,20292.0,38437.0,59769.0,92856.0
21340,"El Paso, TX Metro Area",2021,299177,51002,20110.0,39990.0,62193.0,102837.0
21340,"El Paso, TX Metro Area",2022,301489,53359,21589.0,42202.0,66398.0,106675.0
21340,"El Paso, TX Metro Area",2023,301927,59037,22422.0,46141.0,71932.0,112675.0
21340,"El Paso, TX Metro Area",2024,302873,59834,23999.0,46066.0,74636.0,118801.0
21420,"Enid, OK Metro Area",2016,24859,50288,20974.0,37154.0,60706.0,96178.0
21420,"Enid, OK Metro Area",2017,22784,47915,21697.0,37175.0,59847.0,95464.0
21420,"Enid, OK Metro Area",2018,22998,53946,22543.0,41672.0,63601.0,100775.0
21420,"Enid, OK Metro Area",2019,23683,64929,27946.0,53904.0,75981.0,105465.0
21420,"Enid, OK Metro Area",2021,23016,60721,25866.0,50742.0,72058.0,115225.0
21420,"Enid, OK Metro Area",2022,23054,55131,24191.0,46709.0,62878.0,113278.0
21420,"Enid, OK Metro Area",2023,23645,63161,26627.0,48506.0,83478.0,120157.0
21420,"Enid, OK Metro Area",2024,23633,67004,27726.0,54516.0,81567.0,121421.0
21460,"Enterprise-Ozark, AL Micro Area",2005,35746,36476,,,,
21460,"Enterprise-Ozark, AL Micro Area",2006,38091,40541,15596.0,30396.0,49825.0,74735.0
21460,"Enterprise-Ozark, AL Micro Area",2007,38712,37220,15427.0,30672.0,47425.0,74358.0
21460,"Enterprise-Ozark, AL Micro Area",2008,39490,44254,18400.0,35278.0,53806.0,86050.0
21460,"Enterprise-Ozark, AL Micro Area",2009,37870,43461,17062.0,33154.0,53488.0,82298.0
21460,"Enterprise-Ozark, AL Micro Area",2010,38206,40886,15228.0,32265.0,52320.0,77783.0
21460,"Enterprise-Ozark, AL Micro Area",2011,37470,41909,17898.0,31502.0,59222.0,82521.0
21460,"Enterprise-Ozark, AL Micro Area",2012,40794,43128,16820.0,33581.0,52742.0,85184.0
21500,"Erie, PA Metro Area",2005,107331,40312,,,,
21500,"Erie, PA Metro Area",2006,107874,39649,16512.0,31566.0,50106.0,77506.0
21500,"Erie, PA Metro Area",2007,105632,42394,18147.0,33845.0,52015.0,79548.0
21500,"Erie, PA Metro Area",2008,106435,44247,20019.0,35311.0,55437.0,82713.0
21500,"Erie, PA Metro Area",2009,108457,42888,18619.0,34884.0,52816.0,83697.0
21500,"Erie, PA Metro Area",2010,109388,42519,16320.0,32152.0,53599.0,81819.0
21500,"Erie, PA Metro Area",2011,109138,41975,17528.0,34155.0,52040.0,80631.0
21500,"Erie, PA Metro Area",2012,109973,46563,19104.0,36152.0,57160.0,87188.0
21500,"Erie, PA Metro Area",2013,110733,44292,18686.0,35493.0,53533.0,86546.0
21500,"Erie, PA Metro Area",2014,108655,45560,20102.0,35867.0,56235.0,90052.0
21500,"Erie, PA Metro Area",2015,110138,47386,19521.0,37929.0,61050.0,95397.0
21500,"Erie, PA Metro Area",2016,109705,48964,21253.0,39338.0,59988.0,91304.0
21500,"Erie, PA Metro Area",2017,108458,50614,20577.0,39100.0,64912.0,98242.0
21500,"Erie, PA Metro Area",2018,109797,48007,21013.0,37126.0,61134.0,95692.0
21500,"Erie, PA Metro Area",2019,110128,51818,21931.0,40749.0,65508.0,101036.0
21500,"Erie, PA Metro Area",2021,110561,56851,21794.0,44627.0,70935.0,107569.0
21500,"Erie, PA Metro Area",2022,111286,56094,22908.0,45049.0,70030.0,110363.0
21500,"Erie, PA Metro Area",2023,111118,60663,24884.0,45680.0,75377.0,118047.0
21500,"Erie, PA Metro Area",2024,111874,63322,25722.0,48908.0,78956.0,127415.0
21660,"Eugene-Springfield, OR Metro Area",2005,136635,37290,,,,
21660,"Eugene-Springfield, OR Metro Area",2006,137601,42127,17118.0,33671.0,52330.0,78257.0
21660,"Eugene-Springfield, OR Metro Area",2007,138374,43111,19068.0,35137.0,52710.0,80220.0
21660,"Eugene-Springfield, OR Metro Area",2008,142951,43343,18360.0,33449.0,54428.0,82936.0
21660,"Eugene-Springfield, OR Metro Area",2009,140782,39867,16941.0,31674.0,51129.0,76384.0
21660,"Eugene-Springfield, OR Metro Area",2010,144923,40276,17011.0,31632.0,51486.0,81418.0
21660,"Eugene-Springfield, OR Metro Area",2011,145781,40584,15946.0,31550.0,50678.0,78671.0
21660,"Eugene-Springfield, OR Metro Area",2012,146327,40675,16321.0,31882.0,51777.0,85779.0
21660,"Eugene, OR Metro Area",2013,144166,43459,17255.0,33631.0,54944.0,86211.0
21660,"Eugene, OR Metro Area",2014,145732,44877,18447.0,36086.0,55861.0,89088.0
21660,"Eugene, OR Metro Area",2015,146602,47318,19271.0,36413.0,59276.0,91387.0
21660,"Eugene, OR Metro Area",2016,147712,47777,20470.0,37868.0,59780.0,93057.0
21660,"Eugene, OR Metro Area",2017,151675,50654,20476.0,38200.0,63069.0,98032.0
21660,"Eugene, OR Metro Area",2018,156072,53172,22937.0,41986.0,65546.0,99995.0
21660,"Eugene-Springfield, OR Metro Area",2019,155696,57325,23865.0,43696.0,71192.0,110863.0
21660,"Eugene-Springfield, OR Metro Area",2021,160158,61712,27139.0,49341.0,78136.0,114616.0
21660,"Eugene-Springfield, OR Metro Area",2022,160316,64069,24424.0,49314.0,79402.0,120865.0
21660,"Eugene-Springfield, OR Metro Area",2023,162001,70374,27676.0,54990.0,83906.0,130912.0
21660,"Eugene-Springfield, OR Metro Area",2024,162496,73476,29626.0,55251.0,90491.0,137176.0
21700,"Eureka-Arcata-Fortuna, CA Micro Area",2005,52019,33093,,,,
21700,"Eureka-Arcata-Fortuna, CA Micro Area",2006,52660,40749,18118.0,31120.0,50329.0,74695.0
21700,"Eureka-Arcata-Fortuna, CA Micro Area",2007,51902,36870,16231.0,29932.0,47159.0,78936.0
21700,"Eureka-Arcata-Fortuna, CA Micro Area",2008,52979,39750,15119.0,30561.0,49144.0,75827.0
21700,"Eureka-Arcata-Fortuna, CA Micro Area",2009,52316,35745,15125.0,28864.0,45158.0,73068.0
21700,"Eureka-Arcata-Fortuna, CA Micro Area",2010,54980,38492,17296.0,31324.0,49065.0,77402.0
21700,"Eureka-Arcata-Fortuna, CA Micro Area",2011,51183,41187,16540.0,31805.0,50304.0,78988.0
21700,"Eureka-Arcata-Fortuna, CA Micro Area",2012,52241,40682,15459.0,31926.0,51344.0,85662.0
21700,"Eureka-Arcata-Fortuna, CA Micro Area",2013,53191,42092,17942.0,32262.0,52035.0,80856.0
21700,"Eureka-Arcata-Fortuna, CA Micro Area",2014,53195,40598,15931.0,30887.0,49279.0,79680.0
21700,"Eureka-Arcata-Fortuna, CA Micro Area",2015,53553,40484,18469.0,32841.0,48942.0,82296.0
21700,"Eureka-Arcata-Fortuna, CA Micro Area",2016,54230,43130,18944.0,35450.0,53614.0,90041.0
21700,"Eureka-Arcata-Fortuna, CA Micro Area",2017,53446,46494,19095.0,34796.0,59472.0,94676.0
21700,"Eureka-Arcata-Fortuna, CA Micro Area",2018,55773,50294,20271.0,37345.0,61545.0,96059.0
21700,"Eureka-Arcata, CA Micro Area",2019,55692,51662,16234.0,40598.0,67159.0,115008.0
21700,"Eureka-Arcata, CA Micro Area",2021,55184,54752,23941.0,43029.0,66999.0,106659.0
21700,"Eureka-Arcata, CA Micro Area",2022,56785,57883,26441.0,45277.0,75692.0,125660.0
21700,"Eureka-Arcata, CA Micro Area",2023,56130,61621,23249.0,48047.0,73137.0,120681.0
21700,"Eureka-Arcata, CA Micro Area",2024,55558,58124,22965.0,43907.0,70463.0,126865.0
21780,"Evansville, IN-KY Metro Area",2005,140138,43431,,,,
21780,"Evansville, IN-KY Metro Area",2006,142463,43109,17959.0,32949.0,54954.0,81342.0
21780,"Evansville, IN-KY Metro Area",2007,142027,46173,20569.0,36186.0,57053.0,85785.0
21780,"Evansville, IN-KY Metro Area",2008,146258,43342,18218.0,34578.0,54552.0,83269.0
21780,"Evansville, IN-KY Metro Area",2009,142331,46462,20083.0,37046.0,57249.0,87251.0
21780,"Evansville, IN-KY Metro Area",2010,142984,44319,18810.0,34964.0,55063.0,85876.0
21780,"Evansville, IN-KY Metro Area",2011,142972,46721,20272.0,37587.0,57030.0,84547.0
21780,"Evansville, IN-KY Metro Area",2012,145212,44887,20350.0,35955.0,58028.0,88455.0
21780,"Evansville, IN-KY Metro Area",2013,124343,45332,19704.0,35976.0,57878.0,90298.0
21780,"Evansville, IN-KY Metro Area",2014,125439,46547,20329.0,36833.0,58949.0,93288.0
21780,"Evansville, IN-KY Metro Area",2015,124936,48662,21261.0,37390.0,60115.0,93900.0
21780,"Evansville, IN-KY Metro Area",2016,128277,50155,22272.0,39978.0,61042.0,95689.0
21780,"Evansville, IN-KY Metro Area",2017,130667,51964,21699.0,40757.0,67515.0,103452.0
21780,"Evansville, IN-KY Metro Area",2018,128680,55412,22024.0,42738.0,70810.0,105616.0
21780,"Evansville, IN-KY Metro Area",2019,129971,55584,23944.0,44520.0,71208.0,105676.0
21780,"Evansville, IN-KY Metro Area",2021,132942,59153,28087.0,48490.0,74475.0,110626.0
21780,"Evansville, IN-KY Metro Area",2022,132135,62433,25896.0,49455.0,75723.0,122184.0
21780,"Evansville, IN Metro Area",2023,113389,65073,28829.0,53428.0,81782.0,127722.0
21780,"Evansville, IN Metro Area",2024,117981,67459,31992.0,52786.0,85067.0,133912.0
21820,"Fairbanks, AK Metro Area",2005,30741,56560,,,,
21820,"Fairbanks, AK Metro Area",2006,27986,58833,25139.0,45396.0,73507.0,110219.0
21820,"Fairbanks, AK Metro Area",2007,33673,65327,30802.0,52857.0,75937.0,107552.0
21820,"Fairbanks, AK Metro Area",2008,32559,69103,30630.0,54450.0,83382.0,112008.0
21820,"Fairbanks, AK Metro Area",2009,31169,70610,32120.0,56786.0,86227.0,119766.0
21820,"Fairbanks, AK Metro Area",2010,37413,60785,30036.0,46872.0,73275.0,105712.0
21820,"Fairbanks, AK Metro Area",2011,37016,65920,30173.0,53965.0,78047.0,114068.0
21820,"Fairbanks, AK Metro Area",2012,35944,66539,30350.0,53134.0,76203.0,122923.0
21820,"Fairbanks, AK Metro Area",2013,34056,69113,29739.0,56806.0,80385.0,125988.0
21820,"Fairbanks, AK Metro Area",2014,35692,69820,32485.0,56076.0,83357.0,130651.0
21820,"Fairbanks, AK Metro Area",2015,35475,72975,37274.0,59660.0,88097.0,131912.0
21820,"Fairbanks, AK Metro Area",2016,33770,77328,36109.0,58169.0,94885.0,122618.0
21820,"Fairbanks, AK Metro Area",2017,35046,76747,33281.0,59959.0,91364.0,133928.0
21820,"Fairbanks, AK Metro Area",2018,36378,75448,36680.0,62666.0,93155.0,137253.0
21820,"Fairbanks, AK Metro Area",2019,35556,72065,37822.0,60977.0,92743.0,170552.0
21820,"Fairbanks, AK Metro Area",2021,36426,72149,35165.0,60983.0,89054.0,142289.0
21820,"Fairbanks, AK Metro Area",2022,37356,83519,39705.0,67387.0,101414.0,131290.0
21820,"Fairbanks-College, AK Metro Area",2023,37510,86391,37539.0,68333.0,101887.0,153373.0
21820,"Fairbanks-College, AK Metro Area",2024,36358,92121,50299.0,75400.0,112143.0,170425.0
21940,"Fajardo, PR Metro Area",2005,26041,18611,,,,
21940,"Fajardo, PR Metro Area",2006,24713,17941,6834.0,13454.0,21903.0,40391.0
21940,"Fajardo, PR Metro Area",2007,23508,18160,7945.0,13553.0,23752.0,39984.0
21940,"Fajardo, PR Metro Area",2008,23715,20044,6048.0,13452.0,25147.0,40494.0
21940,"Fajardo, PR Metro Area",2009,23540,20743,7601.0,15591.0,26376.0,42996.0
21940,"Fajardo, PR Metro Area",2010,26293,18966,6878.0,14943.0,25402.0,42132.0
21940,"Fajardo, PR Metro Area",2011,25619,18186,8591.0,14353.0,23694.0,39094.0
21940,"Fajardo, PR Metro Area",2012,23605,21978,8997.0,17072.0,26626.0,41728.0
22020,"Fargo, ND-MN Metro Area",2005,78341,44108,,,,
22020,"Fargo, ND-MN Metro Area",2006,80840,46188,18088.0,36237.0,57557.0,81056.0
22020,"Fargo, ND-MN Metro Area",2007,81363,44551,18440.0,34432.0,56896.0,89518.0
22020,"Fargo, ND-MN Metro Area",2008,84272,46532,21020.0,37784.0,57705.0,87667.0
22020,"Fargo, ND-MN Metro Area",2009,84330,45483,20057.0,36476.0,56396.0,88000.0
22020,"Fargo, ND-MN Metro Area",2010,86373,50088,20937.0,39908.0,62254.0,92179.0
22020,"Fargo, ND-MN Metro Area",2011,87929,52393,22134.0,40251.0,61600.0,96940.0
22020,"Fargo, ND-MN Metro Area",2012,89002,51525,24566.0,41071.0,63182.0,98725.0
22020,"Fargo, ND-MN Metro Area",2013,90959,51961,23042.0,41320.0,65484.0,97015.0
22020,"Fargo, ND-MN Metro Area",2014,92345,53867,25100.0,43527.0,66821.0,103096.0
22020,"Fargo, ND-MN Metro Area",2015,96142,56051,23937.0,43693.0,72194.0,106689.0
22020,"Fargo, ND-MN Metro Area",2016,99968,60009,25615.0,49350.0,72344.0,109665.0
22020,"Fargo, ND-MN Metro Area",2017,100721,63353,27574.0,51608.0,78331.0,115300.0
22020,"Fargo, ND-MN Metro Area",2018,99306,65073,27839.0,50771.0,81037.0,126822.0
22020,"Fargo, ND-MN Metro Area",2019,104097,62820,27004.0,50574.0,76306.0,120540.0
22020,"Fargo, ND-MN Metro Area",2021,109997,66216,27817.0,51992.0,81738.0,132353.0
22020,"Fargo, ND-MN Metro Area",2022,110171,70391,29233.0,55393.0,87104.0,137270.0
22020,"Fargo, ND-MN Metro Area",2023,111493,72889,32401.0,56341.0,91095.0,141865.0
22020,"Fargo, ND-MN Metro Area",2024,117879,76945,33752.0,60790.0,95976.0,143425.0
22060,"Faribault-Northfield, MN Micro Area",2013,22361,58584,26066.0,46106.0,71425.0,103909.0
22060,"Faribault-Northfield, MN Micro Area",2014,22933,60527,25352.0,48270.0,73920.0,104764.0
22060,"Faribault-Northfield, MN Micro Area",2015,22745,57323,27933.0,46406.0,71599.0,103755.0
22060,"Faribault-Northfield, MN Micro Area",2016,22895,69135,28366.0,57817.0,85198.0,118881.0
22060,"Faribault-Northfield, MN Micro Area",2017,23130,64014,27521.0,51198.0,76826.0,112157.0
22060,"Faribault-Northfield, MN Micro Area",2018,23358,65839,30310.0,48844.0,81785.0,120798.0
22060,"Faribault-Northfield, MN Micro Area",2019,22861,72469,31931.0,62823.0,87296.0,125951.0
22060,"Faribault-Northfield, MN Micro Area",2021,23779,67267,33149.0,58257.0,82575.0,135902.0
22060,"Faribault-Northfield, MN Micro Area",2022,23616,76319,26186.0,60109.0,92472.0,143550.0
22060,"Faribault-Northfield, MN Micro Area",2023,23512,81455,30924.0,61243.0,98368.0,144687.0
22060,"Faribault-Northfield, MN Micro Area",2024,23968,82002,34595.0,64611.0,99483.0,156377.0
22100,"Farmington, MO Micro Area",2010,24466,33428,15827.0,27352.0,42312.0,76131.0
22100,"Farmington, MO Micro Area",2011,25194,34260,16079.0,28585.0,44266.0,72448.0
22100,"Farmington, MO Micro Area",2012,24023,34129,13541.0,27466.0,42210.0,65100.0
22100,"Farmington, MO Micro Area",2013,24435,37349,16015.0,28860.0,43750.0,66841.0
22100,"Farmington, MO Micro Area",2014,24915,41713,16932.0,32988.0,52284.0,79749.0
22100,"Farmington, MO Micro Area",2015,24741,42863,20797.0,35615.0,51554.0,79446.0
22100,"Farmington, MO Micro Area",2016,24350,45431,17260.0,32641.0,56202.0,81588.0
22100,"Farmington, MO Micro Area",2017,22504,39288,20270.0,33034.0,51341.0,86991.0
22100,"Farmington, MO Micro Area",2018,25670,46796,18428.0,36198.0,58806.0,90088.0
22100,"Farmington, MO Micro Area",2019,24021,42390,18922.0,36435.0,57315.0,85213.0
22100,"Farmington, MO Micro Area",2021,25030,47682,18559.0,36471.0,62457.0,100962.0
22100,"Farmington, MO Micro Area",2022,24466,46775,22562.0,38749.0,60510.0,93094.0
22100,"Farmington, MO Micro Area",2023,25489,55042,24690.0,45722.0,67268.0,111544.0
22100,"Farmington, MO Micro Area",2024,27304,55350,26186.0,45605.0,68541.0,101205.0
22140,"Farmington, NM Metro Area",2005,38026,36047,,,,
22140,"Farmington, NM Metro Area",2006,38559,40517,14421.0,30873.0,51190.0,85323.0
22140,"Farmington, NM Metro Area",2007,39496,43690,17168.0,35108.0,51340.0,81758.0
22140,"Farmington, NM Metro Area",2008,39861,47096,21815.0,38805.0,60035.0,91150.0
22140,"Farmington, NM Metro Area",2009,39609,47075,16138.0,36335.0,62288.0,90450.0
22140,"Farmington, NM Metro Area",2010,41703,45127,18532.0,36350.0,54566.0,87073.0
22140,"Farmington, NM Metro Area",2011,42224,51728,21538.0,40311.0,64925.0,91330.0
22140,"Farmington, NM Metro Area",2012,40025,46385,18013.0,34387.0,57816.0,99909.0
22140,"Farmington, NM Metro Area",2013,37847,43787,15487.0,33904.0,56362.0,93055.0
22140,"Farmington, NM Metro Area",2014,40378,48773,19033.0,37238.0,62175.0,94101.0
22140,"Farmington, NM Metro Area",2015,43030,49613,19247.0,37286.0,60405.0,95080.0
22140,"Farmington, NM Metro Area",2016,43093,52003,21580.0,41710.0,67836.0,97593.0
22140,"Farmington, NM Metro Area",2017,41071,45942,20090.0,35475.0,59004.0,91390.0
22140,"Farmington, NM Metro Area",2018,43707,44841,17141.0,35067.0,58040.0,91337.0
22140,"Farmington, NM Metro Area",2019,42561,44321,21109.0,34948.0,52726.0,85431.0
22140,"Farmington, NM Metro Area",2021,40844,47819,16915.0,35750.0,63685.0,99882.0
22140,"Farmington, NM Metro Area",2022,41542,50264,19435.0,38716.0,65752.0,101769.0
22140,"Farmington, NM Metro Area",2023,42670,57324,24731.0,46787.0,71642.0,119378.0
22140,"Farmington, NM Metro Area",2024,42997,66426,23275.0,50408.0,79410.0,119534.0
22180,"Fayetteville, NC Metro Area",2005,129829,39775,,,,
22180,"Fayetteville, NC Metro Area",2006,132591,40788,17345.0,32393.0,50490.0,75363.0
22180,"Fayetteville, NC Metro Area",2007,129458,42751,17853.0,33643.0,52541.0,81365.0
22180,"Fayetteville, NC Metro Area",2008,132566,44091,20247.0,34425.0,55050.0,90033.0
22180,"Fayetteville, NC Metro Area",2009,132109,40495,17391.0,33381.0,50324.0,79023.0
22180,"Fayetteville, NC Metro Area",2010,133054,43458,20134.0,35765.0,51931.0,80857.0
22180,"Fayetteville, NC Metro Area",2011,135555,42955,17699.0,34124.0,54966.0,85329.0
22180,"Fayetteville, NC Metro Area",2012,139404,44823,20459.0,36138.0,53353.0,80833.0
22180,"Fayetteville, NC Metro Area",2013,142827,42968,18987.0,34440.0,54433.0,83951.0
22180,"Fayetteville, NC Metro Area",2014,140204,42181,20702.0,34157.0,51262.0,82490.0
22180,"Fayetteville, NC Metro Area",2015,137158,41921,18878.0,33206.0,51840.0,86107.0
22180,"Fayetteville, NC Metro Area",2016,141972,45293,20123.0,35751.0,54268.0,82283.0
22180,"Fayetteville, NC Metro Area",2017,143306,44757,18922.0,34970.0,54923.0,86141.0
22180,"Fayetteville, NC Metro Area",2018,146760,46679,19995.0,37534.0,57878.0,91687.0
22180,"Fayetteville, NC Metro Area",2019,193936,47597,20638.0,37971.0,60007.0,92721.0
22180,"Fayetteville, NC Metro Area",2021,198062,55027,23751.0,43618.0,67705.0,102707.0
22180,"Fayetteville, NC Metro Area",2022,202349,60441,26568.0,49451.0,72543.0,110487.0
22180,"Fayetteville, NC Metro Area",2023,150658,61220,27600.0,49523.0,75418.0,115445.0
22180,"Fayetteville, NC Metro Area",2024,151815,61379,28654.0,49456.0,77125.0,120270.0
22220,"Fayetteville-Springdale-Rogers, AR-MO Metro Area",2005,153564,42801,,,,
22220,"Fayetteville-Springdale-Rogers, AR-MO Metro Area",2006,160511,42267,19617.0,34578.0,51637.0,79810.0
22220,"Fayetteville-Springdale-Rogers, AR-MO Metro Area",2007,160013,44552,20448.0,36524.0,55417.0,85565.0
22220,"Fayetteville-Springdale-Rogers, AR-MO Metro Area",2008,162875,43994,20159.0,35228.0,55104.0,85080.0
22220,"Fayetteville-Springdale-Rogers, AR-MO Metro Area",2009,165413,44243,19449.0,34945.0,53807.0,87560.0
22220,"Fayetteville-Springdale-Rogers, AR-MO Metro Area",2010,170006,45101,19186.0,35453.0,54392.0,86534.0
22220,"Fayetteville-Springdale-Rogers, AR-MO Metro Area",2011,177663,45138,19179.0,35688.0,55697.0,95361.0
22220,"Fayetteville-Springdale-Rogers, AR-MO Metro Area",2012,179264,45611,19870.0,36556.0,55939.0,91020.0
22220,"Fayetteville-Springdale-Rogers, AR-MO Metro Area",2013,178227,47905,22013.0,38566.0,60596.0,97566.0
22220,"Fayetteville-Springdale-Rogers, AR-MO Metro Area",2014,182570,50128,21715.0,39563.0,62700.0,101061.0
22220,"Fayetteville-Springdale-Rogers, AR-MO Metro Area",2015,190860,50788,23384.0,41159.0,62210.0,100125.0
22220,"Fayetteville-Springdale-Rogers, AR-MO Metro Area",2016,196775,51848,22250.0,42394.0,65487.0,108586.0
22220,"Fayetteville-Springdale-Rogers, AR-MO Metro Area",2017,194671,56038,25136.0,45152.0,68877.0,110669.0
22220,"Fayetteville-Springdale-Rogers, AR-MO Metro Area",2018,205278,57911,25718.0,46414.0,71329.0,113362.0
22220,"Fayetteville-Springdale-Rogers, AR Metro Area",2019,196683,61674,26260.0,48712.0,75314.0,121022.0
22220,"Fayetteville-Springdale-Rogers, AR Metro Area",2021,206712,71767,32894.0,58347.0,85134.0,133431.0
22220,"Fayetteville-Springdale-Rogers, AR Metro Area",2022,216921,73364,32141.0,58734.0,89767.0,140818.0
22220,"Fayetteville-Springdale-Rogers, AR Metro Area",2023,224357,77695,35341.0,61443.0,97869.0,150852.0
22220,"Fayetteville-Springdale-Rogers, AR Metro Area",2024,229631,81208,37696.0,66666.0,99968.0,159554.0
22300,"Findlay, OH Micro Area",2005,29825,45117,,,,
22300,"Findlay, OH Micro Area",2006,31334,44433,20890.0,35301.0,53700.0,76279.0
22300,"Findlay, OH Micro Area",2007,31525,48567,23086.0,40132.0,56470.0,88258.0
22300,"Findlay, OH Micro Area",2008,32245,51386,26032.0,41390.0,58566.0,88264.0
22300,"Findlay, OH Micro Area",2009,32627,47556,21951.0,35980.0,57215.0,90200.0
22300,"Findlay, OH Micro Area",2010,30198,50150,22031.0,41349.0,57666.0,81010.0
22300,"Findlay, OH Micro Area",2011,29732,46742,18056.0,35230.0,56952.0,85608.0
22300,"Findlay, OH Micro Area",2012,30064,47947,23016.0,38733.0,60305.0,97603.0
22300,"Findlay, OH Micro Area",2013,31732,46382,19021.0,35863.0,59718.0,91794.0
22300,"Findlay, OH Micro Area",2014,31747,50898,24371.0,41322.0,60526.0,90157.0
22300,"Findlay, OH Micro Area",2015,31389,54709,28269.0,46638.0,67908.0,101918.0
22300,"Findlay, OH Micro Area",2016,31693,52810,25909.0,43306.0,65123.0,103583.0
22300,"Findlay, OH Micro Area",2017,31844,51360,25997.0,41765.0,63099.0,103395.0
22300,"Findlay, OH Micro Area",2018,31606,60788,26642.0,50075.0,74357.0,113470.0
22300,"Findlay, OH Micro Area",2019,32490,60944,27923.0,48342.0,75836.0,119532.0
22300,"Findlay, OH Micro Area",2021,31951,64024,32070.0,50672.0,80731.0,119586.0
22300,"Findlay, OH Micro Area",2022,32136,71377,34188.0,56849.0,86802.0,133238.0
22300,"Findlay, OH Micro Area",2023,31675,70736,28438.0,55942.0,80192.0,130329.0
22300,"Findlay, OH Micro Area",2024,31884,81810,38979.0,63880.0,95582.0,135751.0
22380,"Flagstaff, AZ Metro Area",2005,43435,41184,,,,
22380,"Flagstaff, AZ Metro Area",2006,43189,43510,20265.0,35708.0,54910.0,85795.0
22380,"Flagstaff, AZ Metro Area",2007,43142,49633,20568.0,39181.0,60195.0,94786.0
22380,"Flagstaff, AZ Metro Area",2008,46500,47408,17729.0,37035.0,58571.0,93247.0
22380,"Flagstaff, AZ Metro Area",2009,44132,50769,19875.0,39978.0,61355.0,94572.0
22380,"Flagstaff, AZ Metro Area",2010,44276,42130,17355.0,34161.0,55271.0,87766.0
22380,"Flagstaff, AZ Metro Area",2011,44826,45045,19174.0,37745.0,57048.0,92926.0
22380,"Flagstaff, AZ Metro Area",2012,46366,45640,17376.0,35420.0,56800.0,92740.0
22380,"Flagstaff, AZ Metro Area",2013,49002,50637,17273.0,37186.0,61577.0,95975.0
22380,"Flagstaff, AZ Metro Area",2014,46919,49757,20717.0,38747.0,64475.0,107887.0
22380,"Flagstaff, AZ Metro Area",2015,45911,53152,19150.0,43964.0,68493.0,104157.0
22380,"Flagstaff, AZ Metro Area",2016,47408,55091,20474.0,41470.0,67991.0,98296.0
22380,"Flagstaff, AZ Metro Area",2017,47977,54893,20655.0,40699.0,68644.0,100772.0
22380,"Flagstaff, AZ Metro Area",2018,47275,61843,24023.0,51292.0,72399.0,119270.0
22380,"Flagstaff, AZ Metro Area",2019,48993,58085,22243.0,46439.0,74620.0,119184.0
22380,"Flagstaff, AZ Metro Area",2021,55145,64533,23710.0,51407.0,81273.0,140238.0
22380,"Flagstaff, AZ Metro Area",2022,53988,62622,27993.0,50618.0,77452.0,125364.0
22380,"Flagstaff, AZ Metro Area",2023,56954,71738,28785.0,53936.0,86267.0,146343.0
22380,"Flagstaff, AZ Metro Area",2024,59124,75164,32778.0,59976.0,95528.0,153580.0
22420,"Flint, MI Metro Area",2005,173441,42473,,,,
22420,"Flint, MI Metro Area",2006,177191,41778,18469.0,33553.0,52656.0,81617.0
22420,"Flint, MI Metro Area",2007,170767,43112,18620.0,34112.0,53515.0,82104.0
22420,"Flint, MI Metro Area",2008,169002,44611,19811.0,35633.0,53918.0,83013.0
22420,"Flint, MI Metro Area",2009,169776,41382,17937.0,33858.0,51107.0,79722.0
22420,"Flint, MI Metro Area",2010,166539,38819,15453.0,30090.0,48392.0,74710.0
22420,"Flint, MI Metro Area",2011,163473,40843,16349.0,32365.0,51742.0,80459.0
22420,"Flint, MI Metro Area",2012,166225,40323,16886.0,32186.0,49467.0,79172.0
22420,"Flint, MI Metro Area",2013,163740,41249,17583.0,33391.0,50996.0,81715.0
22420,"Flint, MI Metro Area",2014,167096,41682,17371.0,32999.0,53010.0,83598.0
22420,"Flint, MI Metro Area",2015,163488,44025,17967.0,34251.0,54256.0,85874.0
22420,"Flint, MI Metro Area",2016,167171,43955,17608.0,35316.0,53736.0,86991.0
22420,"Flint, MI Metro Area",2017,165719,46298,19407.0,37032.0,56553.0,94670.0
22420,"Flint, MI Metro Area",2018,169469,48127,20673.0,38330.0,61140.0,97624.0
22420,"Flint, MI Metro Area",2019,169247,50389,21535.0,39831.0,63347.0,97438.0
22420,"Flint, MI Metro Area",2021,167895,52025,22427.0,42092.0,66026.0,104747.0
22420,"Flint, MI Metro Area",2022,167950,57003,25180.0,44997.0,70913.0,113260.0
22420,"Flint, MI Metro Area",2023,164086,60027,24874.0,47826.0,74868.0,118714.0
22420,"Flint, MI Metro Area",2024,166807,63594,26976.0,50078.0,77456.0,121823.0
22500,"Florence, SC Metro Area",2005,72293,36151,,,,
22500,"Florence, SC Metro Area",2006,72367,37936,16211.0,29936.0,45855.0,74096.0
22500,"Florence, SC Metro Area",2007,73691,40918,15984.0,32103.0,51014.0,77921.0
22500,"Florence, SC Metro Area",2008,75652,40271,15573.0,31908.0,47622.0,74504.0
22500,"Florence, SC Metro Area",2009,75679,38277,15622.0,30195.0,48756.0,79953.0
22500,"Florence, SC Metro Area",2010,79218,37590,14639.0,28994.0,46440.0,72488.0
22500,"Florence, SC Metro Area",2011,77239,39961,15353.0,31215.0,49376.0,81806.0
22500,"Florence, SC Metro Area",2012,77878,38163,15697.0,30553.0,48149.0,84577.0
22500,"Florence, SC Metro Area",2013,77550,38577,15663.0,29939.0,48211.0,77382.0
22500,"Florence, SC Metro Area",2014,77815,40139,14748.0,31331.0,51670.0,82958.0
22500,"Florence, SC Metro Area",2015,79914,38062,16110.0,30146.0,49633.0,80573.0
22500,"Florence, SC Metro Area",2016,76117,42200,18067.0,33907.0,53959.0,88985.0
22500,"Florence, SC Metro Area",2017,79458,40562,19016.0,31823.0,51354.0,84376.0
22500,"Florence, SC Metro Area",2018,75826,42612,17051.0,33846.0,55814.0,88007.0
22500,"Florence, SC Metro Area",2019,77848,48547,18987.0,37927.0,62272.0,101220.0
22500,"Florence, SC Metro Area",2021,77918,49724,17047.0,35883.0,63888.0,101375.0
22500,"Florence, SC Metro Area",2022,79506,50219,19645.0,39550.0,66252.0,116022.0
22500,"Florence, SC Metro Area",2023,78453,49974,21122.0,39229.0,64877.0,107326.0
22500,"Florence, SC Metro Area",2024,79467,56475,18840.0,45414.0,70248.0,115004.0
22520,"Florence-Muscle Shoals, AL Metro Area",2005,59584,33379,,,,
22520,"Florence-Muscle Shoals, AL Metro Area",2006,57616,37484,14594.0,30145.0,48793.0,79628.0
22520,"Florence-Muscle Shoals, AL Metro Area",2007,59650,36967,14346.0,27942.0,46019.0,77745.0
22520,"Florence-Muscle Shoals, AL Metro Area",2008,59855,39437,15185.0,30945.0,50491.0,83000.0
22520,"Florence-Muscle Shoals, AL Metro Area",2009,59509,37721,15939.0,29783.0,47474.0,75273.0
22520,"Florence-Muscle Shoals, AL Metro Area",2010,60910,37638,14807.0,28943.0,47011.0,75318.0
22520,"Florence-Muscle Shoals, AL Metro Area",2011,61561,37998,15752.0,29667.0,48589.0,75517.0
22520,"Florence-Muscle Shoals, AL Metro Area",2012,58960,41450,16190.0,32019.0,53758.0,84516.0
22520,"Florence-Muscle Shoals, AL Metro Area",2013,61383,42898,17295.0,34614.0,51037.0,76861.0
22520,"Florence-Muscle Shoals, AL Metro Area",2014,61239,41597,16977.0,31742.0,50800.0,82301.0
22520,"Florence-Muscle Shoals, AL Metro Area",2015,60663,41547,16795.0,31684.0,51745.0,84167.0
22520,"Florence-Muscle Shoals, AL Metro Area",2016,59676,45287,17299.0,35801.0,58155.0,86573.0
22520,"Florence-Muscle Shoals, AL Metro Area",2017,60041,45903,20181.0,36162.0,59108.0,85113.0
22520,"Florence-Muscle Shoals, AL Metro Area",2018,59932,49407,20406.0,38568.0,60732.0,90594.0
22520,"Florence-Muscle Shoals, AL Metro Area",2019,60837,45824,19721.0,36726.0,60239.0,91965.0
22520,"Florence-Muscle Shoals, AL Metro Area",2021,61492,51639,21269.0,40610.0,64495.0,104207.0
22520,"Florence-Muscle Shoals, AL Metro Area",2022,64312,56563,23576.0,44448.0,72402.0,105663.0
22520,"Florence-Muscle Shoals, AL Metro Area",2023,67774,61606,26490.0,48757.0,74993.0,108821.0
22520,"Florence-Muscle Shoals, AL Metro Area",2024,65277,66882,26183.0,54069.0,82053.0,130722.0
22540,"Fond du Lac, WI Metro Area",2005,38498,48186,,,,
22540,"Fond du Lac, WI Metro Area",2006,38722,48551,23182.0,40887.0,56739.0,81398.0
22540,"Fond du Lac, WI Metro Area",2007,39612,50024,22131.0,40733.0,59099.0,84746.0
22540,"Fond du Lac, WI Metro Area",2008,39555,52937,24262.0,42205.0,63930.0,91136.0
22540,"Fond du Lac, WI Metro Area",2009,41234,50216,21921.0,39977.0,58633.0,83143.0
22540,"Fond du Lac, WI Metro Area",2010,40736,49718,22977.0,40866.0,60973.0,84640.0
22540,"Fond du Lac, WI Metro Area",2011,41277,53202,23246.0,43151.0,62331.0,87689.0
22540,"Fond du Lac, WI Metro Area",2012,41191,53065,26177.0,43556.0,62509.0,89124.0
22540,"Fond du Lac, WI Metro Area",2013,41202,54198,24482.0,44371.0,64441.0,95152.0
22540,"Fond du Lac, WI Metro Area",2014,41938,51717,25065.0,43785.0,62780.0,94606.0
22540,"Fond du Lac, WI Metro Area",2015,40295,57620,26172.0,46595.0,70404.0,101134.0
22540,"Fond du Lac, WI Metro Area",2016,40815,58310,28491.0,47957.0,70374.0,105132.0
22540,"Fond du Lac, WI Metro Area",2017,42449,61417,27978.0,50281.0,71761.0,105501.0
22540,"Fond du Lac, WI Metro Area",2018,41009,57415,25058.0,46956.0,66813.0,101809.0
22540,"Fond du Lac, WI Metro Area",2019,42604,65329,31703.0,53624.0,79563.0,117526.0
22540,"Fond du Lac, WI Metro Area",2021,42758,69068,33681.0,56476.0,82964.0,117576.0
22540,"Fond du Lac, WI Metro Area",2022,43958,69948,30128.0,56805.0,86099.0,123741.0
22540,"Fond du Lac, WI Metro Area",2023,44262,71285,34572.0,58827.0,84973.0,128424.0
22540,"Fond du Lac, WI Metro Area",2024,43663,74782,37316.0,61156.0,95698.0,133508.0
22580,"Forest City, NC Micro Area",2010,26818,35442,14040.0,27285.0,40550.0,66869.0
22580,"Forest City, NC Micro Area",2011,26944,35786,15208.0,27113.0,46432.0,70106.0
22580,"Forest City, NC Micro Area",2012,27506,32836,15806.0,27411.0,40660.0,61633.0
22580,"Forest City, NC Micro Area",2013,26213,34993,15176.0,28791.0,41626.0,69898.0
22580,"Forest City, NC Micro Area",2014,25805,34347,14921.0,28339.0,43802.0,67771.0
22580,"Forest City, NC Micro Area",2015,25745,35594,16360.0,30025.0,43597.0,71151.0
22580,"Forest City, NC Micro Area",2016,26982,36121,15509.0,25606.0,46549.0,68767.0
22580,"Forest City, NC Micro Area",2017,26408,40570,18104.0,31916.0,48663.0,77474.0
22580,"Forest City, NC Micro Area",2018,26305,43111,16351.0,32585.0,55298.0,86808.0
22580,"Forest City, NC Micro Area",2019,27970,44361,22710.0,37174.0,53450.0,87723.0
22580,"Forest City, NC Micro Area",2023,26805,47557,25603.0,37648.0,60581.0,94685.0
22580,"Forest City, NC Micro Area",2024,27494,56832,24970.0,42871.0,74893.0,114706.0
22660,"Fort Collins-Loveland, CO Metro Area",2005,109087,48686,,,,
22660,"Fort Collins-Loveland, CO Metro Area",2006,113140,53745,22006.0,40415.0,68473.0,103344.0
22660,"Fort Collins-Loveland, CO Metro Area",2007,112848,52046,23568.0,40666.0,63253.0,101200.0
22660,"Fort Collins-Loveland, CO Metro Area",2008,118483,56331,24001.0,45012.0,70556.0,113082.0
22660,"Fort Collins-Loveland, CO Metro Area",2009,117719,55676,21247.0,42153.0,69259.0,102170.0
22660,"Fort Collins-Loveland, CO Metro Area",2010,117812,54154,23016.0,42610.0,67735.0,102110.0
22660,"Fort Collins-Loveland, CO Metro Area",2011,121911,55219,22163.0,44549.0,68269.0,101906.0
22660,"Fort Collins-Loveland, CO Metro Area",2012,124031,55890,22655.0,42490.0,69684.0,106413.0
22660,"Fort Collins, CO Metro Area",2013,123877,59052,25295.0,45806.0,71761.0,113015.0
22660,"Fort Collins, CO Metro Area",2014,125165,56575,25191.0,44142.0,70370.0,109827.0
22660,"Fort Collins, CO Metro Area",2015,129210,64919,27399.0,51228.0,79280.0,121452.0
22660,"Fort Collins, CO Metro Area",2016,131407,66469,27608.0,51521.0,81148.0,121184.0
22660,"Fort Collins, CO Metro Area",2017,134709,69102,26967.0,52116.0,86376.0,131851.0
22660,"Fort Collins, CO Metro Area",2018,139382,71091,32272.0,57522.0,88134.0,131340.0
22660,"Fort Collins, CO Metro Area",2019,146638,75186,31985.0,61639.0,90819.0,146655.0
22660,"Fort Collins, CO Metro Area",2021,152123,78109,36242.0,63387.0,97179.0,153711.0
22660,"Fort Collins, CO Metro Area",2022,154391,88403,36505.0,69092.0,106586.0,160708.0
22660,"Fort Collins-Loveland, CO Metro Area",2023,156498,88182,38395.0,70103.0,107269.0,166895.0
22660,"Fort Collins-Loveland, CO Metro Area",2024,161464,93276,42571.0,73491.0,116482.0,185151.0
22840,"Fort Payne, AL Micro Area",2005,25616,29053,,,,
22840,"Fort Payne, AL Micro Area",2006,24321,30470,12045.0,23605.0,35758.0,60395.0
22840,"Fort Payne, AL Micro Area",2007,25102,35680,15751.0,26354.0,43915.0,69421.0
22840,"Fort Payne, AL Micro Area",2008,24481,34357,15185.0,26755.0,44574.0,66833.0
22840,"Fort Payne, AL Micro Area",2009,24297,33057,14035.0,23914.0,41164.0,63271.0
22840,"Fort Payne, AL Micro Area",2010,25738,35967,16731.0,29475.0,43925.0,64915.0
22840,"Fort Payne, AL Micro Area",2011,27139,36541,14531.0,28246.0,45063.0,68612.0
22840,"Fort Payne, AL Micro Area",2012,23776,38445,17255.0,31838.0,44736.0,70049.0
22840,"Fort Payne, AL Micro Area",2016,25383,35963,14924.0,30144.0,43106.0,67307.0
22840,"Fort Payne, AL Micro Area",2017,25848,39373,17384.0,30252.0,49149.0,86656.0
22840,"Fort Payne, AL Micro Area",2018,26462,36998,15798.0,29608.0,50219.0,81516.0
22840,"Fort Payne, AL Micro Area",2019,24880,44208,17355.0,36538.0,53575.0,84428.0
22840,"Fort Payne, AL Micro Area",2021,24979,41800,16779.0,33360.0,57390.0,96063.0
22840,"Fort Payne, AL Micro Area",2022,26459,49663,18983.0,40191.0,62468.0,102916.0
22840,"Fort Payne, AL Micro Area",2023,27182,43509,20912.0,34110.0,56514.0,87358.0
22840,"Fort Payne, AL Micro Area",2024,26552,52763,20983.0,41400.0,65119.0,104681.0
22900,"Fort Smith, AR-OK Metro Area",2005,106258,32010,,,,
22900,"Fort Smith, AR-OK Metro Area",2006,106701,35424,15065.0,26844.0,44396.0,66509.0
22900,"Fort Smith, AR-OK Metro Area",2007,110305,36683,16850.0,28382.0,45910.0,71415.0
22900,"Fort Smith, AR-OK Metro Area",2008,106473,38650,16349.0,30635.0,46935.0,73779.0
22900,"Fort Smith, AR-OK Metro Area",2009,111587,36572,16036.0,28819.0,45554.0,68290.0
22900,"Fort Smith, AR-OK Metro Area",2010,112468,37992,17172.0,30690.0,45651.0,74668.0
22900,"Fort Smith, AR-OK Metro Area",2011,111961,35965,15867.0,28217.0,45261.0,71949.0
22900,"Fort Smith, AR-OK Metro Area",2012,116089,36061,15417.0,28138.0,45238.0,70680.0
22900,"Fort Smith, AR-OK Metro Area",2013,107030,37633,15721.0,29694.0,48530.0,73120.0
22900,"Fort Smith, AR-OK Metro Area",2014,106099,39207,16562.0,30982.0,49182.0,75935.0
22900,"Fort Smith, AR-OK Metro Area",2015,107375,41040,16720.0,31505.0,51042.0,79585.0
22900,"Fort Smith, AR-OK Metro Area",2016,107196,40970,18804.0,32981.0,49856.0,79026.0
22900,"Fort Smith, AR-OK Metro Area",2017,108133,40282,18193.0,31905.0,52207.0,83939.0
22900,"Fort Smith, AR-OK Metro Area",2018,108790,44317,18823.0,34360.0,53416.0,89328.0
22900,"Fort Smith, AR-OK Metro Area",2019,98307,45157,20541.0,35683.0,55106.0,86128.0
22900,"Fort Smith, AR-OK Metro Area",2021,97188,49065,21098.0,39500.0,59478.0,96426.0
22900,"Fort Smith, AR-OK Metro Area",2022,99401,49980,21343.0,41315.0,62723.0,95275.0
22900,"Fort Smith, AR-OK Metro Area",2023,90483,58609,25103.0,46705.0,73885.0,112165.0
22900,"Fort Smith, AR-OK Metro Area",2024,93826,60327,27976.0,47341.0,72868.0,113855.0
23020,"Fort Walton Beach-Crestview-Destin, FL Metro Area",2005,72402,50899,,,,
23020,"Fort Walton Beach-Crestview-Destin, FL Metro Area",2006,76767,54422,25631.0,43955.0,64604.0,95259.0
23020,"Fort Walton Beach-Crestview-Destin, FL Metro Area",2007,73559,55543,25873.0,45296.0,67721.0,100898.0
23020,"Fort Walton Beach-Crestview-Destin, FL Metro Area",2008,73078,56088,24508.0,45004.0,65698.0,96578.0
23020,"Fort Walton Beach-Crestview-Destin, FL Metro Area",2009,73316,49207,24627.0,40844.0,61777.0,95527.0
23060,"Fort Wayne, IN Metro Area",2005,157567,45005,,,,
23060,"Fort Wayne, IN Metro Area",2006,159465,46067,21831.0,37138.0,55538.0,83083.0
23060,"Fort Wayne, IN Metro Area",2007,159757,48299,23465.0,38966.0,58276.0,86392.0
23060,"Fort Wayne, IN Metro Area",2008,160814,48605,24296.0,40093.0,58982.0,88743.0
23060,"Fort Wayne, IN Metro Area",2009,160046,47069,20376.0,36573.0,56995.0,85202.0
23060,"Fort Wayne, IN Metro Area",2010,160275,47004,22656.0,37716.0,57314.0,85954.0
23060,"Fort Wayne, IN Metro Area",2011,160481,47485,20820.0,39103.0,57035.0,86504.0
23060,"Fort Wayne, IN Metro Area",2012,162645,49301,22633.0,39891.0,58807.0,88422.0
23060,"Fort Wayne, IN Metro Area",2013,166620,46005,21765.0,37462.0,56994.0,88187.0
23060,"Fort Wayne, IN Metro Area",2014,163139,49405,21762.0,38793.0,60654.0,89753.0
23060,"Fort Wayne, IN Metro Area",2015,165857,50856,24077.0,40579.0,61717.0,95013.0
23060,"Fort Wayne, IN Metro Area",2016,167408,51519,22735.0,41664.0,62813.0,96958.0
23060,"Fort Wayne, IN Metro Area",2017,168359,52908,24579.0,42424.0,66138.0,97470.0
23060,"Fort Wayne, IN Metro Area",2018,172311,55491,26080.0,45871.0,68285.0,101763.0
23060,"Fort Wayne, IN Metro Area",2019,160462,57287,28084.0,46948.0,70237.0,107865.0
23060,"Fort Wayne, IN Metro Area",2021,168833,62155,28562.0,51116.0,74995.0,114977.0
23060,"Fort Wayne, IN Metro Area",2022,169643,65678,32710.0,54255.0,80209.0,121156.0
23060,"Fort Wayne, IN Metro Area",2023,186586,66317,30872.0,53098.0,81791.0,126017.0
23060,"Fort Wayne, IN Metro Area",2024,185429,71251,32461.0,56875.0,86472.0,135857.0
23180,"Frankfort, KY Micro Area",2005,29503,45526,,,,
23180,"Frankfort, KY Micro Area",2006,29427,46207,21556.0,36428.0,57132.0,88158.0
23180,"Frankfort, KY Micro Area",2007,29564,51292,20404.0,39208.0,60172.0,83657.0
23180,"Frankfort, KY Micro Area",2008,30068,47109,20315.0,37145.0,57145.0,85362.0
23180,"Frankfort, KY Micro Area",2009,28736,46160,24066.0,38975.0,60100.0,89487.0
23180,"Frankfort, KY Micro Area",2010,28939,45939,17852.0,36263.0,57831.0,88417.0
23180,"Frankfort, KY Micro Area",2011,28947,44805,23925.0,38434.0,58259.0,84152.0
23180,"Frankfort, KY Micro Area",2012,30265,49128,20615.0,37138.0,60534.0,84886.0
23180,"Frankfort, KY Micro Area",2013,29443,44534,19452.0,39108.0,56727.0,89358.0
23180,"Frankfort, KY Micro Area",2014,29797,50884,24559.0,41732.0,61066.0,100085.0
23180,"Frankfort, KY Micro Area",2015,29262,52190,29014.0,43217.0,63452.0,86014.0
23180,"Frankfort, KY Micro Area",2016,29694,54000,26545.0,44239.0,64535.0,98063.0
23180,"Frankfort, KY Micro Area",2017,30237,51695,26281.0,43949.0,63894.0,94235.0
23180,"Frankfort, KY Micro Area",2018,29980,52134,28318.0,44633.0,63646.0,97078.0
23180,"Frankfort, KY Micro Area",2019,30532,59495,26102.0,46967.0,71539.0,106096.0
23180,"Frankfort, KY Micro Area",2021,32557,62122,27144.0,50671.0,75703.0,125780.0
23180,"Frankfort, KY Micro Area",2022,32278,56220,29798.0,44712.0,69707.0,109530.0
23180,"Frankfort, KY Micro Area",2023,32729,71305,35636.0,57470.0,85819.0,124540.0
23180,"Frankfort, KY Micro Area",2024,33555,62815,26224.0,52516.0,78860.0,134163.0
23420,"Fresno, CA Metro Area",2005,274129,41899,,,,
23420,"Fresno, CA Metro Area",2006,277256,42732,17857.0,33973.0,53352.0,87012.0
23420,"Fresno, CA Metro Area",2007,280493,47298,19255.0,36245.0,58696.0,92224.0
23420,"Fresno, CA Metro Area",2008,278964,43737,19324.0,34956.0,55935.0,94423.0
23420,"Fresno, CA Metro Area",2009,280846,45661,19024.0,35864.0,57271.0,90340.0
23420,"Fresno, CA Metro Area",2010,284690,45221,17359.0,34301.0,57048.0,90704.0
23420,"Fresno, CA Metro Area",2011,286255,42807,18243.0,33720.0,55129.0,89719.0
23420,"Fresno, CA Metro Area",2012,292280,41627,17182.0,31891.0,53248.0,88715.0
23420,"Fresno, CA Metro Area",2013,293517,43925,17823.0,33042.0,55300.0,90020.0
23420,"Fresno, CA Metro Area",2014,297993,43423,17821.0,33431.0,56380.0,93817.0
23420,"Fresno, CA Metro Area",2015,304209,46949,18992.0,35738.0,59774.0,96924.0
23420,"Fresno, CA Metro Area",2016,303216,48715,18524.0,36723.0,61612.0,101736.0
23420,"Fresno, CA Metro Area",2017,305819,51800,21322.0,40740.0,66005.0,108298.0
23420,"Fresno, CA Metro Area",2018,309519,52629,21853.0,41062.0,66667.0,108510.0
23420,"Fresno, CA Metro Area",2019,315974,57518,22390.0,43649.0,72736.0,113623.0
23420,"Fresno, CA Metro Area",2021,322646,63656,24847.0,49845.0,78609.0,131654.0
23420,"Fresno, CA Metro Area",2022,326981,69571,26750.0,53602.0,86320.0,138443.0
23420,"Fresno, CA Metro Area",2023,375676,71140,27936.0,55682.0,88448.0,139682.0
23420,"Fresno, CA Metro Area",2024,379101,74983,29745.0,57378.0,95509.0,145432.0
23460,"Gadsden, AL Metro Area",2005,42592,32507,,,,
23460,"Gadsden, AL Metro Area",2006,43335,31562,13019.0,24596.0,38679.0,65966.0
23460,"Gadsden, AL Metro Area",2007,43237,34637,14756.0,28092.0,42239.0,71747.0
23460,"Gadsden, AL Metro Area",2008,41829,37642,16925.0,30238.0,47980.0,80706.0
23460,"Gadsden, AL Metro Area",2009,41422,39118,17868.0,31648.0,48460.0,79934.0
23460,"Gadsden, AL Metro Area",2010,39731,35897,15791.0,27934.0,41614.0,66084.0
23460,"Gadsden, AL Metro Area",2011,40443,33313,14320.0,25709.0,47025.0,76770.0
23460,"Gadsden, AL Metro Area",2012,39031,34264,15644.0,26348.0,46292.0,70193.0
23460,"Gadsden, AL Metro Area",2013,40135,39459,16417.0,28524.0,49764.0,77319.0
23460,"Gadsden, AL Metro Area",2014,39714,40529,16480.0,31091.0,51319.0,75964.0
23460,"Gadsden, AL Metro Area",2015,39332,43346,18914.0,32879.0,51998.0,82386.0
23460,"Gadsden, AL Metro Area",2016,38766,41152,18080.0,33243.0,52970.0,83938.0
23460,"Gadsden, AL Metro Area",2017,37091,41576,16285.0,32155.0,54093.0,86773.0
23460,"Gadsden, AL Metro Area",2018,38625,45868,21401.0,35142.0,60814.0,94944.0
23460,"Gadsden, AL Metro Area",2019,40053,41447,17326.0,30303.0,51843.0,84908.0
23460,"Gadsden, AL Metro Area",2021,38006,45298,17726.0,36325.0,55795.0,85221.0
23460,"Gadsden, AL Metro Area",2022,39956,57098,21618.0,42094.0,67396.0,101214.0
23460,"Gadsden, AL Metro Area",2023,40027,52192,21674.0,41050.0,65347.0,109342.0
23460,"Gadsden, AL Metro Area",2024,41085,57959,21140.0,45111.0,73068.0,112371.0
23540,"Gainesville, FL Metro Area",2005,100673,36205,,,,
23540,"Gainesville, FL Metro Area",2006,101514,37072,13182.0,27357.0,46506.0,80214.0
23540,"Gainesville, FL Metro Area",2007,101041,38026,14398.0,28882.0,50165.0,85989.0
23540,"Gainesville, FL Metro Area",2008,103311,42359,16010.0,33631.0,52375.0,88838.0
23540,"Gainesville, FL Metro Area",2009,100866,37654,12951.0,29971.0,48056.0,83562.0
23540,"Gainesville, FL Metro Area",2010,100329,40274,14365.0,30786.0,51726.0,89725.0
23540,"Gainesville, FL Metro Area",2011,102149,39493,14117.0,30830.0,52698.0,90110.0
23540,"Gainesville, FL Metro Area",2012,99542,41226,14010.0,29287.0,54676.0,91966.0
23540,"Gainesville, FL Metro Area",2013,104294,38658,13518.0,30469.0,49662.0,82515.0
23540,"Gainesville, FL Metro Area",2014,103619,45353,15709.0,32755.0,56604.0,92895.0
23540,"Gainesville, FL Metro Area",2015,102219,46949,17339.0,34138.0,61803.0,101099.0
23540,"Gainesville, FL Metro Area",2016,100985,45279,16346.0,33467.0,55258.0,95921.0
23540,"Gainesville, FL Metro Area",2017,104101,44548,15517.0,34450.0,56318.0,91485.0
23540,"Gainesville, FL Metro Area",2018,105161,50495,18044.0,37833.0,64635.0,108005.0
23540,"Gainesville, FL Metro Area",2019,126736,47762,18892.0,36826.0,60204.0,103364.0
23540,"Gainesville, FL Metro Area",2021,134946,53728,21257.0,40732.0,71573.0,114613.0
23540,"Gainesville, FL Metro Area",2022,143046,59516,20950.0,46526.0,77103.0,125030.0
23540,"Gainesville, FL Metro Area",2023,146910,59290,25845.0,47226.0,78740.0,134532.0
23540,"Gainesville, FL Metro Area",2024,152617,61949,21621.0,49741.0,78096.0,127413.0
23580,"Gainesville, GA Metro Area",2005,53036,48347,,,,
23580,"Gainesville, GA Metro Area",2006,54423,44668,20649.0,35462.0,57374.0,86909.0
23580,"Gainesville, GA Metro Area",2007,56616,51797,26177.0,42752.0,61482.0,91406.0
23580,"Gainesville, GA Metro Area",2008,57623,52825,25199.0,43543.0,64773.0,102104.0
23580,"Gainesville, GA Metro Area",2009,60021,49015,23926.0,39130.0,61368.0,92948.0
23580,"Gainesville, GA Metro Area",2010,60969,47002,21885.0,37720.0,57127.0,90671.0
23580,"Gainesville, GA Metro Area",2011,60043,50108,21014.0,40221.0,59665.0,92973.0
23580,"Gainesville, GA Metro Area",2012,60500,49737,22144.0,38398.0,60206.0,92174.0
23580,"Gainesville, GA Metro Area",2013,60937,44998,21090.0,35956.0,56028.0,93694.0
23580,"Gainesville, GA Metro Area",2014,63383,52519,25237.0,42926.0,65223.0,100817.0
23580,"Gainesville, GA Metro Area",2015,63989,55009,23797.0,45064.0,67632.0,103612.0
23580,"Gainesville, GA Metro Area",2016,62038,54917,25991.0,44857.0,67496.0,101843.0
23580,"Gainesville, GA Metro Area",2017,62164,61977,29345.0,50303.0,77357.0,122749.0
23580,"Gainesville, GA Metro Area",2018,64990,61699,28119.0,49286.0,76895.0,119512.0
23580,"Gainesville, GA Metro Area",2019,65625,67467,31367.0,53964.0,85271.0,131608.0
23580,"Gainesville, GA Metro Area",2021,72454,66719,27515.0,55254.0,79745.0,127800.0
23580,"Gainesville, GA Metro Area",2022,74331,76888,36784.0,62681.0,93453.0,148638.0
23580,"Gainesville, GA Metro Area",2023,76413,77891,34132.0,62894.0,100701.0,153676.0
23580,"Gainesville, GA Metro Area",2024,77868,87038,41591.0,72427.0,104622.0,160571.0
23660,"Galesburg, IL Micro Area",2005,29025,33441,,,,
23660,"Galesburg, IL Micro Area",2006,28593,36658,14246.0,27877.0,46288.0,69141.0
23660,"Galesburg, IL Micro Area",2007,28186,37614,14168.0,27929.0,47578.0,70080.0
23660,"Galesburg, IL Micro Area",2008,28579,37200,15059.0,28784.0,47698.0,71949.0
23660,"Galesburg, IL Micro Area",2009,27870,39927,16059.0,33505.0,50362.0,80872.0
23660,"Galesburg, IL Micro Area",2010,28599,39110,16929.0,31978.0,48411.0,71997.0
23660,"Galesburg, IL Micro Area",2011,28177,40409,15429.0,30011.0,50893.0,81806.0
23660,"Galesburg, IL Micro Area",2012,28631,40435,18224.0,32408.0,48615.0,78179.0
23700,"Gallup, NM Micro Area",2005,19810,28721,,,,
23700,"Gallup, NM Micro Area",2006,20283,27261,9736.0,22036.0,35170.0,59274.0
23700,"Gallup, NM Micro Area",2007,18004,42558,14722.0,30370.0,51798.0,80545.0
23700,"Gallup, NM Micro Area",2008,18628,30899,12011.0,24094.0,40155.0,66376.0
23700,"Gallup, NM Micro Area",2009,16510,34948,13289.0,27434.0,43280.0,73688.0
23700,"Gallup, NM Micro Area",2010,17100,29369,11226.0,22169.0,36740.0,67455.0
23700,"Gallup, NM Micro Area",2011,16949,28983,10628.0,21848.0,41503.0,65235.0
23700,"Gallup, NM Micro Area",2012,18200,29696,9024.0,22051.0,38942.0,68043.0
23700,"Gallup, NM Micro Area",2013,18046,24945,6527.0,16819.0,33610.0,62308.0
23700,"Gallup, NM Micro Area",2014,18148,27041,9508.0,18884.0,38585.0,67720.0
23700,"Gallup, NM Micro Area",2015,19735,28212,9003.0,20725.0,37301.0,67156.0
23700,"Gallup, NM Micro Area",2016,20061,31526,11007.0,22313.0,42164.0,72390.0
23700,"Gallup, NM Micro Area",2017,21083,31565,12821.0,24236.0,40460.0,76181.0
23700,"Gallup, NM Micro Area",2018,21449,34080,11653.0,25565.0,45603.0,74335.0
23700,"Gallup, NM Micro Area",2019,21719,37153,13083.0,29838.0,48656.0,78331.0
23700,"Gallup, NM Micro Area",2021,20949,41643,11628.0,27435.0,51503.0,83762.0
23700,"Gallup, NM Micro Area",2022,21296,45636,14917.0,32439.0,56509.0,95500.0
23700,"Gallup, NM Micro Area",2023,21312,40108,12471.0,28800.0,55654.0,93380.0
23700,"Gallup, NM Micro Area",2024,22112,45307,15440.0,32057.0,58713.0,91865.0
23900,"Gettysburg, PA Micro Area",2005,36698,46815,,,,
23900,"Gettysburg, PA Micro Area",2006,37113,53932,25666.0,43467.0,63908.0,91028.0
23900,"Gettysburg, PA Micro Area",2007,37635,53281,24430.0,44086.0,62234.0,89523.0
23900,"Gettysburg, PA Micro Area",2008,37726,55261,26904.0,44658.0,65580.0,95917.0
23900,"Gettysburg, PA Micro Area",2009,39040,56628,27862.0,46922.0,69033.0,96946.0
23900,"Gettysburg, PA Micro Area",2010,37831,55652,26419.0,45470.0,66186.0,99572.0
23900,"Gettysburg, PA Micro Area",2011,38006,54906,23103.0,44310.0,63110.0,94374.0
23900,"Gettysburg, PA Micro Area",2012,38102,60136,25528.0,48025.0,70818.0,102426.0
23900,"Gettysburg, PA Metro Area",2013,37242,59029,28929.0,48882.0,70105.0,103082.0
23900,"Gettysburg, PA Metro Area",2014,38748,61543,26903.0,48911.0,72059.0,107139.0
23900,"Gettysburg, PA Metro Area",2015,38459,61023,28632.0,49159.0,71568.0,105689.0
23900,"Gettysburg, PA Metro Area",2016,38125,59300,27378.0,46684.0,74534.0,107358.0
23900,"Gettysburg, PA Metro Area",2017,39527,63107,28266.0,50676.0,77939.0,115355.0
23900,"Gettysburg, PA Metro Area",2018,39570,62284,30691.0,53223.0,76678.0,111765.0
23900,"Gettysburg, PA Metro Area",2019,38703,67715,30908.0,54004.0,81712.0,115573.0
23900,"Gettysburg, PA Metro Area",2021,39986,72985,36099.0,60037.0,87885.0,129741.0
23900,"Gettysburg, PA Metro Area",2022,40676,76727,31360.0,60418.0,91281.0,137873.0
23900,"Gettysburg, PA Metro Area",2023,41810,76725,39878.0,64819.0,93553.0,142695.0
23900,"Gettysburg, PA Metro Area",2024,42119,86279,38928.0,68357.0,102143.0,152386.0
24020,"Glens Falls, NY Metro Area",2005,50147,45895,,,,
24020,"Glens Falls, NY Metro Area",2006,52687,45973,20264.0,36728.0,56113.0,84686.0
24020,"Glens Falls, NY Metro Area",2007,52100,45441,22394.0,37447.0,55660.0,84504.0
24020,"Glens Falls, NY Metro Area",2008,53089,48342,22255.0,39269.0,58004.0,85607.0
24020,"Glens Falls, NY Metro Area",2009,53113,51075,22934.0,39325.0,60231.0,90938.0
24020,"Glens Falls, NY Metro Area",2010,52974,50936,24132.0,41073.0,61870.0,92319.0
24020,"Glens Falls, NY Metro Area",2011,52159,51722,20307.0,39234.0,61384.0,90487.0
24020,"Glens Falls, NY Metro Area",2012,51781,53368,23009.0,43065.0,62329.0,93411.0
24020,"Glens Falls, NY Metro Area",2013,51414,53562,22604.0,42283.0,64343.0,97077.0
24020,"Glens Falls, NY Metro Area",2014,49937,51880,21455.0,42086.0,64431.0,95871.0
24020,"Glens Falls, NY Metro Area",2015,48814,55186,24519.0,44470.0,67700.0,101085.0
24020,"Glens Falls, NY Metro Area",2016,51614,54414,25293.0,45676.0,67620.0,103421.0
24020,"Glens Falls, NY Metro Area",2017,50135,58723,25777.0,45833.0,74432.0,107183.0
24020,"Glens Falls, NY Metro Area",2018,51996,57058,24030.0,46612.0,71300.0,109891.0
24020,"Glens Falls, NY Metro Area",2019,53686,61255,28431.0,48888.0,75281.0,111237.0
24020,"Glens Falls, NY Metro Area",2021,54582,65557,28973.0,52452.0,80526.0,118676.0
24020,"Glens Falls, NY Metro Area",2022,54954,69145,29208.0,57081.0,87446.0,126608.0
24020,"Glens Falls, NY Metro Area",2023,55835,73247,31032.0,58403.0,87760.0,131365.0
24020,"Glens Falls, NY Metro Area",2024,55888,71090,32184.0,57094.0,87101.0,138536.0
24060,"Glenwood Springs, CO Micro Area",2013,25785,56652,28545.0,48912.0,68355.0,111000.0
24060,"Glenwood Springs, CO Micro Area",2014,26927,62927,30991.0,51787.0,81997.0,124236.0
24060,"Glenwood Springs, CO Micro Area",2015,29543,64945,28241.0,51167.0,79468.0,122704.0
24060,"Glenwood Springs, CO Micro Area",2016,27781,70234,33701.0,60524.0,85494.0,119678.0
24060,"Glenwood Springs, CO Micro Area",2017,27568,68406,41117.0,61768.0,91396.0,133165.0
24060,"Glenwood Springs, CO Micro Area",2018,26357,76184,35493.0,63826.0,88412.0,123538.0
24060,"Glenwood Springs, CO Micro Area",2019,32269,78010,36224.0,63771.0,90917.0,134728.0
24060,"Glenwood Springs, CO Micro Area",2021,30446,86772,33365.0,63920.0,104818.0,156459.0
24060,"Glenwood Springs, CO Micro Area",2022,33224,88216,36159.0,67282.0,104153.0,159830.0
24140,"Goldsboro, NC Metro Area",2005,44227,35928,,,,
24140,"Goldsboro, NC Metro Area",2006,43813,38158,15348.0,29486.0,47016.0,71625.0
24140,"Goldsboro, NC Metro Area",2007,44303,40110,16805.0,32109.0,48326.0,71265.0
24140,"Goldsboro, NC Metro Area",2008,45195,39388,14578.0,30930.0,46568.0,75567.0
24140,"Goldsboro, NC Metro Area",2009,45474,40944,18931.0,33737.0,50823.0,76405.0
24140,"Goldsboro, NC Metro Area",2010,47759,40787,16719.0,31878.0,50226.0,74501.0
24140,"Goldsboro, NC Metro Area",2011,48584,39085,15239.0,29182.0,48702.0,72019.0
24140,"Goldsboro, NC Metro Area",2012,47554,37905,14052.0,28870.0,50392.0,77676.0
24140,"Goldsboro, NC Metro Area",2013,46834,42193,20697.0,32167.0,53504.0,81279.0
24140,"Goldsboro, NC Metro Area",2014,46281,35966,16265.0,29763.0,44677.0,71559.0
24140,"Goldsboro, NC Metro Area",2015,47490,40361,17429.0,31961.0,52208.0,82365.0
24140,"Goldsboro, NC Metro Area",2016,47240,41711,16172.0,30834.0,54179.0,86306.0
24140,"Goldsboro, NC Metro Area",2017,47720,44347,20153.0,35525.0,55382.0,88156.0
24140,"Goldsboro, NC Metro Area",2018,49019,40791,19326.0,31817.0,50585.0,87292.0
24140,"Goldsboro, NC Metro Area",2019,48482,44596,21177.0,37106.0,53018.0,81972.0
24140,"Goldsboro, NC Metro Area",2021,46932,47595,21612.0,38021.0,62647.0,104027.0
24140,"Goldsboro, NC Metro Area",2022,47283,55588,22082.0,43840.0,68269.0,103263.0
24140,"Goldsboro, NC Metro Area",2023,47035,55461,25540.0,45111.0,70465.0,106508.0
24140,"Goldsboro, NC Metro Area",2024,48841,59562,25082.0,49335.0,74822.0,107514.0
24180,"Granbury, TX Micro Area",2022,25700,69462,31547.0,54226.0,85540.0,136140.0
24180,"Granbury, TX Micro Area",2023,25660,80682,36832.0,65742.0,106757.0,144851.0
24180,"Granbury, TX Micro Area",2024,27093,87411,43066.0,71652.0,105022.0,149157.0
24220,"Grand Forks, ND-MN Metro Area",2005,39751,41519,,,,
24220,"Grand Forks, ND-MN Metro Area",2006,39310,40716,17443.0,33922.0,50635.0,76368.0
24220,"Grand Forks, ND-MN Metro Area",2007,39293,43956,15973.0,33312.0,55615.0,79337.0
24220,"Grand Forks, ND-MN Metro Area",2008,38699,46649,19001.0,35433.0,57632.0,87310.0
24220,"Grand Forks, ND-MN Metro Area",2009,40036,42271,16040.0,32964.0,52130.0,78714.0
24220,"Grand Forks, ND-MN Metro Area",2010,39993,46057,20413.0,36001.0,58375.0,89956.0
24220,"Grand Forks, ND-MN Metro Area",2011,39271,46718,18528.0,36656.0,59333.0,91785.0
24220,"Grand Forks, ND-MN Metro Area",2012,40954,43648,18629.0,34198.0,55405.0,87885.0
24220,"Grand Forks, ND-MN Metro Area",2013,40982,50891,19666.0,41452.0,61479.0,97602.0
24220,"Grand Forks, ND-MN Metro Area",2014,41882,49691,17803.0,38137.0,61309.0,95489.0
24220,"Grand Forks, ND-MN Metro Area",2015,42166,53443,21244.0,41625.0,70258.0,106210.0
24220,"Grand Forks, ND-MN Metro Area",2016,41827,48671,19638.0,37094.0,62397.0,99205.0
24220,"Grand Forks, ND-MN Metro Area",2017,42613,48609,17714.0,37415.0,65499.0,106918.0
24220,"Grand Forks, ND-MN Metro Area",2018,43081,54659,21367.0,44025.0,70578.0,106640.0
24220,"Grand Forks, ND-MN Metro Area",2019,44724,57301,22736.0,45115.0,69822.0,108887.0
24220,"Grand Forks, ND-MN Metro Area",2021,43220,62568,22831.0,49819.0,79449.0,116187.0
24220,"Grand Forks, ND-MN Metro Area",2022,42754,65413,29202.0,51523.0,82042.0,124851.0
24220,"Grand Forks, ND-MN Metro Area",2023,44443,71529,29611.0,57470.0,83226.0,140743.0
24220,"Grand Forks, ND-MN Metro Area",2024,45258,69959,28951.0,57835.0,85283.0,133722.0
24260,"Grand Island, NE Micro Area",2005,26166,43841,,,,
24260,"Grand Island, NE Micro Area",2006,26379,39884,20818.0,33766.0,47488.0,67352.0
24260,"Grand Island, NE Micro Area",2007,26666,42760,20201.0,34909.0,52141.0,78318.0
24260,"Grand Island, NE Micro Area",2008,27370,46483,20768.0,39453.0,53582.0,83324.0
24260,"Grand Island, NE Micro Area",2009,27577,45402,19623.0,35376.0,54893.0,76068.0
24260,"Grand Island, NE Micro Area",2010,28448,46479,21520.0,37710.0,52605.0,79834.0
24260,"Grand Island, NE Micro Area",2011,28023,45590,22768.0,38376.0,55579.0,82034.0
24260,"Grand Island, NE Micro Area",2012,28433,47588,22231.0,38811.0,55576.0,83795.0
24260,"Grand Island, NE Metro Area",2013,31723,50567,24227.0,41260.0,58159.0,90286.0
24260,"Grand Island, NE Metro Area",2014,32187,49742,21916.0,40013.0,57314.0,89058.0
24260,"Grand Island, NE Metro Area",2015,31703,51371,22398.0,41021.0,65121.0,97509.0
24260,"Grand Island, NE Metro Area",2016,32945,55435,22141.0,43372.0,66964.0,98400.0
24260,"Grand Island, NE Metro Area",2017,32578,60116,29608.0,47185.0,74412.0,109092.0
24260,"Grand Island, NE Metro Area",2018,32687,54235,26287.0,42113.0,62937.0,96982.0
24260,"Grand Island, NE Metro Area",2019,30529,55907,25044.0,47345.0,66686.0,96277.0
24260,"Grand Island, NE Metro Area",2021,30478,61749,29950.0,50686.0,76558.0,114157.0
24260,"Grand Island, NE Metro Area",2022,30423,67646,26501.0,51539.0,84651.0,124147.0
24260,"Grand Island, NE Metro Area",2023,30614,70919,31461.0,55142.0,84939.0,124196.0
24260,"Grand Island, NE Metro Area",2024,31110,68960,27269.0,52919.0,91501.0,135314.0
24300,"Grand Junction, CO Metro Area",2005,52308,39487,,,,
24300,"Grand Junction, CO Metro Area",2006,53617,42596,20131.0,34553.0,52741.0,80170.0
24300,"Grand Junction, CO Metro Area",2007,55033,50954,23631.0,42832.0,62744.0,92532.0
24300,"Grand Junction, CO Metro Area",2008,56994,55738,25381.0,44301.0,66945.0,94607.0
24300,"Grand Junction, CO Metro Area",2009,56448,52882,23770.0,41776.0,63681.0,99141.0
24300,"Grand Junction, CO Metro Area",2010,57311,46231,19921.0,34880.0,58065.0,91820.0
24300,"Grand Junction, CO Metro Area",2011,59770,47664,21518.0,39170.0,59191.0,93812.0
24300,"Grand Junction, CO Metro Area",2012,58779,45892,22001.0,37385.0,58273.0,89446.0
24300,"Grand Junction, CO Metro Area",2013,58466,46723,20184.0,36306.0,58175.0,94522.0
24300,"Grand Junction, CO Metro Area",2014,59703,50174,20840.0,37034.0,60051.0,94912.0
24300,"Grand Junction, CO Metro Area",2015,59066,51465,22018.0,41007.0,62219.0,97950.0
24300,"Grand Junction, CO Metro Area",2016,60188,48846,18004.0,37531.0,62374.0,88386.0
24300,"Grand Junction, CO Metro Area",2017,61763,52742,21390.0,41671.0,62623.0,95988.0
24300,"Grand Junction, CO Metro Area",2018,61848,49848,20982.0,41323.0,65210.0,100949.0
24300,"Grand Junction, CO Metro Area",2019,63644,60500,28795.0,49338.0,71742.0,109691.0
24300,"Grand Junction, CO Metro Area",2021,63796,64055,27338.0,51273.0,77937.0,127308.0
24300,"Grand Junction, CO Metro Area",2022,66134,70711,30686.0,58408.0,82127.0,128853.0
24300,"Grand Junction, CO Metro Area",2023,68115,64722,28952.0,53281.0,84417.0,130411.0
24300,"Grand Junction, CO Metro Area",2024,68727,75231,31303.0,61138.0,91809.0,142475.0
24340,"Grand Rapids-Wyoming, MI Metro Area",2005,287101,45952,,,,
24340,"Grand Rapids-Wyoming, MI Metro Area",2006,289147,46586,21102.0,37239.0,56435.0,84022.0
24340,"Grand Rapids-Wyoming, MI Metro Area",2007,289645,49044,22264.0,39824.0,59137.0,89476.0
24340,"Grand Rapids-Wyoming, MI Metro Area",2008,286882,49923,21584.0,40003.0,61059.0,91411.0
24340,"Grand Rapids-Wyoming, MI Metro Area",2009,286316,47150,20761.0,38298.0,57647.0,87328.0
24340,"Grand Rapids-Wyoming, MI Metro Area",2010,292388,47040,20822.0,37638.0,57050.0,86144.0
24340,"Grand Rapids-Wyoming, MI Metro Area",2011,292195,49589,21519.0,39105.0,60566.0,90896.0
24340,"Grand Rapids-Wyoming, MI Metro Area",2012,294081,50658,21670.0,39864.0,61313.0,92429.0
24340,"Grand Rapids-Wyoming, MI Metro Area",2013,370818,52485,24143.0,42509.0,64300.0,97811.0
24340,"Grand Rapids-Wyoming, MI Metro Area",2014,375683,54372,24482.0,43883.0,65989.0,100277.0
24340,"Grand Rapids-Wyoming, MI Metro Area",2015,383194,55459,25377.0,44186.0,67404.0,101771.0
24340,"Grand Rapids-Wyoming, MI Metro Area",2016,384790,60212,26728.0,48802.0,72048.0,109337.0
24340,"Grand Rapids-Wyoming, MI Metro Area",2017,394268,61298,28021.0,49873.0,74670.0,112144.0
24340,"Grand Rapids-Wyoming, MI Metro Area",2018,397199,63344,30255.0,51154.0,77123.0,115153.0
24340,"Grand Rapids-Kentwood, MI Metro Area",2019,396763,65739,31274.0,52821.0,80022.0,120312.0
24340,"Grand Rapids-Kentwood, MI Metro Area",2021,410413,72014,32581.0,58668.0,86660.0,131396.0
24340,"Grand Rapids-Kentwood, MI Metro Area",2022,415694,77771,35678.0,62531.0,93073.0,139808.0
24340,"Grand Rapids-Wyoming-Kentwood, MI Metro Area",2023,445882,77979,37511.0,64256.0,94506.0,143096.0
24340,"Grand Rapids-Wyoming-Kentwood, MI Metro Area",2024,447475,81541,38177.0,66429.0,99269.0,152601.0
24420,"Grants Pass, OR Micro Area",2005,33373,34595,,,,
24420,"Grants Pass, OR Micro Area",2006,33531,39993,15437.0,32129.0,47493.0,67534.0
24420,"Grants Pass, OR Micro Area",2007,33947,37312,16155.0,29249.0,47564.0,76273.0
24420,"Grants Pass, OR Micro Area",2008,34124,33564,13249.0,26847.0,40672.0,66787.0
24420,"Grants Pass, OR Micro Area",2009,34735,34754,14646.0,27427.0,44829.0,68962.0
24420,"Grants Pass, OR Micro Area",2010,34099,36626,14666.0,30216.0,46106.0,71509.0
24420,"Grants Pass, OR Micro Area",2011,34502,37048,16564.0,28639.0,43940.0,71422.0
24420,"Grants Pass, OR Micro Area",2012,34048,34430,15129.0,27790.0,42999.0,75326.0
24420,"Grants Pass, OR Metro Area",2013,34517,38298,15863.0,28970.0,46509.0,78416.0
24420,"Grants Pass, OR Metro Area",2014,33486,36870,18197.0,30633.0,45318.0,71917.0
24420,"Grants Pass, OR Metro Area",2015,35918,41493,16863.0,31882.0,51168.0,73282.0
24420,"Grants Pass, OR Metro Area",2016,35439,36472,15126.0,29398.0,47761.0,74394.0
24420,"Grants Pass, OR Metro Area",2017,36493,44426,15967.0,36765.0,54754.0,86784.0
24420,"Grants Pass, OR Metro Area",2018,37059,48315,20214.0,38558.0,60749.0,88311.0
24420,"Grants Pass, OR Metro Area",2019,35206,47573,21182.0,37122.0,58669.0,94273.0
24420,"Grants Pass, OR Metro Area",2021,36755,48785,20454.0,38208.0,61038.0,100922.0
24420,"Grants Pass, OR Metro Area",2022,36633,53838,19559.0,40809.0,72639.0,112531.0
24420,"Grants Pass, OR Metro Area",2023,37241,64170,26792.0,49217.0,77111.0,126989.0
24420,"Grants Pass, OR Metro Area",2024,36631,59711,27756.0,47456.0,74946.0,120679.0
24500,"Great Falls, MT Metro Area",2005,32328,38925,,,,
24500,"Great Falls, MT Metro Area",2006,32059,39887,18831.0,32210.0,48617.0,75241.0
24500,"Great Falls, MT Metro Area",2007,32130,42952,17381.0,34279.0,50788.0,77845.0
24500,"Great Falls, MT Metro Area",2008,33277,42750,21010.0,35306.0,52958.0,80832.0
24500,"Great Falls, MT Metro Area",2009,32752,40518,17010.0,31406.0,50911.0,75726.0
24500,"Great Falls, MT Metro Area",2010,33053,41871,19961.0,35717.0,53851.0,83456.0
24500,"Great Falls, MT Metro Area",2011,32187,42623,19599.0,36235.0,51749.0,77434.0
24500,"Great Falls, MT Metro Area",2012,33471,41732,16805.0,32924.0,55486.0,85338.0
24500,"Great Falls, MT Metro Area",2013,34492,43947,20317.0,35357.0,56570.0,86084.0
24500,"Great Falls, MT Metro Area",2014,34018,42170,19674.0,33501.0,53959.0,85907.0
24500,"Great Falls, MT Metro Area",2015,34375,45606,18694.0,34564.0,54264.0,94510.0
24500,"Great Falls, MT Metro Area",2016,33759,45138,19839.0,35910.0,55904.0,91436.0
24500,"Great Falls, MT Metro Area",2017,33346,47713,21880.0,37354.0,59764.0,91839.0
24500,"Great Falls, MT Metro Area",2018,35558,49948,23735.0,41279.0,61298.0,97742.0
24500,"Great Falls, MT Metro Area",2019,32816,51227,21529.0,41174.0,63650.0,96292.0
24500,"Great Falls, MT Metro Area",2021,34303,57706,23509.0,44850.0,70523.0,108898.0
24500,"Great Falls, MT Metro Area",2022,35343,58698,28069.0,49264.0,73325.0,116460.0
24500,"Great Falls, MT Metro Area",2023,36414,66454,32685.0,54450.0,80470.0,131018.0
24500,"Great Falls, MT Metro Area",2024,36846,62076,29323.0,51308.0,76697.0,121357.0
24540,"Greeley, CO Metro Area",2005,77246,48763,,,,
24540,"Greeley, CO Metro Area",2006,81059,52543,20771.0,41104.0,63636.0,94400.0
24540,"Greeley, CO Metro Area",2007,85157,52133,24430.0,41793.0,63657.0,95646.0
24540,"Greeley, CO Metro Area",2008,86163,56065,24593.0,45043.0,65433.0,98642.0
24540,"Greeley, CO Metro Area",2009,86083,54710,21509.0,45339.0,67049.0,103627.0
24540,"Greeley, CO Metro Area",2010,89056,51956,21703.0,40663.0,65270.0,95246.0
24540,"Greeley, CO Metro Area",2011,90453,51059,21597.0,41217.0,61569.0,103668.0
24540,"Greeley, CO Metro Area",2012,92447,55357,24769.0,44749.0,68399.0,100227.0
24540,"Greeley, CO Metro Area",2013,92426,58611,25908.0,46950.0,71434.0,106035.0
24540,"Greeley, CO Metro Area",2014,96803,62083,30687.0,50714.0,76032.0,110210.0
24540,"Greeley, CO Metro Area",2015,97822,70256,29617.0,54924.0,81565.0,117518.0
24540,"Greeley, CO Metro Area",2016,102087,63400,27103.0,51861.0,76710.0,114795.0
24540,"Greeley, CO Metro Area",2017,104611,68884,30366.0,54167.0,82248.0,116896.0
24540,"Greeley, CO Metro Area",2018,107929,75938,33131.0,61792.0,90325.0,133470.0
24540,"Greeley, CO Metro Area",2019,111298,78615,35184.0,64001.0,96872.0,137567.0
24540,"Greeley, CO Metro Area",2021,119502,85290,37739.0,69019.0,103334.0,147079.0
24540,"Greeley, CO Metro Area",2022,123825,91565,40530.0,74279.0,111307.0,164339.0
24540,"Greeley, CO Metro Area",2023,129057,91047,41406.0,73769.0,114019.0,161406.0
24540,"Greeley, CO Metro Area",2024,131650,101563,46536.0,81129.0,121967.0,174040.0
24580,"Green Bay, WI Metro Area",2005,118323,47809,,,,
24580,"Green Bay, WI Metro Area",2006,119754,49326,22046.0,39551.0,58783.0,84678.0
24580,"Green Bay, WI Metro Area",2007,120466,51449,21778.0,40715.0,61227.0,91771.0
24580,"Green Bay, WI Metro Area",2008,121495,52520,25610.0,43841.0,63737.0,89496.0
24580,"Green Bay, WI Metro Area",2009,122454,50315,23216.0,41648.0,60781.0,90227.0
24580,"Green Bay, WI Metro Area",2010,121806,49016,22758.0,40145.0,60744.0,90177.0
24580,"Green Bay, WI Metro Area",2011,121930,52725,23197.0,42076.0,63125.0,92282.0
24580,"Green Bay, WI Metro Area",2012,122718,50777,21881.0,40512.0,61740.0,97618.0
24580,"Green Bay, WI Metro Area",2013,122600,51148,23343.0,41139.0,62929.0,96170.0
24580,"Green Bay, WI Metro Area",2014,124899,53208,24421.0,43848.0,66189.0,97735.0
24580,"Green Bay, WI Metro Area",2015,127779,54847,25430.0,44100.0,68374.0,99303.0
24580,"Green Bay, WI Metro Area",2016,128474,58011,26660.0,46880.0,71370.0,104872.0
24580,"Green Bay, WI Metro Area",2017,129383,60456,27043.0,48057.0,74897.0,110216.0
24580,"Green Bay, WI Metro Area",2018,129113,61400,28803.0,50492.0,74474.0,108206.0
24580,"Green Bay, WI Metro Area",2019,132099,65026,30157.0,50952.0,78545.0,117116.0
24580,"Green Bay, WI Metro Area",2021,135686,66652,31345.0,53531.0,81694.0,121914.0
24580,"Green Bay, WI Metro Area",2022,136782,70341,32221.0,57003.0,85861.0,131248.0
24580,"Green Bay, WI Metro Area",2023,137111,76171,36241.0,61247.0,92812.0,136542.0
24580,"Green Bay, WI Metro Area",2024,135961,79876,34887.0,64504.0,94591.0,144486.0
24620,"Greeneville, TN Micro Area",2005,28336,32071,,,,
24620,"Greeneville, TN Micro Area",2006,27584,34291,14837.0,27914.0,42237.0,68038.0
24620,"Greeneville, TN Micro Area",2007,27574,33946,13375.0,28502.0,41696.0,61603.0
24620,"Greeneville, TN Micro Area",2008,27718,35062,15014.0,26664.0,44646.0,63318.0
24620,"Greeneville, TN Micro Area",2009,26977,33601,15844.0,27113.0,40145.0,61938.0
24620,"Greeneville, TN Micro Area",2010,28162,35196,12778.0,27121.0,45475.0,68441.0
24620,"Greeneville, TN Micro Area",2011,28914,31873,13738.0,24034.0,41263.0,65120.0
24620,"Greeneville, TN Micro Area",2012,29562,34536,16133.0,28644.0,40327.0,67915.0
24620,"Greeneville, TN Micro Area",2013,27104,35981,18672.0,29456.0,43816.0,66879.0
24620,"Greeneville, TN Micro Area",2014,27296,36694,18353.0,30842.0,45227.0,66652.0
24620,"Greeneville, TN Micro Area",2015,26660,34768,16158.0,27961.0,44139.0,74723.0
24620,"Greeneville, TN Micro Area",2016,25418,41109,14728.0,31446.0,51869.0,82651.0
24620,"Greeneville, TN Micro Area",2017,27249,37920,15536.0,31201.0,49476.0,75917.0
24620,"Greeneville, TN Micro Area",2018,27316,47383,20284.0,37970.0,61008.0,85299.0
24620,"Greeneville, TN Micro Area",2019,28323,44722,19166.0,34918.0,55062.0,84073.0
24620,"Greeneville, TN Micro Area",2021,28585,56488,22163.0,46065.0,66888.0,105104.0
24620,"Greeneville, TN Micro Area",2022,29065,48918,20292.0,38296.0,59496.0,89226.0
24620,"Greeneville, TN Micro Area",2023,28214,54261,26895.0,42709.0,68130.0,106163.0
24620,"Greeneville, TN Micro Area",2024,28949,61802,24220.0,47129.0,74834.0,118688.0
24640,"Greenfield Town, MA Micro Area",2013,30990,52339,21467.0,42003.0,66266.0,98492.0
24640,"Greenfield Town, MA Micro Area",2014,29859,55572,19244.0,41835.0,69931.0,105347.0
24640,"Greenfield Town, MA Micro Area",2015,30207,58613,25740.0,46031.0,67745.0,107962.0
24640,"Greenfield Town, MA Micro Area",2016,30868,57106,23680.0,42373.0,73688.0,107908.0
24640,"Greenfield Town, MA Micro Area",2017,29239,58824,25699.0,47007.0,69619.0,105378.0
24640,"Greenfield Town, MA Micro Area",2018,30391,59248,25828.0,47095.0,73425.0,107701.0
24640,"Greenfield, MA Micro Area",2023,32430,71296,30824.0,55402.0,88094.0,133455.0
24640,"Greenfield, MA Micro Area",2024,31990,74547,32535.0,60601.0,88106.0,145023.0
24660,"Greensboro-High Point, NC Metro Area",2005,267969,40164,,,,
24660,"Greensboro-High Point, NC Metro Area",2006,275011,41539,18156.0,32769.0,52235.0,80597.0
24660,"Greensboro-High Point, NC Metro Area",2007,279882,42486,18216.0,33320.0,53480.0,84576.0
24660,"Greensboro-High Point, NC Metro Area",2008,279193,45226,20243.0,36344.0,55679.0,83541.0
24660,"Greensboro-High Point, NC Metro Area",2009,281813,41272,18068.0,32277.0,51114.0,84358.0
24660,"Greensboro-High Point, NC Metro Area",2010,282554,41120,17984.0,32004.0,50876.0,79683.0
24660,"Greensboro-High Point, NC Metro Area",2011,291111,41399,17512.0,32463.0,53699.0,85536.0
24660,"Greensboro-High Point, NC Metro Area",2012,292421,41751,18806.0,33863.0,51998.0,82644.0
24660,"Greensboro-High Point, NC Metro Area",2013,289205,43791,18341.0,34686.0,55363.0,87502.0
24660,"Greensboro-High Point, NC Metro Area",2014,289450,42565,19210.0,35018.0,53573.0,87371.0
24660,"Greensboro-High Point, NC Metro Area",2015,291088,45749,20182.0,35730.0,55949.0,90811.0
24660,"Greensboro-High Point, NC Metro Area",2016,296476,46135,19529.0,36101.0,56670.0,92142.0
24660,"Greensboro-High Point, NC Metro Area",2017,297140,50285,21962.0,40082.0,61897.0,96545.0
24660,"Greensboro-High Point, NC Metro Area",2018,302101,50026,21516.0,39125.0,62448.0,103204.0
24660,"Greensboro-High Point, NC Metro Area",2019,301529,51770,22090.0,41480.0,65003.0,102216.0
24660,"Greensboro-High Point, NC Metro Area",2021,307003,57908,23914.0,45251.0,71851.0,111999.0
24660,"Greensboro-High Point, NC Metro Area",2022,318752,60271,25609.0,47406.0,75610.0,118371.0
24660,"Greensboro-High Point, NC Metro Area",2023,321824,63280,27469.0,49785.0,77918.0,127546.0
24660,"Greensboro-High Point, NC Metro Area",2024,329625,66072,28906.0,51920.0,81563.0,132333.0
24780,"Greenville, NC Metro Area",2005,64733,31647,,,,
24780,"Greenville, NC Metro Area",2006,68700,36802,12337.0,28226.0,45755.0,75724.0
24780,"Greenville, NC Metro Area",2007,71098,36278,12441.0,27690.0,46986.0,76517.0
24780,"Greenville, NC Metro Area",2008,70384,40039,13561.0,30001.0,48998.0,78753.0
24780,"Greenville, NC Metro Area",2009,73896,36129,12950.0,28481.0,44829.0,74539.0
24780,"Greenville, NC Metro Area",2010,70345,39664,14524.0,30297.0,51191.0,83205.0
24780,"Greenville, NC Metro Area",2011,70213,38322,14655.0,29217.0,49840.0,85755.0
24780,"Greenville, NC Metro Area",2012,76461,37759,15790.0,29801.0,48950.0,81869.0
24780,"Greenville, NC Metro Area",2013,67573,40639,16241.0,30455.0,51433.0,84765.0
24780,"Greenville, NC Metro Area",2014,68412,41632,15036.0,31415.0,51228.0,85228.0
24780,"Greenville, NC Metro Area",2015,68374,41453,16388.0,31916.0,51159.0,91451.0
24780,"Greenville, NC Metro Area",2016,70019,46573,15313.0,34957.0,57932.0,96227.0
24780,"Greenville, NC Metro Area",2017,68505,45849,16974.0,35112.0,60512.0,97639.0
24780,"Greenville, NC Metro Area",2018,69288,42481,17152.0,35205.0,53930.0,89106.0
24780,"Greenville, NC Metro Area",2019,70926,53401,20554.0,43040.0,62351.0,104270.0
24780,"Greenville, NC Metro Area",2021,75578,44450,15888.0,34127.0,60854.0,99167.0
24780,"Greenville, NC Metro Area",2022,74938,57049,20166.0,45297.0,70426.0,109869.0
24780,"Greenville, NC Metro Area",2023,74443,59946,23597.0,47034.0,74599.0,110648.0
24780,"Greenville, NC Metro Area",2024,75957,57031,20318.0,43391.0,74401.0,116957.0
24860,"Greenville, SC Metro Area",2005,229212,41446,,,,
24860,"Greenville, SC Metro Area",2006,232112,41077,16635.0,32520.0,50323.0,80539.0
24860,"Greenville-Mauldin-Easley, SC Metro Area",2007,238423,45210,19057.0,34716.0,55443.0,87000.0
24860,"Greenville-Mauldin-Easley, SC Metro Area",2008,240808,45124,18830.0,35182.0,56844.0,90242.0
24860,"Greenville-Mauldin-Easley, SC Metro Area",2009,241359,43283,18245.0,34938.0,53807.0,85673.0
24860,"Greenville-Mauldin-Easley, SC Metro Area",2010,241533,42640,18059.0,33596.0,53730.0,86117.0
24860,"Greenville-Mauldin-Easley, SC Metro Area",2011,241622,44536,18505.0,34943.0,56379.0,89598.0
24860,"Greenville-Mauldin-Easley, SC Metro Area",2012,245906,43724,17491.0,33024.0,55466.0,90622.0
24860,"Greenville-Anderson-Mauldin, SC Metro Area",2013,320628,44853,19028.0,34619.0,56984.0,91007.0
24860,"Greenville-Anderson-Mauldin, SC Metro Area",2014,324282,44783,19376.0,34915.0,55525.0,89275.0
24860,"Greenville-Anderson-Mauldin, SC Metro Area",2015,332740,48180,20284.0,37417.0,60528.0,92543.0
24860,"Greenville-Anderson-Mauldin, SC Metro Area",2016,335497,50644,21775.0,40830.0,63677.0,100295.0
24860,"Greenville-Anderson-Mauldin, SC Metro Area",2017,343167,51154,22363.0,41279.0,65154.0,103753.0
24860,"Greenville-Anderson-Mauldin, SC Metro Area",2018,344664,55790,22704.0,43088.0,68266.0,105783.0
24860,"Greenville-Anderson, SC Metro Area",2019,349480,58621,25712.0,46489.0,72681.0,115459.0
24860,"Greenville-Anderson, SC Metro Area",2021,373112,62265,26205.0,48838.0,76218.0,119343.0
24860,"Greenville-Anderson, SC Metro Area",2022,387161,65681,27965.0,52016.0,80099.0,124872.0
24860,"Greenville-Anderson-Greer, SC Metro Area",2023,396589,69413,31232.0,56045.0,85307.0,135239.0
24860,"Greenville-Anderson-Greer, SC Metro Area",2024,399170,75881,30794.0,59980.0,92056.0,143111.0
24940,"Greenwood, SC Micro Area",2005,26032,35381,,,,
24940,"Greenwood, SC Micro Area",2006,25045,38793,16995.0,30396.0,47075.0,80299.0
24940,"Greenwood, SC Micro Area",2007,25455,41314,17891.0,32218.0,51495.0,84948.0
24940,"Greenwood, SC Micro Area",2008,24143,39225,19301.0,33925.0,51739.0,76933.0
24940,"Greenwood, SC Micro Area",2009,27040,41975,17038.0,32153.0,51082.0,82217.0
24940,"Greenwood, SC Micro Area",2010,26100,30808,12853.0,23425.0,40139.0,72933.0
24940,"Greenwood, SC Micro Area",2011,27319,35678,14108.0,26033.0,48013.0,81532.0
24940,"Greenwood, SC Micro Area",2012,25342,35923,15420.0,27754.0,45267.0,76908.0
24940,"Greenwood, SC Micro Area",2013,37706,34006,15047.0,26168.0,45258.0,77109.0
24940,"Greenwood, SC Micro Area",2014,36573,36847,15607.0,27782.0,45982.0,78906.0
24940,"Greenwood, SC Micro Area",2015,35010,39555,14942.0,31162.0,50387.0,74793.0
24940,"Greenwood, SC Micro Area",2016,36461,38519,16083.0,30149.0,47845.0,80019.0
24940,"Greenwood, SC Micro Area",2017,35800,39828,17385.0,30358.0,51383.0,84456.0
24940,"Greenwood, SC Micro Area",2018,37799,41959,17929.0,34618.0,54032.0,84346.0
24940,"Greenwood, SC Micro Area",2019,28544,42148,18069.0,33356.0,52859.0,90363.0
24940,"Greenwood, SC Micro Area",2021,26577,52636,20186.0,44937.0,64466.0,101564.0
24940,"Greenwood, SC Micro Area",2022,27177,47052,18184.0,36127.0,54918.0,101320.0
24940,"Greenwood, SC Micro Area",2023,39669,53628,20192.0,45135.0,66733.0,109200.0
24940,"Greenwood, SC Micro Area",2024,41070,55562,22101.0,44214.0,66778.0,105014.0
25020,"Guayama, PR Metro Area",2005,28248,17134,,,,
25020,"Guayama, PR Metro Area",2006,28076,14355,3855.0,10857.0,19172.0,32401.0
25020,"Guayama, PR Metro Area",2007,27280,15399,2828.0,9731.0,20524.0,36452.0
25020,"Guayama, PR Metro Area",2008,24579,13568,3107.0,9637.0,16489.0,31246.0
25020,"Guayama, PR Metro Area",2009,26430,16027,4982.0,12585.0,20764.0,34705.0
25020,"Guayama, PR Metro Area",2010,31192,18991,8079.0,15275.0,24575.0,38500.0
25020,"Guayama, PR Metro Area",2011,28585,16118,6119.0,13467.0,20759.0,33305.0
25020,"Guayama, PR Metro Area",2012,26526,14879,4228.0,11070.0,17930.0,35582.0
25020,"Guayama, PR Metro Area",2013,29865,12365,4106.0,9785.0,15816.0,30807.0
25020,"Guayama, PR Metro Area",2014,28390,14187,4754.0,11351.0,18166.0,34913.0
25020,"Guayama, PR Metro Area",2015,26854,16135,5569.0,12600.0,20453.0,33622.0
25020,"Guayama, PR Metro Area",2016,26740,16595,6513.0,13095.0,20987.0,35402.0
25020,"Guayama, PR Metro Area",2017,25610,14676,6548.0,11621.0,18541.0,30969.0
25020,"Guayama, PR Metro Area",2018,25441,17062,6727.0,13259.0,20760.0,32724.0
25020,"Guayama, PR Metro Area",2019,24247,16655,5965.0,12979.0,22683.0,40587.0
25020,"Guayama, PR Metro Area",2021,25902,16373,6418.0,12607.0,22417.0,41727.0
25020,"Guayama, PR Metro Area",2022,28791,21580,7624.0,16525.0,27611.0,46608.0
25020,"Guayama, PR Metro Area",2023,27480,21345,6330.0,15235.0,27074.0,43109.0
25020,"Guayama, PR Metro Area",2024,28178,22092,10379.0,17746.0,30462.0,45394.0
25060,"Gulfport-Biloxi, MS Metro Area",2005,101186,38971,,,,
25060,"Gulfport-Biloxi, MS Metro Area",2006,86887,42998,18469.0,34268.0,51102.0,79779.0
25060,"Gulfport-Biloxi, MS Metro Area",2007,89683,41542,17317.0,31974.0,51337.0,80907.0
25060,"Gulfport-Biloxi, MS Metro Area",2008,91817,44879,19213.0,35767.0,57253.0,88843.0
25060,"Gulfport-Biloxi, MS Metro Area",2009,89202,42979,18966.0,32829.0,53118.0,84650.0
25060,"Gulfport-Biloxi, MS Metro Area",2010,93746,41875,19876.0,33837.0,53087.0,80876.0
25060,"Gulfport-Biloxi, MS Metro Area",2011,96451,38287,15128.0,30728.0,49198.0,78707.0
25060,"Gulfport-Biloxi, MS Metro Area",2012,100195,41254,17089.0,33085.0,51019.0,82005.0
25060,"Gulfport-Biloxi-Pascagoula, MS Metro Area",2013,143330,44951,17362.0,35061.0,53837.0,82404.0
25060,"Gulfport-Biloxi-Pascagoula, MS Metro Area",2014,146693,43906,18548.0,35580.0,52786.0,83399.0
25060,"Gulfport-Biloxi-Pascagoula, MS Metro Area",2015,146228,44328,17948.0,34967.0,55081.0,86541.0
25060,"Gulfport-Biloxi-Pascagoula, MS Metro Area",2016,146020,46434,17192.0,36712.0,57039.0,88406.0
25060,"Gulfport-Biloxi-Pascagoula, MS Metro Area",2017,150780,47099,19565.0,38260.0,59153.0,92649.0
25060,"Gulfport-Biloxi-Pascagoula, MS Metro Area",2018,155026,47444,18624.0,37524.0,59962.0,94893.0
25060,"Gulfport-Biloxi, MS Metro Area",2019,159081,50642,22714.0,38986.0,62519.0,101610.0
25060,"Gulfport-Biloxi, MS Metro Area",2021,162594,56348,23963.0,42951.0,69812.0,104312.0
25060,"Gulfport-Biloxi, MS Metro Area",2022,170440,58007,21830.0,45674.0,72461.0,115003.0
25060,"Gulfport-Biloxi, MS Metro Area",2023,174612,60114,24729.0,48216.0,77039.0,125183.0
25060,"Gulfport-Biloxi, MS Metro Area",2024,172913,65256,27826.0,52680.0,82060.0,123794.0
25180,"Hagerstown-Martinsburg, MD-WV Metro Area",2005,97672,47110,,,,
25180,"Hagerstown-Martinsburg, MD-WV Metro Area",2006,100404,51423,22991.0,41043.0,60722.0,86320.0
25180,"Hagerstown-Martinsburg, MD-WV Metro Area",2007,100000,51619,22074.0,40132.0,63388.0,94862.0
25180,"Hagerstown-Martinsburg, MD-WV Metro Area",2008,100962,50506,23487.0,40494.0,62142.0,92300.0
25180,"Hagerstown-Martinsburg, MD-WV Metro Area",2009,103027,48653,21579.0,39268.0,59894.0,88543.0
25180,"Hagerstown-Martinsburg, MD-WV Metro Area",2010,101783,50529,21260.0,39561.0,63462.0,93652.0
25180,"Hagerstown-Martinsburg, MD-WV Metro Area",2011,104000,50797,20442.0,40639.0,61698.0,93065.0
25180,"Hagerstown-Martinsburg, MD-WV Metro Area",2012,104765,51386,22429.0,41127.0,64072.0,98006.0
25180,"Hagerstown-Martinsburg, MD-WV Metro Area",2013,97681,56424,24715.0,46081.0,67633.0,98068.0
25180,"Hagerstown-Martinsburg, MD-WV Metro Area",2014,95920,56537,25002.0,46070.0,68076.0,100033.0
25180,"Hagerstown-Martinsburg, MD-WV Metro Area",2015,97209,55142,24571.0,44385.0,67496.0,104684.0
25180,"Hagerstown-Martinsburg, MD-WV Metro Area",2016,98193,55862,25568.0,45105.0,72173.0,106768.0
25180,"Hagerstown-Martinsburg, MD-WV Metro Area",2017,98959,59801,23375.0,47971.0,72162.0,110034.0
25180,"Hagerstown-Martinsburg, MD-WV Metro Area",2018,102106,61256,28557.0,50167.0,72867.0,112363.0
25180,"Hagerstown-Martinsburg, MD-WV Metro Area",2019,110354,60095,27788.0,48916.0,74057.0,115029.0
25180,"Hagerstown-Martinsburg, MD-WV Metro Area",2021,117803,67372,28129.0,52868.0,81741.0,120162.0
25180,"Hagerstown-Martinsburg, MD-WV Metro Area",2022,118011,68083,30522.0,55306.0,84090.0,129405.0
25180,"Hagerstown-Martinsburg, MD-WV Metro Area",2023,117709,75369,32881.0,60779.0,90690.0,134900.0
25180,"Hagerstown-Martinsburg, MD-WV Metro Area",2024,122686,80901,33721.0,62439.0,97745.0,145082.0
25220,"Hammond, LA Micro Area",2005,38544,35154,,,,
25220,"Hammond, LA Micro Area",2006,41386,33075,10840.0,24551.0,45085.0,70261.0
25220,"Hammond, LA Micro Area",2007,41369,32763,13735.0,25684.0,42013.0,70028.0
25220,"Hammond, LA Micro Area",2008,45549,41399,15185.0,31075.0,52204.0,85333.0
25220,"Hammond, LA Micro Area",2009,45790,37672,14946.0,29896.0,48737.0,78295.0
25220,"Hammond, LA Micro Area",2010,43228,37390,15637.0,29553.0,51372.0,80464.0
25220,"Hammond, LA Micro Area",2011,44655,39391,15588.0,31109.0,49628.0,81990.0
25220,"Hammond, LA Micro Area",2012,43653,34904,13851.0,24834.0,45503.0,81149.0
25220,"Hammond, LA Metro Area",2013,46039,44166,15520.0,31071.0,55113.0,86925.0
25220,"Hammond, LA Metro Area",2014,45786,40689,16600.0,33712.0,52681.0,87034.0
25220,"Hammond, LA Metro Area",2015,46263,42962,15590.0,32986.0,58359.0,92451.0
25220,"Hammond, LA Metro Area",2016,47756,48162,16348.0,32466.0,62621.0,96065.0
25220,"Hammond, LA Metro Area",2017,49272,44861,17612.0,33245.0,55835.0,91223.0
25220,"Hammond, LA Metro Area",2018,47401,48205,20144.0,38062.0,58803.0,94431.0
25220,"Hammond, LA Metro Area",2019,46526,47825,18176.0,32466.0,64652.0,100834.0
25220,"Hammond, LA Metro Area",2021,49915,52872,20174.0,41304.0,65565.0,100290.0
25220,"Hammond, LA Metro Area",2022,51689,55391,19459.0,41943.0,67489.0,113620.0
25220,"Hammond, LA Metro Area",2023,54627,54417,21695.0,42612.0,71855.0,123372.0
25220,"Hammond, LA Metro Area",2024,56608,56626,22550.0,46370.0,68223.0,128116.0
25260,"Hanford-Corcoran, CA Metro Area",2005,37878,41095,,,,
25260,"Hanford-Corcoran, CA Metro Area",2006,39702,43178,20976.0,33323.0,55198.0,85585.0
25260,"Hanford-Corcoran, CA Metro Area",2007,39014,46756,21384.0,37404.0,59550.0,89970.0
25260,"Hanford-Corcoran, CA Metro Area",2008,40495,50962,25784.0,40894.0,61161.0,99731.0
25260,"Hanford-Corcoran, CA Metro Area",2009,38669,44506,19924.0,36180.0,53165.0,79955.0
25260,"Hanford-Corcoran, CA Metro Area",2010,40818,44609,20969.0,35755.0,57053.0,93810.0
25260,"Hanford-Corcoran, CA Metro Area",2011,40800,50345,20178.0,37307.0,60866.0,93226.0
25260,"Hanford-Corcoran, CA Metro Area",2012,40376,45935,21258.0,37703.0,56179.0,89961.0
25260,"Hanford-Corcoran, CA Metro Area",2013,41813,45774,19232.0,36441.0,56780.0,87957.0
25260,"Hanford-Corcoran, CA Metro Area",2014,41596,42784,19037.0,34354.0,54239.0,89217.0
25260,"Hanford-Corcoran, CA Metro Area",2015,42692,45746,21677.0,36922.0,61803.0,98062.0
25260,"Hanford-Corcoran, CA Metro Area",2016,43090,53234,24351.0,42602.0,63717.0,93336.0
25260,"Hanford-Corcoran, CA Metro Area",2017,43029,57555,25682.0,45452.0,72485.0,103702.0
25260,"Hanford-Corcoran, CA Metro Area",2018,43727,61663,28481.0,51518.0,73227.0,109998.0
25260,"Hanford-Corcoran, CA Metro Area",2019,44761,58453,25970.0,46198.0,68572.0,104658.0
25260,"Hanford-Corcoran, CA Metro Area",2021,43143,62155,27707.0,52232.0,75864.0,117350.0
25260,"Hanford-Corcoran, CA Metro Area",2022,43646,64368,34428.0,51435.0,83720.0,121983.0
25260,"Hanford-Corcoran, CA Metro Area",2023,44262,66429,29145.0,53298.0,81083.0,116614.0
25260,"Hanford-Corcoran, CA Metro Area",2024,45561,73954,33690.0,60249.0,93328.0,147876.0
25420,"Harrisburg-Carlisle, PA Metro Area",2005,208486,51057,,,,
25420,"Harrisburg-Carlisle, PA Metro Area",2006,211096,51339,23230.0,41153.0,62758.0,91188.0
25420,"Harrisburg-Carlisle, PA Metro Area",2007,213664,53168,25077.0,43242.0,65436.0,96517.0
25420,"Harrisburg-Carlisle, PA Metro Area",2008,213105,57095,25705.0,44966.0,68820.0,102297.0
25420,"Harrisburg-Carlisle, PA Metro Area",2009,216137,53036,24692.0,43108.0,64526.0,95168.0
25420,"Harrisburg-Carlisle, PA Metro Area",2010,221667,54009,24803.0,42965.0,66329.0,99848.0
25420,"Harrisburg-Carlisle, PA Metro Area",2011,220530,55382,26049.0,44906.0,67271.0,100554.0
25420,"Harrisburg-Carlisle, PA Metro Area",2012,220146,54742,24334.0,44555.0,67067.0,101864.0
25420,"Harrisburg-Carlisle, PA Metro Area",2013,224798,56484,26108.0,46340.0,68858.0,106452.0
25420,"Harrisburg-Carlisle, PA Metro Area",2014,226058,57742,25641.0,46045.0,70510.0,105422.0
25420,"Harrisburg-Carlisle, PA Metro Area",2015,225810,58166,27467.0,47213.0,71210.0,105344.0
25420,"Harrisburg-Carlisle, PA Metro Area",2016,225120,61467,28410.0,50525.0,74396.0,112468.0
25420,"Harrisburg-Carlisle, PA Metro Area",2017,226354,65069,28474.0,52734.0,79803.0,117972.0
25420,"Harrisburg-Carlisle, PA Metro Area",2018,233591,64213,30338.0,51021.0,78439.0,121420.0
25420,"Harrisburg-Carlisle, PA Metro Area",2019,234365,67069,29981.0,53995.0,81167.0,123768.0
25420,"Harrisburg-Carlisle, PA Metro Area",2021,243253,73559,33588.0,59458.0,90416.0,133388.0
25420,"Harrisburg-Carlisle, PA Metro Area",2022,247424,73739,34451.0,61129.0,89355.0,134755.0
25420,"Harrisburg-Carlisle, PA Metro Area",2023,248403,76758,35459.0,62184.0,96050.0,144757.0
25420,"Harrisburg-Carlisle, PA Metro Area",2024,251165,80904,36381.0,66542.0,98988.0,150897.0
25500,"Harrisonburg, VA Metro Area",2005,41215,43156,,,,
25500,"Harrisonburg, VA Metro Area",2006,43050,41332,16864.0,31868.0,50715.0,77302.0
25500,"Harrisonburg, VA Metro Area",2007,42628,44172,20194.0,36432.0,53700.0,80724.0
25500,"Harrisonburg, VA Metro Area",2008,43728,48794,18811.0,39065.0,59229.0,84122.0
25500,"Harrisonburg, VA Metro Area",2009,45102,42657,17340.0,34309.0,51803.0,82376.0
25500,"Harrisonburg, VA Metro Area",2010,43840,45188,20665.0,35645.0,53259.0,82132.0
25500,"Harrisonburg, VA Metro Area",2011,44218,46618,20652.0,36564.0,56987.0,88713.0
25500,"Harrisonburg, VA Metro Area",2012,45298,44971,17404.0,35011.0,55861.0,83275.0
25500,"Harrisonburg, VA Metro Area",2013,45285,46710,23112.0,39528.0,57620.0,84726.0
25500,"Harrisonburg, VA Metro Area",2014,47052,51136,21264.0,40038.0,62213.0,92687.0
25500,"Harrisonburg, VA Metro Area",2015,47600,47420,22580.0,38954.0,57856.0,91605.0
25500,"Harrisonburg, VA Metro Area",2016,47805,51369,22749.0,40917.0,64487.0,97891.0
25500,"Harrisonburg, VA Metro Area",2017,47777,54681,25586.0,42886.0,67034.0,99305.0
25500,"Harrisonburg, VA Metro Area",2018,47987,53046,21937.0,42760.0,63632.0,100150.0
25500,"Harrisonburg, VA Metro Area",2019,47098,60740,30584.0,47725.0,75419.0,112141.0
25500,"Harrisonburg, VA Metro Area",2021,50478,66564,26646.0,52697.0,81756.0,125324.0
25500,"Harrisonburg, VA Metro Area",2022,50885,64993,30178.0,54456.0,83972.0,124333.0
25500,"Harrisonburg, VA Metro Area",2023,50113,76250,29557.0,57577.0,94801.0,140346.0
25500,"Harrisonburg, VA Metro Area",2024,50870,76570,34939.0,62287.0,90807.0,141324.0
25540,"Hartford-West Hartford-East Hartford, CT Metro Area",2005,453290,61327,,,,
25540,"Hartford-West Hartford-East Hartford, CT Metro Area",2006,456247,61753,26525.0,48970.0,76055.0,115143.0
25540,"Hartford-West Hartford-East Hartford, CT Metro Area",2007,455309,64355,26756.0,51787.0,79397.0,119000.0
25540,"Hartford-West Hartford-East Hartford, CT Metro Area",2008,462687,67171,26669.0,53603.0,81891.0,122543.0
25540,"Hartford-West Hartford-East Hartford, CT Metro Area",2009,457786,65698,26546.0,51114.0,80679.0,122558.0
25540,"Hartford-West Hartford-East Hartford, CT Metro Area",2010,472161,63104,25817.0,49771.0,78240.0,123491.0
25540,"Hartford-West Hartford-East Hartford, CT Metro Area",2011,464933,64508,25643.0,51087.0,81245.0,124351.0
25540,"Hartford-West Hartford-East Hartford, CT Metro Area",2012,468942,66732,25744.0,52322.0,82138.0,126218.0
25540,"Hartford-West Hartford-East Hartford, CT Metro Area",2013,464315,66356,26082.0,52323.0,82957.0,128458.0
25540,"Hartford-West Hartford-East Hartford, CT Metro Area",2014,467615,68532,26940.0,53679.0,86143.0,136179.0
25540,"Hartford-West Hartford-East Hartford, CT Metro Area",2015,464613,72275,28486.0,55372.0,90326.0,140572.0
25540,"Hartford-West Hartford-East Hartford, CT Metro Area",2016,470439,72559,29378.0,55877.0,88823.0,139754.0
25540,"Hartford-West Hartford-East Hartford, CT Metro Area",2017,470731,71414,30261.0,55895.0,89788.0,142320.0
25540,"Hartford-West Hartford-East Hartford, CT Metro Area",2018,470651,77258,29621.0,60365.0,97461.0,151242.0
25540,"Hartford-East Hartford-Middletown, CT Metro Area",2019,476867,77005,30273.0,60433.0,97118.0,151742.0
25540,"Hartford-East Hartford-Middletown, CT Metro Area",2021,488173,82258,31291.0,65060.0,103562.0,161649.0
25540,"Hartford-East Hartford-Middletown, CT Metro Area",2022,494046,85723,34368.0,68472.0,107666.0,169388.0
25540,"Hartford-West Hartford-East Hartford, CT Metro Area",2023,467381,92176,36616.0,71860.0,113439.0,177296.0
25540,"Hartford-West Hartford-East Hartford, CT Metro Area",2024,469594,94419,38346.0,75201.0,117068.0,189648.0
25620,"Hattiesburg, MS Metro Area",2005,48628,32877,,,,
25620,"Hattiesburg, MS Metro Area",2006,48827,34882,13542.0,27130.0,45551.0,72827.0
25620,"Hattiesburg, MS Metro Area",2007,49011,37541,15061.0,28842.0,46108.0,74124.0
25620,"Hattiesburg, MS Metro Area",2008,49372,36801,14456.0,27289.0,46770.0,82950.0
25620,"Hattiesburg, MS Metro Area",2009,51036,40451,12696.0,32613.0,48624.0,81179.0
25620,"Hattiesburg, MS Metro Area",2010,53532,38538,14249.0,28406.0,49198.0,78539.0
25620,"Hattiesburg, MS Metro Area",2011,54148,37378,14270.0,27388.0,47821.0,76225.0
25620,"Hattiesburg, MS Metro Area",2012,53480,36815,13445.0,27149.0,46353.0,74675.0
25620,"Hattiesburg, MS Metro Area",2013,53052,40364,15528.0,31947.0,51523.0,80652.0
25620,"Hattiesburg, MS Metro Area",2014,52610,42028,16471.0,31365.0,51964.0,86690.0
25620,"Hattiesburg, MS Metro Area",2015,54780,41938,16012.0,31663.0,54839.0,86780.0
25620,"Hattiesburg, MS Metro Area",2016,53560,46765,19424.0,35650.0,57859.0,94988.0
25620,"Hattiesburg, MS Metro Area",2017,54181,46167,15820.0,31716.0,55154.0,95384.0
25620,"Hattiesburg, MS Metro Area",2018,54084,45249,17332.0,36130.0,56174.0,92148.0
25620,"Hattiesburg, MS Metro Area",2019,59170,48359,19382.0,36669.0,60839.0,101861.0
25620,"Hattiesburg, MS Metro Area",2021,66682,55444,22833.0,41805.0,66642.0,111669.0
25620,"Hattiesburg, MS Metro Area",2022,66557,54560,21104.0,42807.0,65423.0,108779.0
25620,"Hattiesburg, MS Metro Area",2023,61290,55336,21120.0,45593.0,70561.0,112232.0
25620,"Hattiesburg, MS Metro Area",2024,61958,61871,26157.0,46934.0,76349.0,116285.0
25720,"Heber, UT Micro Area",2019,23270,99265,45376.0,78114.0,121331.0,211455.0
25720,"Heber, UT Micro Area",2021,26281,115188,48606.0,85096.0,143537.0,218006.0
25720,"Heber, UT Micro Area",2022,28037,117919,53902.0,99596.0,142738.0,250001.0
25720,"Heber, UT Micro Area",2023,31929,134986,60838.0,116609.0,162892.0,250001.0
25720,"Heber, UT Micro Area",2024,32365,126798,73574.0,106659.0,153725.0,250001.0
25740,"Helena, MT Micro Area",2005,26619,46537,,,,
25740,"Helena, MT Micro Area",2006,27806,45013,18149.0,38502.0,52110.0,77982.0
25740,"Helena, MT Micro Area",2007,26906,47413,20405.0,40272.0,58828.0,84130.0
25740,"Helena, MT Micro Area",2008,27676,50373,22466.0,40038.0,63945.0,88215.0
25740,"Helena, MT Micro Area",2009,27882,54872,26963.0,44687.0,63539.0,90585.0
25740,"Helena, MT Micro Area",2010,28653,52114,25665.0,41407.0,62209.0,92354.0
25740,"Helena, MT Micro Area",2011,32787,54455,24959.0,45220.0,63955.0,89631.0
25740,"Helena, MT Micro Area",2012,31494,60231,27571.0,47539.0,71682.0,104327.0
25740,"Helena, MT Micro Area",2013,31069,55527,27127.0,42113.0,65569.0,103736.0
25740,"Helena, MT Micro Area",2014,31152,54401,23198.0,44562.0,65408.0,96396.0
25740,"Helena, MT Micro Area",2015,32041,60278,28817.0,47752.0,71595.0,103333.0
25740,"Helena, MT Micro Area",2016,31474,62437,27359.0,47102.0,77084.0,107535.0
25740,"Helena, MT Micro Area",2017,32950,60472,27382.0,48821.0,75044.0,109110.0
25740,"Helena, MT Micro Area",2018,32096,65145,27020.0,52993.0,78637.0,120110.0
25740,"Helena, MT Micro Area",2019,31853,68095,25925.0,50142.0,83615.0,127982.0
25740,"Helena, MT Micro Area",2021,36175,65638,33304.0,52134.0,88945.0,133658.0
25740,"Helena, MT Micro Area",2022,35511,72930,37961.0,62608.0,91475.0,141152.0
25740,"Helena, MT Metro Area",2023,38384,76866,31517.0,61554.0,94324.0,145383.0
25740,"Helena, MT Metro Area",2024,39506,94395,41739.0,73844.0,108413.0,156115.0
25840,"Hermiston-Pendleton, OR Micro Area",2013,31198,49690,21684.0,38940.0,58110.0,85586.0
25840,"Hermiston-Pendleton, OR Micro Area",2014,30573,44715,18048.0,35805.0,53688.0,83646.0
25840,"Hermiston-Pendleton, OR Micro Area",2015,30427,49973,23092.0,39549.0,59659.0,90299.0
25840,"Hermiston-Pendleton, OR Micro Area",2016,29799,50037,21284.0,40879.0,61893.0,89226.0
25840,"Hermiston-Pendleton, OR Micro Area",2017,30864,51705,22318.0,42499.0,62614.0,92108.0
25840,"Hermiston-Pendleton, OR Micro Area",2018,29590,56211,21607.0,41830.0,69451.0,99099.0
25840,"Hermiston-Pendleton, OR Micro Area",2019,31467,60870,27120.0,47691.0,75160.0,114103.0
25840,"Hermiston-Pendleton, OR Micro Area",2021,31637,59608,27878.0,50173.0,74261.0,109474.0
25840,"Hermiston-Pendleton, OR Micro Area",2022,34062,75526,33690.0,59814.0,90021.0,126518.0
25840,"Hermiston-Pendleton, OR Micro Area",2023,35672,62766,26939.0,49467.0,73736.0,112397.0
25840,"Hermiston-Pendleton, OR Micro Area",2024,34428,68726,32749.0,58164.0,78025.0,125109.0
25850,"Hermitage, PA Micro Area",2023,47517,61669,28256.0,51131.0,75036.0,115290.0
25850,"Hermitage, PA Micro Area",2024,47728,60030,27966.0,48641.0,75202.0,120564.0
25860,"Hickory-Lenoir-Morganton, NC Metro Area",2005,139246,37391,,,,
25860,"Hickory-Lenoir-Morganton, NC Metro Area",2006,135237,39213,17511.0,30696.0,49040.0,71906.0
25860,"Hickory-Lenoir-Morganton, NC Metro Area",2007,136721,39398,16963.0,30228.0,48185.0,74313.0
25860,"Hickory-Lenoir-Morganton, NC Metro Area",2008,136478,41360,18591.0,33072.0,50715.0,77612.0
25860,"Hickory-Lenoir-Morganton, NC Metro Area",2009,135609,37351,17539.0,29892.0,47205.0,73030.0
25860,"Hickory-Lenoir-Morganton, NC Metro Area",2010,140327,39381,17253.0,30552.0,48003.0,72191.0
25860,"Hickory-Lenoir-Morganton, NC Metro Area",2011,135557,38923,16618.0,30838.0,47072.0,76114.0
25860,"Hickory-Lenoir-Morganton, NC Metro Area",2012,140419,37364,15692.0,29186.0,48181.0,74169.0
25860,"Hickory-Lenoir-Morganton, NC Metro Area",2013,136858,38039,17246.0,30393.0,50017.0,75960.0
25860,"Hickory-Lenoir-Morganton, NC Metro Area",2014,131741,41106,17427.0,31677.0,50806.0,79527.0
25860,"Hickory-Lenoir-Morganton, NC Metro Area",2015,140097,40380,17241.0,33927.0,50417.0,78643.0
25860,"Hickory-Lenoir-Morganton, NC Metro Area",2016,144399,42572,19300.0,35045.0,52248.0,81653.0
25860,"Hickory-Lenoir-Morganton, NC Metro Area",2017,141250,48079,20003.0,37563.0,58968.0,90032.0
25860,"Hickory-Lenoir-Morganton, NC Metro Area",2018,145158,47544,21031.0,37929.0,59350.0,90627.0
25860,"Hickory-Lenoir-Morganton, NC Metro Area",2019,146324,50631,22904.0,41104.0,62565.0,94955.0
25860,"Hickory-Lenoir-Morganton, NC Metro Area",2021,146600,52737,21738.0,42378.0,64006.0,104464.0
25860,"Hickory-Lenoir-Morganton, NC Metro Area",2022,151501,60209,26572.0,48585.0,73901.0,110701.0
25860,"Hickory-Lenoir-Morganton, NC Metro Area",2023,155168,58164,27564.0,47628.0,72621.0,114206.0
25860,"Hickory-Lenoir-Morganton, NC Metro Area",2024,153924,64059,26187.0,50555.0,80164.0,123160.0
25900,"Hilo, HI Micro Area",2005,59470,48524,,,,
25900,"Hilo, HI Micro Area",2006,63178,55390,19785.0,44396.0,66319.0,97942.0
25900,"Hilo, HI Micro Area",2007,63250,59111,22543.0,46279.0,69682.0,104040.0
25900,"Hilo, HI Micro Area",2008,63088,54044,20950.0,41527.0,68264.0,103492.0
25900,"Hilo, HI Micro Area",2009,65798,53828,21149.0,42480.0,65769.0,95444.0
25900,"Hilo, HI Micro Area",2010,62584,47100,18040.0,36511.0,59516.0,91699.0
25900,"Hilo, HI Micro Area",2011,64605,46479,20499.0,35506.0,56310.0,86883.0
25900,"Hilo, HI Micro Area",2012,64925,50285,17640.0,37159.0,62011.0,100768.0
25900,"Hilo, HI Micro Area",2013,64929,48399,17677.0,35324.0,58754.0,95941.0
25900,"Hilo, HI Micro Area",2014,65178,52788,17102.0,42741.0,64029.0,101440.0
25900,"Hilo, HI Micro Area",2015,64201,60033,20049.0,43215.0,72520.0,109119.0
25900,"Hilo, HI Micro Area",2016,69818,55750,22404.0,41596.0,67676.0,115512.0
25900,"Hilo, HI Micro Area",2017,68857,57545,21705.0,46366.0,73779.0,111427.0
25900,"Hilo, HI Micro Area",2018,71565,57571,22043.0,45112.0,76939.0,120866.0
25900,"Hilo, HI Micro Area",2019,71193,67075,24462.0,51883.0,85247.0,131418.0
25900,"Hilo, HI Micro Area",2021,72194,69473,24475.0,55198.0,83966.0,134866.0
25900,"Hilo, HI Micro Area",2022,74764,72568,27614.0,58064.0,94156.0,149704.0
25900,"Hilo-Kailua, HI Micro Area",2023,73933,74580,27525.0,61158.0,91574.0,145921.0
25900,"Hilo-Kailua, HI Micro Area",2024,76569,75465,26790.0,58457.0,99105.0,166204.0
25940,"Hilton Head Island-Beaufort, SC Micro Area",2005,61826,46690,,,,
25940,"Hilton Head Island-Beaufort, SC Micro Area",2006,62705,48190,22340.0,38524.0,58381.0,96776.0
25940,"Hilton Head Island-Beaufort, SC Micro Area",2007,66628,52530,23742.0,41138.0,64997.0,99531.0
25940,"Hilton Head Island-Beaufort, SC Micro Area",2008,65420,52800,24466.0,41538.0,66604.0,101032.0
25940,"Hilton Head Island-Beaufort, SC Micro Area",2009,67735,52668,22913.0,42094.0,64142.0,99308.0
25940,"Hilton Head Island-Beaufort, SC Micro Area",2010,72570,52496,25513.0,43470.0,63366.0,93463.0
25940,"Hilton Head Island-Beaufort, SC Micro Area",2011,72069,51232,22901.0,41962.0,61048.0,98813.0
25940,"Hilton Head Island-Beaufort, SC Micro Area",2012,72852,51209,24601.0,40947.0,63124.0,102089.0
25940,"Hilton Head Island-Bluffton-Beaufort, SC Metro Area",2013,74931,52269,23980.0,41788.0,65915.0,105442.0
25940,"Hilton Head Island-Bluffton-Beaufort, SC Metro Area",2014,74717,52691,25011.0,41359.0,66336.0,103180.0
25940,"Hilton Head Island-Bluffton-Beaufort, SC Metro Area",2015,78824,55923,24456.0,42265.0,67510.0,108628.0
25940,"Hilton Head Island-Bluffton-Beaufort, SC Metro Area",2016,76772,63756,27189.0,50374.0,77288.0,113026.0
25940,"Hilton Head Island-Bluffton-Beaufort, SC Metro Area",2017,79217,55430,26345.0,44844.0,69782.0,110992.0
25940,"Hilton Head Island-Bluffton-Beaufort, SC Metro Area",2018,84041,63723,30266.0,49372.0,77129.0,122217.0
25940,"Hilton Head Island-Bluffton, SC Metro Area",2019,84094,71252,32212.0,58390.0,86873.0,141113.0
25940,"Hilton Head Island-Bluffton, SC Metro Area",2021,89701,67779,31193.0,56129.0,87032.0,138386.0
25940,"Hilton Head Island-Bluffton, SC Metro Area",2022,93078,81038,36407.0,67483.0,97622.0,164797.0
25940,"Hilton Head Island-Bluffton-Port Royal, SC Metro Area",2023,100794,80683,37742.0,66439.0,102591.0,153872.0
25940,"Hilton Head Island-Bluffton-Port Royal, SC Metro Area",2024,105886,88348,43629.0,71792.0,112510.0,167115.0
25980,"Hinesville-Fort Stewart, GA Metro Area",2006,25860,40885,20443.0,30503.0,47175.0,62775.0
25980,"Hinesville-Fort Stewart, GA Metro Area",2007,25371,41556,17637.0,33457.0,48490.0,65780.0
25980,"Hinesville-Fort Stewart, GA Metro Area",2008,25678,40324,20695.0,32084.0,46111.0,73459.0
25980,"Hinesville-Fort Stewart, GA Metro Area",2009,25743,44148,17444.0,35871.0,51329.0,78741.0
25980,"Hinesville-Fort Stewart, GA Metro Area",2010,26902,37536,15810.0,29655.0,50758.0,83538.0
25980,"Hinesville-Fort Stewart, GA Metro Area",2011,29949,42659,19850.0,35766.0,52336.0,80376.0
25980,"Hinesville-Fort Stewart, GA Metro Area",2012,28309,43368,21059.0,35850.0,53133.0,75722.0
25980,"Hinesville, GA Metro Area",2013,28505,40559,17075.0,33687.0,47790.0,77254.0
25980,"Hinesville, GA Metro Area",2014,28069,43331,20810.0,35898.0,51895.0,75673.0
25980,"Hinesville, GA Metro Area",2015,27874,37211,16210.0,30422.0,45535.0,72205.0
25980,"Hinesville, GA Metro Area",2016,29918,46241,22657.0,38300.0,53463.0,74849.0
25980,"Hinesville, GA Metro Area",2017,29826,49364,21900.0,40768.0,59277.0,89657.0
25980,"Hinesville, GA Metro Area",2018,31296,47234,20442.0,41321.0,56541.0,78530.0
25980,"Hinesville, GA Metro Area",2019,29973,53060,25976.0,43334.0,60914.0,86230.0
25980,"Hinesville, GA Metro Area",2021,29290,49733,22188.0,39628.0,57073.0,89515.0
25980,"Hinesville, GA Metro Area",2022,29850,62795,30883.0,54163.0,79965.0,111411.0
25980,"Hinesville, GA Metro Area",2023,31349,60732,31163.0,50263.0,69053.0,101898.0
25980,"Hinesville, GA Metro Area",2024,32290,66943,30480.0,53476.0,83360.0,114480.0
26020,"Hobbs, NM Micro Area",2011,20824,50758,21980.0,37519.0,62113.0,91764.0
26020,"Hobbs, NM Micro Area",2012,21241,51504,20375.0,40667.0,70602.0,100940.0
26020,"Hobbs, NM Micro Area",2013,22418,56191,26613.0,47990.0,69748.0,101896.0
26020,"Hobbs, NM Micro Area",2014,21805,61351,21488.0,49814.0,76306.0,104407.0
26020,"Hobbs, NM Micro Area",2015,21101,56260,24673.0,42456.0,71883.0,110454.0
26020,"Hobbs, NM Micro Area",2016,20793,55636,19724.0,43189.0,66503.0,88991.0
26020,"Hobbs, NM Micro Area",2017,22222,55952,22005.0,42442.0,63983.0,100118.0
26020,"Hobbs, NM Micro Area",2018,23215,50871,22406.0,42494.0,64493.0,105201.0
26020,"Hobbs, NM Micro Area",2019,24478,68457,24275.0,51655.0,80157.0,104631.0
26020,"Hobbs, NM Micro Area",2021,24390,50725,17354.0,39733.0,59834.0,101696.0
26020,"Hobbs, NM Micro Area",2022,25580,58150,23921.0,49969.0,76488.0,121880.0
26020,"Hobbs, NM Micro Area",2023,24812,55736,24313.0,42116.0,75402.0,149395.0
26020,"Hobbs, NM Micro Area",2024,25304,80482,23570.0,52450.0,88743.0,139584.0
26090,"Holland, MI Micro Area",2013,41157,56077,25374.0,45789.0,66149.0,92960.0
26090,"Holland, MI Micro Area",2014,41779,53796,25020.0,42713.0,64215.0,96718.0
26090,"Holland, MI Micro Area",2015,42079,55250,26109.0,44921.0,65409.0,96715.0
26090,"Holland, MI Micro Area",2016,41995,57846,30547.0,48519.0,68988.0,99341.0
26090,"Holland, MI Micro Area",2017,44766,62853,28160.0,48983.0,74334.0,104389.0
26090,"Holland, MI Micro Area",2018,43992,61353,27021.0,50190.0,73088.0,109676.0
26090,"Holland, MI Micro Area",2019,43667,66278,29455.0,53821.0,77998.0,112076.0
26090,"Holland, MI Micro Area",2021,44479,74371,34157.0,62647.0,86957.0,121810.0
26090,"Holland, MI Micro Area",2022,45890,75901,38175.0,63800.0,89967.0,141398.0
26090,"Holland, MI Micro Area",2023,46317,78779,32424.0,62995.0,95063.0,133883.0
26090,"Holland, MI Micro Area",2024,46506,85257,42038.0,70474.0,101547.0,147845.0
26100,"Holland-Grand Haven, MI Metro Area",2005,90064,56984,,,,
26100,"Holland-Grand Haven, MI Metro Area",2006,88386,56576,28962.0,46499.0,67940.0,98435.0
26100,"Holland-Grand Haven, MI Metro Area",2007,92845,53881,26324.0,44772.0,63590.0,91226.0
26100,"Holland-Grand Haven, MI Metro Area",2008,93506,55459,28483.0,46974.0,66797.0,96214.0
26100,"Holland-Grand Haven, MI Metro Area",2009,94556,51047,25400.0,41848.0,61778.0,95635.0
26100,"Holland-Grand Haven, MI Metro Area",2010,91334,53056,25628.0,44421.0,63918.0,93007.0
26100,"Holland-Grand Haven, MI Metro Area",2011,94059,53553,23047.0,42045.0,65308.0,99340.0
26100,"Holland-Grand Haven, MI Metro Area",2012,95048,54323,27311.0,44285.0,65541.0,96739.0
26140,"Homosassa Springs, FL Micro Area",2005,57831,34084,,,,
26140,"Homosassa Springs, FL Micro Area",2006,61256,34973,18176.0,28300.0,42562.0,66314.0
26140,"Homosassa Springs, FL Micro Area",2007,58980,35810,18364.0,29018.0,45312.0,69227.0
26140,"Homosassa Springs, FL Micro Area",2008,56247,38137,18444.0,31043.0,45765.0,69418.0
26140,"Homosassa Springs, FL Micro Area",2009,60522,38128,16893.0,30749.0,46816.0,74721.0
26140,"Homosassa Springs, FL Micro Area",2010,60229,35459,16338.0,28510.0,43511.0,70357.0
26140,"Homosassa Springs, FL Micro Area",2011,60923,33764,17571.0,28072.0,44056.0,69922.0
26140,"Homosassa Springs, FL Micro Area",2012,58640,39322,19793.0,31400.0,47036.0,71949.0
26140,"Homosassa Springs, FL Metro Area",2013,62131,40015,17098.0,30248.0,50276.0,77171.0
26140,"Homosassa Springs, FL Metro Area",2014,60315,35671,16106.0,29685.0,43445.0,70902.0
26140,"Homosassa Springs, FL Metro Area",2015,60541,40294,17363.0,31432.0,47989.0,79024.0
26140,"Homosassa Springs, FL Metro Area",2016,63581,39206,18054.0,30598.0,48261.0,73076.0
26140,"Homosassa Springs, FL Metro Area",2017,61290,43548,21257.0,36921.0,51899.0,76734.0
26140,"Homosassa Springs, FL Metro Area",2018,62293,39964,17836.0,31974.0,48135.0,73227.0
26140,"Homosassa Springs, FL Metro Area",2019,64448,50751,21202.0,37494.0,61683.0,91804.0
26140,"Homosassa Springs, FL Metro Area",2021,68269,47197,20431.0,36800.0,62347.0,94075.0
26140,"Homosassa Springs, FL Metro Area",2022,71493,51532,21705.0,40920.0,62305.0,96899.0
26140,"Homosassa Springs, FL Metro Area",2023,75745,53777,21744.0,42487.0,64953.0,107180.0
26140,"Homosassa Springs, FL Metro Area",2024,71970,59481,24492.0,47935.0,73189.0,120707.0
26180,"Honolulu, HI Metro Area",2005,300557,60485,,,,
26180,"Honolulu, HI Metro Area",2006,299217,63372,28184.0,50839.0,77064.0,117015.0
26180,"Honolulu, HI Metro Area",2007,304611,65367,30536.0,52962.0,79767.0,118527.0
26180,"Honolulu, HI Metro Area",2008,302861,70951,30941.0,57049.0,84681.0,124023.0
26180,"Honolulu, HI Metro Area",2009,309896,67744,29210.0,53812.0,81751.0,120516.0
26180,"Honolulu, HI Metro Area",2010,309154,68537,29977.0,54217.0,82265.0,124072.0
26180,"Honolulu, HI Metro Area",2011,308495,66146,30961.0,54069.0,82339.0,123282.0
26180,"Honolulu, HI Metro Area",2012,308072,71404,31801.0,57903.0,86585.0,126649.0
26300,"Hot Springs, AR Metro Area",2005,39162,31986,,,,
26300,"Hot Springs, AR Metro Area",2006,38005,33688,15884.0,27507.0,42441.0,66769.0
26300,"Hot Springs, AR Metro Area",2007,38741,34947,14807.0,26526.0,44528.0,71729.0
26300,"Hot Springs, AR Metro Area",2008,38289,36922,18702.0,30117.0,45459.0,74435.0
26300,"Hot Springs, AR Metro Area",2009,38203,37678,16941.0,29947.0,47118.0,75807.0
26300,"Hot Springs, AR Metro Area",2010,38369,36482,15318.0,30262.0,45288.0,72366.0
26300,"Hot Springs, AR Metro Area",2011,38087,34251,15417.0,27351.0,42431.0,71450.0
26300,"Hot Springs, AR Metro Area",2012,40656,40893,17542.0,31116.0,50763.0,85894.0
26300,"Hot Springs, AR Metro Area",2013,41865,39589,14808.0,29542.0,51566.0,86334.0
26300,"Hot Springs, AR Metro Area",2014,39045,41032,16485.0,31356.0,51642.0,86352.0
26300,"Hot Springs, AR Metro Area",2015,40134,37013,16067.0,30334.0,46277.0,76116.0
26300,"Hot Springs, AR Metro Area",2016,39309,42826,17722.0,34441.0,53158.0,81221.0
26300,"Hot Springs, AR Metro Area",2017,38594,46101,19478.0,37275.0,54570.0,89071.0
26300,"Hot Springs, AR Metro Area",2018,40407,42779,20576.0,35800.0,59014.0,88238.0
26300,"Hot Springs, AR Metro Area",2019,41743,45265,17141.0,36709.0,54598.0,89205.0
26300,"Hot Springs, AR Metro Area",2021,42077,47694,20668.0,39709.0,62416.0,100154.0
26300,"Hot Springs, AR Metro Area",2022,45340,53145,21301.0,43383.0,63266.0,102144.0
26300,"Hot Springs, AR Metro Area",2023,45243,52275,21396.0,39314.0,64754.0,104169.0
26300,"Hot Springs, AR Metro Area",2024,44723,60453,25721.0,46780.0,76927.0,116079.0
26380,"Houma-Bayou Cane-Thibodaux, LA Metro Area",2005,69973,38038,,,,
26380,"Houma-Bayou Cane-Thibodaux, LA Metro Area",2006,70347,42844,17429.0,33553.0,54713.0,81570.0
26380,"Houma-Bayou Cane-Thibodaux, LA Metro Area",2007,71988,41968,15269.0,32427.0,52624.0,88854.0
26380,"Houma-Bayou Cane-Thibodaux, LA Metro Area",2008,72973,51108,19269.0,39706.0,61366.0,98008.0
26380,"Houma-Bayou Cane-Thibodaux, LA Metro Area",2009,74716,47747,19042.0,38096.0,60014.0,93660.0
26380,"Houma-Bayou Cane-Thibodaux, LA Metro Area",2010,73829,48185,19434.0,37381.0,61811.0,93721.0
26380,"Houma-Bayou Cane-Thibodaux, LA Metro Area",2011,75568,44987,17207.0,34808.0,56445.0,95063.0
26380,"Houma-Bayou Cane-Thibodaux, LA Metro Area",2012,74435,48866,18611.0,38257.0,60316.0,95981.0
26380,"Houma-Thibodaux, LA Metro Area",2013,73418,54070,21570.0,41661.0,68210.0,100040.0
26380,"Houma-Thibodaux, LA Metro Area",2014,74539,45104,20707.0,34793.0,57573.0,97382.0
26380,"Houma-Thibodaux, LA Metro Area",2015,77548,48119,18804.0,35686.0,60123.0,100836.0
26380,"Houma-Thibodaux, LA Metro Area",2016,77301,49929,19401.0,37363.0,62090.0,96317.0
26380,"Houma-Thibodaux, LA Metro Area",2017,77302,47069,17258.0,32820.0,62366.0,100679.0
26380,"Houma-Thibodaux, LA Metro Area",2018,73749,51440,20649.0,39275.0,66655.0,102733.0
26380,"Houma-Thibodaux, LA Metro Area",2019,76932,49874,18685.0,38676.0,67732.0,104397.0
26380,"Houma-Thibodaux, LA Metro Area",2021,82107,61478,19600.0,45606.0,75633.0,112648.0
26380,"Houma-Thibodaux, LA Metro Area",2022,78534,58332,23757.0,44526.0,75396.0,114892.0
26380,"Houma-Bayou Cane-Thibodaux, LA Metro Area",2023,80596,60119,24679.0,45933.0,76356.0,114580.0
26380,"Houma-Bayou Cane-Thibodaux, LA Metro Area",2024,81436,62338,25134.0,48731.0,81860.0,134964.0
26420,"Houston-Sugar Land-Baytown, TX Metro Area",2005,1820951,46705,,,,
26420,"Houston-Sugar Land-Baytown, TX Metro Area",2006,1863152,50250,21303.0,39598.0,62408.0,101310.0
26420,"Houston-Sugar Land-Baytown, TX Metro Area",2007,1896441,52988,22588.0,41136.0,66314.0,108832.0
26420,"Houston-Sugar Land-Baytown, TX Metro Area",2008,1963049,56250,24217.0,45013.0,70800.0,112777.0
26420,"Houston-Sugar Land-Baytown, TX Metro Area",2009,2004427,54146,22913.0,42454.0,68462.0,110004.0
26420,"Houston-Sugar Land-Baytown, TX Metro Area",2010,2022402,53942,22904.0,42491.0,68701.0,110027.0
26420,"Houston-Sugar Land-Baytown, TX Metro Area",2011,2067012,54901,22227.0,42660.0,69870.0,113244.0
26420,"Houston-Sugar Land-Baytown, TX Metro Area",2012,2099897,55910,23481.0,43915.0,71236.0,116791.0
26420,"Houston-The Woodlands-Sugar Land, TX Metro Area",2013,2158139,57366,23566.0,44772.0,72281.0,120966.0
26420,"Houston-The Woodlands-Sugar Land, TX Metro Area",2014,2226123,60072,24758.0,46585.0,75331.0,125083.0
26420,"Houston-The Woodlands-Sugar Land, TX Metro Area",2015,2292992,61465,25645.0,48635.0,77975.0,129039.0
26420,"Houston-The Woodlands-Sugar Land, TX Metro Area",2016,2333038,61708,25785.0,48397.0,78585.0,128959.0
26420,"Houston-The Woodlands-Sugar Land, TX Metro Area",2017,2324758,63802,26760.0,50939.0,81048.0,131158.0
26420,"Houston-The Woodlands-Sugar Land, TX Metro Area",2018,2359266,65394,27155.0,51460.0,82123.0,136121.0
26420,"Houston-The Woodlands-Sugar Land, TX Metro Area",2019,2436438,69193,29630.0,53992.0,86626.0,143177.0
26420,"Houston-The Woodlands-Sugar Land, TX Metro Area",2021,2601401,70893,29729.0,55701.0,89195.0,146333.0
26420,"Houston-The Woodlands-Sugar Land, TX Metro Area",2022,2682645,74863,31823.0,59808.0,95035.0,156681.0
26420,"Houston-Pasadena-The Woodlands, TX Metro Area",2023,2731843,79463,33392.0,62570.0,99512.0,159902.0
26420,"Houston-Pasadena-The Woodlands, TX Metro Area",2024,2768708,81417,33534.0,64743.0,103184.0,171860.0
26580,"Huntington-Ashland, WV-KY-OH Metro Area",2005,114742,31820,,,,
26580,"Huntington-Ashland, WV-KY-OH Metro Area",2006,115705,34545,14444.0,26574.0,44573.0,70460.0
26580,"Huntington-Ashland, WV-KY-OH Metro Area",2007,114287,34903,14722.0,27482.0,43534.0,70958.0
26580,"Huntington-Ashland, WV-KY-OH Metro Area",2008,117570,35536,14870.0,27658.0,45155.0,70556.0
26580,"Huntington-Ashland, WV-KY-OH Metro Area",2009,118401,36066,14923.0,28477.0,45162.0,74359.0
26580,"Huntington-Ashland, WV-KY-OH Metro Area",2010,113825,36022,13812.0,27650.0,46222.0,69182.0
26580,"Huntington-Ashland, WV-KY-OH Metro Area",2011,112805,36894,14384.0,27800.0,47759.0,78785.0
26580,"Huntington-Ashland, WV-KY-OH Metro Area",2012,112510,39160,14550.0,29983.0,49857.0,79218.0
26580,"Huntington-Ashland, WV-KY-OH Metro Area",2013,145100,43543,16507.0,32335.0,55273.0,87104.0
26580,"Huntington-Ashland, WV-KY-OH Metro Area",2014,146108,40830,15695.0,31035.0,50662.0,82487.0
26580,"Huntington-Ashland, WV-KY-OH Metro Area",2015,140735,42237,16094.0,31457.0,52609.0,85086.0
26580,"Huntington-Ashland, WV-KY-OH Metro Area",2016,141737,42420,16871.0,32394.0,52666.0,84693.0
26580,"Huntington-Ashland, WV-KY-OH Metro Area",2017,139983,40646,14328.0,30478.0,54475.0,89131.0
26580,"Huntington-Ashland, WV-KY-OH Metro Area",2018,136769,45535,17043.0,34096.0,56232.0,92616.0
26580,"Huntington-Ashland, WV-KY-OH Metro Area",2019,136687,48329,20420.0,36973.0,60480.0,94790.0
26580,"Huntington-Ashland, WV-KY-OH Metro Area",2021,144383,50456,19363.0,39575.0,61809.0,101534.0
26580,"Huntington-Ashland, WV-KY-OH Metro Area",2022,147441,56806,21517.0,43766.0,70668.0,112579.0
26580,"Huntington-Ashland, WV-KY-OH Metro Area",2023,156188,57815,21985.0,42151.0,71861.0,113541.0
26580,"Huntington-Ashland, WV-KY-OH Metro Area",2024,151790,61741,23446.0,48279.0,77067.0,122879.0
26620,"Huntsville, AL Metro Area",2005,146870,48006,,,,
26620,"Huntsville, AL Metro Area",2006,148226,50331,21277.0,38332.0,62335.0,99959.0
26620,"Huntsville, AL Metro Area",2007,148848,50647,20878.0,40272.0,63716.0,100681.0
26620,"Huntsville, AL Metro Area",2008,153326,53363,23183.0,42710.0,65568.0,103403.0
26620,"Huntsville, AL Metro Area",2009,155251,54550,23986.0,43624.0,69749.0,109618.0
26620,"Huntsville, AL Metro Area",2010,160762,52384,21807.0,41070.0,66416.0,110602.0
26620,"Huntsville, AL Metro Area",2011,165821,51734,21409.0,40843.0,66865.0,108258.0
26620,"Huntsville, AL Metro Area",2012,167556,54617,21952.0,42392.0,70365.0,109781.0
26620,"Huntsville, AL Metro Area",2013,169951,55857,22901.0,42626.0,70439.0,111074.0
26620,"Huntsville, AL Metro Area",2014,172409,56453,22051.0,42652.0,73223.0,116129.0
26620,"Huntsville, AL Metro Area",2015,172549,57792,22367.0,44086.0,72936.0,117763.0
26620,"Huntsville, AL Metro Area",2016,175549,58238,22206.0,45660.0,76283.0,125057.0
26620,"Huntsville, AL Metro Area",2017,180708,61331,23590.0,46489.0,77892.0,123044.0
26620,"Huntsville, AL Metro Area",2018,185056,63765,24959.0,49711.0,79120.0,125390.0
26620,"Huntsville, AL Metro Area",2019,187898,67157,26899.0,51104.0,84408.0,133288.0
26620,"Huntsville, AL Metro Area",2021,205178,76963,33212.0,59275.0,95386.0,152748.0
26620,"Huntsville, AL Metro Area",2022,206490,81066,33401.0,62383.0,101880.0,157636.0
26620,"Huntsville, AL Metro Area",2023,212486,84929,36406.0,67308.0,103726.0,158458.0
26620,"Huntsville, AL Metro Area",2024,215125,87049,39190.0,69448.0,104698.0,166771.0
26660,"Huntsville, TX Micro Area",2010,20670,35806,9581.0,27198.0,46955.0,78594.0
26660,"Huntsville, TX Micro Area",2011,20400,38869,13695.0,30793.0,51945.0,80954.0
26660,"Huntsville, TX Micro Area",2012,20414,36382,15339.0,28948.0,49549.0,83378.0
26660,"Huntsville, TX Micro Area",2013,26010,35456,13766.0,26836.0,48333.0,80223.0
26660,"Huntsville, TX Micro Area",2014,25219,38688,13939.0,30428.0,46939.0,86796.0
26660,"Huntsville, TX Micro Area",2015,27854,39521,14700.0,31228.0,52585.0,77685.0
26660,"Huntsville, TX Micro Area",2016,26350,42199,18604.0,35525.0,52251.0,86066.0
26660,"Huntsville, TX Micro Area",2017,27477,39866,12390.0,31896.0,47681.0,81653.0
26660,"Huntsville, TX Micro Area",2018,27735,40500,11915.0,29148.0,51597.0,92169.0
26660,"Huntsville, TX Micro Area",2019,22201,47170,18657.0,39781.0,59459.0,92855.0
26660,"Huntsville, TX Micro Area",2021,24704,41470,12741.0,32876.0,52990.0,77878.0
26660,"Huntsville, TX Micro Area",2022,26918,51528,17401.0,37986.0,64584.0,106238.0
26660,"Huntsville, TX Micro Area",2023,26539,55134,21376.0,44213.0,66676.0,102261.0
26660,"Huntsville, TX Micro Area",2024,27789,56893,25226.0,51397.0,63188.0,102258.0
26740,"Hutchinson, KS Micro Area",2010,26095,41946,19190.0,32741.0,50571.0,76441.0
26740,"Hutchinson, KS Micro Area",2011,25718,41644,17235.0,35381.0,51830.0,79162.0
26740,"Hutchinson, KS Micro Area",2012,25462,42739,21207.0,32176.0,55243.0,80626.0
26740,"Hutchinson, KS Micro Area",2013,25048,44077,21198.0,38875.0,55021.0,82205.0
26740,"Hutchinson, KS Micro Area",2014,24076,47359,22254.0,39998.0,56212.0,81068.0
26740,"Hutchinson, KS Micro Area",2015,24894,47376,23457.0,39252.0,59894.0,86516.0
26740,"Hutchinson, KS Micro Area",2016,24934,45249,20135.0,36643.0,53482.0,84176.0
26740,"Hutchinson, KS Micro Area",2017,24910,48415,23111.0,39314.0,56748.0,86083.0
26740,"Hutchinson, KS Micro Area",2018,25256,48837,24400.0,40295.0,60500.0,88050.0
26740,"Hutchinson, KS Micro Area",2019,25031,53584,22350.0,44486.0,65239.0,101705.0
26820,"Idaho Falls, ID Metro Area",2005,40405,43918,,,,
26820,"Idaho Falls, ID Metro Area",2006,40778,44713,21425.0,36143.0,54525.0,82506.0
26820,"Idaho Falls, ID Metro Area",2007,43063,50450,25170.0,39992.0,57867.0,89203.0
26820,"Idaho Falls, ID Metro Area",2008,44086,52199,22691.0,41391.0,61754.0,90177.0
26820,"Idaho Falls, ID Metro Area",2009,42954,49039,25665.0,40978.0,60781.0,88951.0
26820,"Idaho Falls, ID Metro Area",2010,43751,50113,22343.0,39997.0,60348.0,90896.0
26820,"Idaho Falls, ID Metro Area",2011,44680,47121,21748.0,38076.0,57443.0,92673.0
26820,"Idaho Falls, ID Metro Area",2012,43620,49200,23432.0,40994.0,60690.0,92824.0
26820,"Idaho Falls, ID Metro Area",2013,45964,50439,25387.0,40834.0,60101.0,86849.0
26820,"Idaho Falls, ID Metro Area",2014,45712,50208,22937.0,39290.0,61647.0,95587.0
26820,"Idaho Falls, ID Metro Area",2015,45611,52689,24788.0,41766.0,64368.0,98824.0
26820,"Idaho Falls, ID Metro Area",2016,48326,60133,28190.0,49468.0,69896.0,112989.0
26820,"Idaho Falls, ID Metro Area",2017,50941,54515,25906.0,45459.0,66514.0,99371.0
26820,"Idaho Falls, ID Metro Area",2018,50354,58880,28998.0,48564.0,71055.0,110377.0
26820,"Idaho Falls, ID Metro Area",2019,51152,63616,27090.0,50861.0,79349.0,117771.0
26820,"Idaho Falls, ID Metro Area",2021,54348,70559,34443.0,58017.0,82886.0,129072.0
26820,"Idaho Falls, ID Metro Area",2022,54935,74511,36248.0,60422.0,86335.0,133490.0
26820,"Idaho Falls, ID Metro Area",2023,56728,75824,37354.0,62918.0,95900.0,141686.0
26820,"Idaho Falls, ID Metro Area",2024,57508,85767,42688.0,70519.0,101479.0,144561.0
26860,"Indiana, PA Micro Area",2005,34449,32356,,,,
26860,"Indiana, PA Micro Area",2006,34260,38735,15712.0,29686.0,46303.0,69774.0
26860,"Indiana, PA Micro Area",2007,35134,33441,13503.0,25371.0,44105.0,76172.0
26860,"Indiana, PA Micro Area",2008,34362,41687,19146.0,33911.0,51049.0,77847.0
26860,"Indiana, PA Micro Area",2009,34485,39582,16361.0,31889.0,49260.0,74731.0
26860,"Indiana, PA Micro Area",2010,34310,41162,15797.0,31456.0,52249.0,79602.0
26860,"Indiana, PA Micro Area",2011,34709,42498,17255.0,33313.0,52075.0,82428.0
26860,"Indiana, PA Micro Area",2012,34934,44403,16714.0,33480.0,53312.0,81873.0
26860,"Indiana, PA Micro Area",2013,33516,45266,18112.0,34960.0,54708.0,85598.0
26860,"Indiana, PA Micro Area",2014,34536,42431,19511.0,35093.0,52248.0,82686.0
26860,"Indiana, PA Micro Area",2015,33066,46990,18920.0,35066.0,58602.0,86851.0
26860,"Indiana, PA Micro Area",2016,34786,42962,18311.0,33662.0,56068.0,87583.0
26860,"Indiana, PA Micro Area",2017,33664,46237,19936.0,35651.0,56736.0,89212.0
26860,"Indiana, PA Micro Area",2018,33098,49448,20106.0,39710.0,61242.0,93827.0
26860,"Indiana, PA Micro Area",2019,30704,51914,22266.0,42005.0,68856.0,108145.0
26860,"Indiana, PA Micro Area",2021,32956,52023,22457.0,41132.0,66503.0,100866.0
26860,"Indiana, PA Micro Area",2022,32060,52361,23589.0,41294.0,68011.0,107707.0
26860,"Indiana, PA Micro Area",2023,32454,57505,23480.0,44616.0,68455.0,112541.0
26860,"Indiana, PA Micro Area",2024,31921,62945,22635.0,52065.0,77738.0,116029.0
26900,"Indianapolis, IN Metro Area",2005,650300,49888,,,,
26900,"Indianapolis-Carmel, IN Metro Area",2006,644556,50841,22890.0,40733.0,61719.0,94100.0
26900,"Indianapolis-Carmel, IN Metro Area",2007,657445,53101,24485.0,42971.0,65014.0,98721.0
26900,"Indianapolis-Carmel, IN Metro Area",2008,666553,53671,23896.0,42604.0,67471.0,102802.0
26900,"Indianapolis-Carmel, IN Metro Area",2009,667555,50410,22460.0,40115.0,62077.0,98873.0
26900,"Indianapolis-Carmel, IN Metro Area",2010,669860,48867,21369.0,38451.0,61107.0,96960.0
26900,"Indianapolis-Carmel, IN Metro Area",2011,674976,50826,22279.0,40182.0,62291.0,99378.0
26900,"Indianapolis-Carmel, IN Metro Area",2012,682276,51808,21886.0,41217.0,65563.0,101939.0
26900,"Indianapolis-Carmel-Anderson, IN Metro Area",2013,739503,51087,21717.0,40679.0,63954.0,100481.0
26900,"Indianapolis-Carmel-Anderson, IN Metro Area",2014,744765,52268,22444.0,42464.0,65193.0,102827.0
26900,"Indianapolis-Carmel-Anderson, IN Metro Area",2015,755100,54322,23686.0,42250.0,68364.0,108714.0
26900,"Indianapolis-Carmel-Anderson, IN Metro Area",2016,765240,56750,24438.0,44564.0,71421.0,111508.0
26900,"Indianapolis-Carmel-Anderson, IN Metro Area",2017,773361,59566,25850.0,47339.0,73743.0,117500.0
26900,"Indianapolis-Carmel-Anderson, IN Metro Area",2018,783345,61022,26538.0,48603.0,75392.0,117152.0
26900,"Indianapolis-Carmel-Anderson, IN Metro Area",2019,793781,62502,28034.0,50762.0,79018.0,125919.0
26900,"Indianapolis-Carmel-Anderson, IN Metro Area",2021,834540,70224,31841.0,56757.0,85158.0,134683.0
26900,"Indianapolis-Carmel-Anderson, IN Metro Area",2022,852384,75824,32225.0,59356.0,92532.0,145732.0
26900,"Indianapolis-Carmel-Greenwood, IN Metro Area",2023,862092,77947,35295.0,63313.0,97114.0,151606.0
26900,"Indianapolis-Carmel-Greenwood, IN Metro Area",2024,869616,80239,36296.0,64708.0,99887.0,155867.0
26980,"Iowa City, IA Metro Area",2005,57769,43138,,,,
26980,"Iowa City, IA Metro Area",2006,58652,46174,17253.0,37345.0,56547.0,89461.0
26980,"Iowa City, IA Metro Area",2007,59020,51319,19420.0,40988.0,61232.0,94618.0
26980,"Iowa City, IA Metro Area",2008,57692,53786,21650.0,42627.0,68147.0,98649.0
26980,"Iowa City, IA Metro Area",2009,60765,48767,17338.0,38096.0,60226.0,95636.0
26980,"Iowa City, IA Metro Area",2010,61883,48425,20048.0,38912.0,61793.0,95473.0
26980,"Iowa City, IA Metro Area",2011,63209,52602,19317.0,40210.0,64629.0,96101.0
26980,"Iowa City, IA Metro Area",2012,64540,52767,20808.0,40694.0,67027.0,104943.0
26980,"Iowa City, IA Metro Area",2013,64564,52220,23045.0,41006.0,68788.0,108134.0
26980,"Iowa City, IA Metro Area",2014,64409,59791,21866.0,44848.0,77125.0,113683.0
26980,"Iowa City, IA Metro Area",2015,64183,55332,20938.0,42742.0,72380.0,108639.0
26980,"Iowa City, IA Metro Area",2016,65343,57777,19848.0,45342.0,73636.0,117146.0
26980,"Iowa City, IA Metro Area",2017,67822,60888,23735.0,48263.0,75028.0,121144.0
26980,"Iowa City, IA Metro Area",2018,69686,64635,22405.0,48656.0,81660.0,125055.0
26980,"Iowa City, IA Metro Area",2019,70169,63761,26053.0,49822.0,82188.0,125063.0
26980,"Iowa City, IA Metro Area",2021,69788,66216,29467.0,54980.0,87931.0,145273.0
26980,"Iowa City, IA Metro Area",2022,72536,72634,27750.0,56199.0,89979.0,141168.0
26980,"Iowa City, IA Metro Area",2023,73376,71905,28520.0,55953.0,88666.0,139085.0
26980,"Iowa City, IA Metro Area",2024,75506,75225,28081.0,59633.0,93996.0,147338.0
27060,"Ithaca, NY Metro Area",2005,36514,43306,,,,
27060,"Ithaca, NY Metro Area",2006,37861,45534,18406.0,37819.0,56991.0,95354.0
27060,"Ithaca, NY Metro Area",2007,37644,43392,16358.0,32991.0,56102.0,94989.0
27060,"Ithaca, NY Metro Area",2008,37443,48567,20084.0,39107.0,60250.0,97827.0
27060,"Ithaca, NY Metro Area",2009,38291,45010,18923.0,35229.0,58211.0,98619.0
27060,"Ithaca, NY Metro Area",2010,37812,52064,18518.0,39053.0,63792.0,104670.0
27060,"Ithaca, NY Metro Area",2011,39145,51586,16032.0,38951.0,66168.0,104983.0
27060,"Ithaca, NY Metro Area",2012,38269,49930,19621.0,40342.0,63070.0,110271.0
27060,"Ithaca, NY Metro Area",2013,37524,48516,20097.0,37578.0,62325.0,103340.0
27060,"Ithaca, NY Metro Area",2014,38120,52885,20921.0,40041.0,68844.0,107126.0
27060,"Ithaca, NY Metro Area",2015,38112,58084,20689.0,45308.0,69978.0,115439.0
27060,"Ithaca, NY Metro Area",2016,37683,56349,18897.0,46311.0,68813.0,109661.0
27060,"Ithaca, NY Metro Area",2017,40230,56672,20052.0,41803.0,70016.0,112493.0
27060,"Ithaca, NY Metro Area",2018,40250,57276,23546.0,43646.0,72754.0,120188.0
27060,"Ithaca, NY Metro Area",2019,40322,58626,23018.0,44716.0,69221.0,126654.0
27060,"Ithaca, NY Metro Area",2021,44469,66441,27784.0,53103.0,79377.0,131784.0
27060,"Ithaca, NY Metro Area",2022,42108,74034,24660.0,60557.0,92030.0,145577.0
27060,"Ithaca, NY Metro Area",2023,43054,67247,26747.0,49254.0,87054.0,151830.0
27060,"Ithaca, NY Metro Area",2024,42058,71948,30278.0,56881.0,93447.0,153682.0
27100,"Jackson, MI Metro Area",2005,59883,47053,,,,
27100,"Jackson, MI Metro Area",2006,60543,42912,18585.0,34884.0,53131.0,79242.0
27100,"Jackson, MI Metro Area",2007,60965,43328,18006.0,34761.0,52505.0,79754.0
27100,"Jackson, MI Metro Area",2008,58512,46896,22084.0,38302.0,59613.0,86354.0
27100,"Jackson, MI Metro Area",2009,60137,46650,21086.0,37569.0,56712.0,81495.0
27100,"Jackson, MI Metro Area",2010,58388,42862,16813.0,33220.0,52680.0,82204.0
27100,"Jackson, MI Metro Area",2011,58736,41686,19478.0,33556.0,53733.0,80106.0
27100,"Jackson, MI Metro Area",2012,60420,42653,17302.0,34146.0,52381.0,81342.0
27100,"Jackson, MI Metro Area",2013,61235,43668,17410.0,35239.0,56921.0,84881.0
27100,"Jackson, MI Metro Area",2014,61686,45371,19775.0,34112.0,57827.0,89312.0
27100,"Jackson, MI Metro Area",2015,59292,50783,21295.0,40989.0,61611.0,93455.0
27100,"Jackson, MI Metro Area",2016,59993,50009,22709.0,40238.0,60545.0,93521.0
27100,"Jackson, MI Metro Area",2017,62220,50258,23265.0,40878.0,62478.0,97153.0
27100,"Jackson, MI Metro Area",2018,62598,51031,21483.0,38821.0,61958.0,97593.0
27100,"Jackson, MI Metro Area",2019,61403,55124,22835.0,42724.0,70308.0,101213.0
27100,"Jackson, MI Metro Area",2021,61937,58254,28301.0,47940.0,71545.0,112177.0
27100,"Jackson, MI Metro Area",2022,63368,59059,28298.0,46754.0,74244.0,109604.0
27100,"Jackson, MI Metro Area",2023,61851,63338,29620.0,51523.0,76620.0,117046.0
27100,"Jackson, MI Metro Area",2024,63446,66155,31849.0,54221.0,82903.0,130002.0
27140,"Jackson, MS Metro Area",2005,193204,39515,,,,
27140,"Jackson, MS Metro Area",2006,192004,41984,16616.0,32257.0,52342.0,84313.0
27140,"Jackson, MS Metro Area",2007,196347,44351,18181.0,34531.0,56213.0,92062.0
27140,"Jackson, MS Metro Area",2008,197846,46111,17661.0,35537.0,58026.0,92522.0
27140,"Jackson, MS Metro Area",2009,195776,44104,18040.0,34006.0,54969.0,85952.0
27140,"Jackson, MS Metro Area",2010,197941,42501,17938.0,34455.0,54978.0,87876.0
27140,"Jackson, MS Metro Area",2011,198067,43732,18145.0,33975.0,56981.0,92250.0
27140,"Jackson, MS Metro Area",2012,196282,42604,17411.0,33516.0,54891.0,93685.0
27140,"Jackson, MS Metro Area",2013,207205,43611,16123.0,33263.0,55424.0,89910.0
27140,"Jackson, MS Metro Area",2014,206952,46967,18393.0,36123.0,60063.0,98356.0
27140,"Jackson, MS Metro Area",2015,210443,46757,18566.0,36731.0,59954.0,97803.0
27140,"Jackson, MS Metro Area",2016,213266,50632,21272.0,40397.0,62986.0,102524.0
27140,"Jackson, MS Metro Area",2017,211178,52434,21462.0,40968.0,65637.0,101696.0
27140,"Jackson, MS Metro Area",2018,210166,55700,22930.0,43700.0,67735.0,104802.0
27140,"Jackson, MS Metro Area",2019,218853,52426,21846.0,41595.0,65338.0,107781.0
27140,"Jackson, MS Metro Area",2021,228001,54123,21258.0,41658.0,67308.0,109933.0
27140,"Jackson, MS Metro Area",2022,224102,58064,24136.0,45235.0,73250.0,125001.0
27140,"Jackson, MS Metro Area",2023,240218,58592,23580.0,46040.0,73009.0,120610.0
27140,"Jackson, MS Metro Area",2024,241889,64835,26927.0,49818.0,81997.0,127066.0
27180,"Jackson, TN Metro Area",2005,43254,38345,,,,
27180,"Jackson, TN Metro Area",2006,44736,36674,13339.0,30106.0,47853.0,76516.0
27180,"Jackson, TN Metro Area",2007,45017,37289,13926.0,29638.0,49995.0,77354.0
27180,"Jackson, TN Metro Area",2008,44336,42620,17537.0,33513.0,52550.0,82033.0
27180,"Jackson, TN Metro Area",2009,42764,38976,14934.0,30829.0,47659.0,75684.0
27180,"Jackson, TN Metro Area",2010,39618,40464,17662.0,33134.0,50426.0,80974.0
27180,"Jackson, TN Metro Area",2011,41118,38170,14718.0,30369.0,50230.0,78354.0
27180,"Jackson, TN Metro Area",2012,43040,42270,15068.0,30742.0,54940.0,82984.0
27180,"Jackson, TN Metro Area",2013,47027,38663,15347.0,30336.0,49270.0,81290.0
27180,"Jackson, TN Metro Area",2014,49095,40338,15914.0,31055.0,51103.0,81847.0
27180,"Jackson, TN Metro Area",2015,49318,46553,20689.0,36630.0,56635.0,92634.0
27180,"Jackson, TN Metro Area",2016,48047,42373,17743.0,35498.0,51567.0,84159.0
27180,"Jackson, TN Metro Area",2017,47865,43570,19470.0,34677.0,56291.0,86651.0
27180,"Jackson, TN Metro Area",2018,50548,45610,17775.0,37216.0,57791.0,93363.0
27180,"Jackson, TN Metro Area",2019,70379,48700,20370.0,37304.0,58998.0,91487.0
27180,"Jackson, TN Metro Area",2021,71462,52186,20217.0,41077.0,65269.0,105156.0
27180,"Jackson, TN Metro Area",2022,70592,55720,25069.0,44697.0,73054.0,114294.0
27180,"Jackson, TN Metro Area",2023,73444,59532,24101.0,45561.0,71120.0,112747.0
27180,"Jackson, TN Metro Area",2024,75841,62566,24483.0,48367.0,75774.0,115285.0
27260,"Jacksonville, FL Metro Area",2005,489797,47323,,,,
27260,"Jacksonville, FL Metro Area",2006,496366,49736,22103.0,39748.0,60803.0,92347.0
27260,"Jacksonville, FL Metro Area",2007,506456,51871,24476.0,41761.0,62877.0,96286.0
27260,"Jacksonville, FL Metro Area",2008,501388,54522,25514.0,43558.0,66105.0,99805.0
27260,"Jacksonville, FL Metro Area",2009,505657,50010,22959.0,40050.0,62156.0,94910.0
27260,"Jacksonville, FL Metro Area",2010,503541,50324,21398.0,39849.0,61124.0,93724.0
27260,"Jacksonville, FL Metro Area",2011,508966,50130,21127.0,39526.0,61581.0,97917.0
27260,"Jacksonville, FL Metro Area",2012,508977,48118,20325.0,38073.0,60413.0,96178.0
27260,"Jacksonville, FL Metro Area",2013,516144,51495,22554.0,40953.0,63985.0,101562.0
27260,"Jacksonville, FL Metro Area",2014,528993,51117,22753.0,40281.0,64138.0,102129.0
27260,"Jacksonville, FL Metro Area",2015,536299,53221,23524.0,42421.0,66764.0,105324.0
27260,"Jacksonville, FL Metro Area",2016,551172,56840,25825.0,46320.0,70340.0,109036.0
27260,"Jacksonville, FL Metro Area",2017,560169,58709,25837.0,46149.0,72010.0,110780.0
27260,"Jacksonville, FL Metro Area",2018,575423,60238,25885.0,48271.0,73738.0,116712.0
27260,"Jacksonville, FL Metro Area",2019,584381,65880,29080.0,52480.0,80289.0,125506.0
27260,"Jacksonville, FL Metro Area",2021,644887,68394,30469.0,54036.0,84069.0,131997.0
27260,"Jacksonville, FL Metro Area",2022,672026,77583,34151.0,61807.0,95272.0,144349.0
27260,"Jacksonville, FL Metro Area",2023,693081,77044,32907.0,61721.0,95176.0,148551.0
27260,"Jacksonville, FL Metro Area",2024,707683,82053,36927.0,66266.0,101952.0,158714.0
27340,"Jacksonville, NC Metro Area",2005,51090,41242,,,,
27340,"Jacksonville, NC Metro Area",2006,53631,38991,20047.0,31853.0,48316.0,71150.0
27340,"Jacksonville, NC Metro Area",2007,53718,42143,21685.0,34330.0,50600.0,80544.0
27340,"Jacksonville, NC Metro Area",2008,56617,48017,21167.0,37457.0,56593.0,89068.0
27340,"Jacksonville, NC Metro Area",2009,59865,41231,21724.0,34938.0,47938.0,73192.0
27340,"Jacksonville, NC Metro Area",2010,60242,41787,21970.0,35942.0,50968.0,74916.0
27340,"Jacksonville, NC Metro Area",2011,59806,45573,20280.0,35890.0,53145.0,71927.0
27340,"Jacksonville, NC Metro Area",2012,61842,44250,24008.0,38004.0,50054.0,76682.0
27340,"Jacksonville, NC Metro Area",2013,60764,44673,20652.0,36306.0,52190.0,76926.0
27340,"Jacksonville, NC Metro Area",2014,61873,47581,21863.0,38621.0,55948.0,79715.0
27340,"Jacksonville, NC Metro Area",2015,64771,45832,21915.0,36778.0,55683.0,81889.0
27340,"Jacksonville, NC Metro Area",2016,61766,47150,25085.0,39494.0,58473.0,84377.0
27340,"Jacksonville, NC Metro Area",2017,62941,49883,26536.0,43427.0,62834.0,90804.0
27340,"Jacksonville, NC Metro Area",2018,66834,50639,25252.0,42388.0,60418.0,89935.0
27340,"Jacksonville, NC Metro Area",2019,63604,49544,23430.0,41853.0,59205.0,94749.0
27340,"Jacksonville, NC Metro Area",2021,73121,55534,25241.0,45287.0,66398.0,97482.0
27340,"Jacksonville, NC Metro Area",2022,75898,62460,30045.0,49918.0,78373.0,118872.0
27340,"Jacksonville, NC Metro Area",2023,76788,67597,32942.0,56155.0,78974.0,122708.0
27340,"Jacksonville, NC Metro Area",2024,80379,73004,34138.0,59160.0,83025.0,121841.0
27460,"Jamestown-Dunkirk-Fredonia, NY Micro Area",2005,55113,35495,,,,
27460,"Jamestown-Dunkirk-Fredonia, NY Micro Area",2006,54003,37950,16211.0,30145.0,46045.0,69466.0
27460,"Jamestown-Dunkirk-Fredonia, NY Micro Area",2007,54556,38942,17116.0,32875.0,47134.0,70078.0
27460,"Jamestown-Dunkirk-Fredonia, NY Micro Area",2008,54710,39904,15417.0,30696.0,49605.0,75567.0
27460,"Jamestown-Dunkirk-Fredonia, NY Micro Area",2009,54668,37849,16772.0,30103.0,49071.0,72793.0
27460,"Jamestown-Dunkirk-Fredonia, NY Micro Area",2010,55362,40443,16726.0,31321.0,50397.0,77259.0
27460,"Jamestown-Dunkirk-Fredonia, NY Micro Area",2011,56033,40927,16799.0,31561.0,48429.0,73428.0
27460,"Jamestown-Dunkirk-Fredonia, NY Micro Area",2012,51814,41376,16841.0,32115.0,51009.0,79379.0
27460,"Jamestown-Dunkirk-Fredonia, NY Micro Area",2013,54551,40413,16601.0,31563.0,50459.0,77684.0
27460,"Jamestown-Dunkirk-Fredonia, NY Micro Area",2014,52916,41808,16468.0,32791.0,51503.0,82320.0
27460,"Jamestown-Dunkirk-Fredonia, NY Micro Area",2015,51579,44460,17976.0,35242.0,55382.0,84244.0
27460,"Jamestown-Dunkirk-Fredonia, NY Micro Area",2016,51705,42204,19027.0,33829.0,53523.0,85538.0
27460,"Jamestown-Dunkirk-Fredonia, NY Micro Area",2017,51985,46079,18549.0,35708.0,55433.0,86979.0
27460,"Jamestown-Dunkirk-Fredonia, NY Micro Area",2018,53429,45479,17368.0,34836.0,57339.0,91298.0
27460,"Jamestown-Dunkirk-Fredonia, NY Micro Area",2019,55345,50272,18394.0,38475.0,63197.0,105057.0
27460,"Jamestown-Dunkirk-Fredonia, NY Micro Area",2021,53309,46661,18786.0,36251.0,60133.0,95001.0
27460,"Jamestown-Dunkirk-Fredonia, NY Micro Area",2022,54431,55457,24098.0,44526.0,70273.0,114497.0
27460,"Jamestown-Dunkirk, NY Micro Area",2023,54284,55234,23429.0,45059.0,70739.0,107011.0
27460,"Jamestown-Dunkirk, NY Micro Area",2024,54074,59537,24698.0,46618.0,74127.0,112563.0
27500,"Janesville, WI Metro Area",2005,61396,46267,,,,
27500,"Janesville, WI Metro Area",2006,62362,46190,20825.0,37048.0,58281.0,82379.0
27500,"Janesville, WI Metro Area",2007,62566,48663,23155.0,38518.0,58474.0,88426.0
27500,"Janesville, WI Metro Area",2008,62229,51400,23115.0,42040.0,62766.0,90761.0
27500,"Janesville, WI Metro Area",2009,63326,48975,23060.0,38024.0,59473.0,82550.0
27500,"Janesville, WI Metro Area",2010,62555,46758,21691.0,38751.0,56319.0,84075.0
27500,"Janesville, WI Metro Area",2011,63615,47559,20522.0,37489.0,57777.0,88427.0
27500,"Janesville, WI Metro Area",2012,63287,45989,20884.0,36920.0,55655.0,85052.0
27500,"Janesville-Beloit, WI Metro Area",2013,64088,47118,22559.0,36861.0,60439.0,88673.0
27500,"Janesville-Beloit, WI Metro Area",2014,63037,50610,25245.0,41660.0,62855.0,96544.0
27500,"Janesville-Beloit, WI Metro Area",2015,65054,53777,23203.0,42939.0,65044.0,95001.0
27500,"Janesville-Beloit, WI Metro Area",2016,63222,50729,22175.0,39972.0,62142.0,96857.0
27500,"Janesville-Beloit, WI Metro Area",2017,64878,55304,22829.0,44981.0,66888.0,95343.0
27500,"Janesville-Beloit, WI Metro Area",2018,64632,57037,26971.0,45830.0,68705.0,100739.0
27500,"Janesville-Beloit, WI Metro Area",2019,65316,61243,28505.0,48284.0,73098.0,106253.0
27500,"Janesville-Beloit, WI Metro Area",2021,67876,66090,30541.0,55173.0,79244.0,118032.0
27500,"Janesville-Beloit, WI Metro Area",2022,67422,66451,33371.0,56560.0,81219.0,117615.0
27500,"Janesville-Beloit, WI Metro Area",2023,66220,73440,35477.0,57336.0,88972.0,131139.0
27500,"Janesville-Beloit, WI Metro Area",2024,68089,70556,32296.0,54745.0,88823.0,136875.0
27600,"Jefferson, GA Micro Area",2017,23785,66557,31954.0,53647.0,76689.0,118892.0
27600,"Jefferson, GA Micro Area",2018,23640,73150,34250.0,61986.0,89899.0,127824.0
27600,"Jefferson, GA Micro Area",2019,25180,65063,25915.0,50332.0,84230.0,122350.0
27600,"Jefferson, GA Micro Area",2021,25272,72116,28701.0,56240.0,86520.0,131903.0
27600,"Jefferson, GA Micro Area",2022,28145,83843,37241.0,66124.0,100467.0,143050.0
27600,"Jefferson, GA Micro Area",2023,30300,84749,42960.0,73919.0,98766.0,144629.0
27600,"Jefferson, GA Micro Area",2024,32367,94485,46321.0,75105.0,113731.0,170264.0
27620,"Jefferson City, MO Metro Area",2005,53882,45642,,,,
27620,"Jefferson City, MO Metro Area",2006,53505,45648,20196.0,37397.0,54407.0,80553.0
27620,"Jefferson City, MO Metro Area",2007,56238,44711,21341.0,36562.0,55995.0,83156.0
27620,"Jefferson City, MO Metro Area",2008,56202,55199,26002.0,43461.0,64251.0,91530.0
27620,"Jefferson City, MO Metro Area",2009,54943,50600,21562.0,39976.0,60986.0,88309.0
27620,"Jefferson City, MO Metro Area",2010,56355,51742,21471.0,40852.0,62209.0,88366.0
27620,"Jefferson City, MO Metro Area",2011,57184,50708,22109.0,42215.0,60760.0,88126.0
27620,"Jefferson City, MO Metro Area",2012,57934,46835,21613.0,36104.0,57373.0,88918.0
27620,"Jefferson City, MO Metro Area",2013,53981,47586,21930.0,40045.0,58008.0,89392.0
27620,"Jefferson City, MO Metro Area",2014,55887,51329,23358.0,40445.0,61420.0,89101.0
27620,"Jefferson City, MO Metro Area",2015,55448,55069,23542.0,44385.0,67464.0,96268.0
27620,"Jefferson City, MO Metro Area",2016,55366,55031,27535.0,46753.0,67633.0,99076.0
27620,"Jefferson City, MO Metro Area",2017,54732,52579,24989.0,44904.0,65718.0,100083.0
27620,"Jefferson City, MO Metro Area",2018,57053,60281,28536.0,49332.0,71437.0,108099.0
27620,"Jefferson City, MO Metro Area",2019,59727,60786,25886.0,51522.0,72048.0,103908.0
27620,"Jefferson City, MO Metro Area",2021,55812,63942,27930.0,51004.0,74265.0,117551.0
27620,"Jefferson City, MO Metro Area",2022,57464,71396,30405.0,55755.0,88611.0,120200.0
27620,"Jefferson City, MO Metro Area",2023,59911,68629,28993.0,53058.0,82853.0,127742.0
27620,"Jefferson City, MO Metro Area",2024,62284,73164,34175.0,59214.0,88795.0,136332.0
27740,"Johnson City, TN Metro Area",2005,76601,37238,,,,
27740,"Johnson City, TN Metro Area",2006,74998,34203,14401.0,27730.0,43063.0,67079.0
27740,"Johnson City, TN Metro Area",2007,77952,35928,14645.0,27659.0,45907.0,72971.0
27740,"Johnson City, TN Metro Area",2008,77923,40792,16272.0,31678.0,50432.0,71474.0
27740,"Johnson City, TN Metro Area",2009,80350,34495,14946.0,26496.0,43968.0,73991.0
27740,"Johnson City, TN Metro Area",2010,82383,36791,14675.0,29460.0,47338.0,76194.0
27740,"Johnson City, TN Metro Area",2011,83707,36550,15515.0,29836.0,47372.0,80946.0
27740,"Johnson City, TN Metro Area",2012,83530,39137,16226.0,29632.0,48630.0,73980.0
27740,"Johnson City, TN Metro Area",2013,83446,37423,15282.0,27876.0,46179.0,74165.0
27740,"Johnson City, TN Metro Area",2014,84847,38813,16308.0,30810.0,49100.0,75494.0
27740,"Johnson City, TN Metro Area",2015,83074,40388,16371.0,31656.0,50360.0,77587.0
27740,"Johnson City, TN Metro Area",2016,83349,40943,18248.0,31306.0,50508.0,84827.0
27740,"Johnson City, TN Metro Area",2017,83579,40663,17715.0,32485.0,51676.0,87738.0
27740,"Johnson City, TN Metro Area",2018,85430,45839,18694.0,35975.0,58271.0,91425.0
27740,"Johnson City, TN Metro Area",2019,89021,45917,17454.0,34909.0,58676.0,100121.0
27740,"Johnson City, TN Metro Area",2021,86767,51119,20796.0,40543.0,63206.0,107620.0
27740,"Johnson City, TN Metro Area",2022,88924,58660,23253.0,45440.0,72285.0,117877.0
27740,"Johnson City, TN Metro Area",2023,91198,56846,23076.0,45096.0,72772.0,108171.0
27740,"Johnson City, TN Metro Area",2024,90662,57462,27310.0,46658.0,72940.0,117882.0
27780,"Johnstown, PA Metro Area",2005,61194,34841,,,,
27780,"Johnstown, PA Metro Area",2006,58862,34387,15797.0,26773.0,44252.0,71174.0
27780,"Johnstown, PA Metro Area",2007,57721,37495,15874.0,30271.0,46930.0,71634.0
27780,"Johnstown, PA Metro Area",2008,59461,38071,15724.0,29940.0,47289.0,73772.0
27780,"Johnstown, PA Metro Area",2009,59216,38870,16890.0,30470.0,49810.0,75189.0
27780,"Johnstown, PA Metro Area",2010,59030,41220,19158.0,31932.0,49947.0,74834.0
27780,"Johnstown, PA Metro Area",2011,57348,40253,17537.0,31565.0,49879.0,77791.0
27780,"Johnstown, PA Metro Area",2012,58228,39969,16079.0,31796.0,49997.0,79012.0
27780,"Johnstown, PA Metro Area",2013,57407,41423,16723.0,32550.0,52942.0,82108.0
27780,"Johnstown, PA Metro Area",2014,57004,43224,17832.0,33170.0,54396.0,86434.0
27780,"Johnstown, PA Metro Area",2015,57044,44179,17335.0,34145.0,55917.0,83149.0
27780,"Johnstown, PA Metro Area",2016,56443,44100,19458.0,35913.0,55217.0,87420.0
27780,"Johnstown, PA Metro Area",2017,56023,46598,19906.0,36356.0,57568.0,90123.0
27780,"Johnstown, PA Metro Area",2018,56483,45084,19663.0,35901.0,58848.0,92684.0
27780,"Johnstown, PA Metro Area",2019,56490,49076,19878.0,37983.0,61711.0,92208.0
27780,"Johnstown, PA Metro Area",2021,55283,52995,23314.0,41576.0,67910.0,103193.0
27780,"Johnstown, PA Metro Area",2022,55225,54905,20047.0,43311.0,67373.0,109328.0
27780,"Johnstown, PA Metro Area",2023,57282,55748,24120.0,45056.0,70344.0,113294.0
27780,"Johnstown, PA Metro Area",2024,58011,61786,26010.0,49934.0,77307.0,115594.0
27860,"Jonesboro, AR Metro Area",2005,44124,32157,,,,
27860,"Jonesboro, AR Metro Area",2006,43271,37631,12961.0,28989.0,46310.0,71526.0
27860,"Jonesboro, AR Metro Area",2007,46246,37066,14169.0,29497.0,50485.0,77670.0
27860,"Jonesboro, AR Metro Area",2008,46964,36943,14194.0,28343.0,47799.0,77755.0
27860,"Jonesboro, AR Metro Area",2009,46513,36792,14519.0,29892.0,48032.0,74737.0
27860,"Jonesboro, AR Metro Area",2010,46614,35526,14979.0,28191.0,45125.0,73990.0
27860,"Jonesboro, AR Metro Area",2011,46977,34673,14021.0,26186.0,47762.0,79279.0
27860,"Jonesboro, AR Metro Area",2012,47481,41551,17676.0,33177.0,51426.0,82440.0
27860,"Jonesboro, AR Metro Area",2013,47799,39552,16748.0,32611.0,48914.0,81560.0
27860,"Jonesboro, AR Metro Area",2014,48043,40751,16966.0,31999.0,48622.0,77769.0
27860,"Jonesboro, AR Metro Area",2015,48943,37378,17163.0,29737.0,48880.0,81067.0
27860,"Jonesboro, AR Metro Area",2016,49513,41717,17367.0,33641.0,50861.0,84633.0
27860,"Jonesboro, AR Metro Area",2017,51087,48929,21583.0,38445.0,58104.0,97435.0
27860,"Jonesboro, AR Metro Area",2018,52335,43927,17948.0,33733.0,53987.0,89373.0
27860,"Jonesboro, AR Metro Area",2019,51288,44998,19421.0,34434.0,61903.0,100528.0
27860,"Jonesboro, AR Metro Area",2021,51155,47935,17323.0,36948.0,61828.0,108262.0
27860,"Jonesboro, AR Metro Area",2022,53427,59582,20911.0,45316.0,78691.0,123238.0
27860,"Jonesboro, AR Metro Area",2023,56301,58550,27853.0,44701.0,71307.0,105441.0
27860,"Jonesboro, AR Metro Area",2024,54595,55486,21524.0,44385.0,70160.0,128007.0
27900,"Joplin, MO Metro Area",2005,64480,34026,,,,
27900,"Joplin, MO Metro Area",2006,63853,35145,15962.0,28384.0,43914.0,65427.0
27900,"Joplin, MO Metro Area",2007,63928,38567,16324.0,30808.0,47103.0,71605.0
27900,"Joplin, MO Metro Area",2008,65159,39557,17156.0,30030.0,48512.0,70713.0
27900,"Joplin, MO Metro Area",2009,62321,38541,16136.0,30882.0,47435.0,70798.0
27900,"Joplin, MO Metro Area",2010,66336,38448,17287.0,30634.0,48796.0,75452.0
27900,"Joplin, MO Metro Area",2011,66759,40952,18820.0,32420.0,50364.0,77644.0
27900,"Joplin, MO Metro Area",2012,68745,38229,16251.0,30810.0,48486.0,75547.0
27900,"Joplin, MO Metro Area",2013,67701,40852,19193.0,32614.0,50807.0,80487.0
27900,"Joplin, MO Metro Area",2014,66564,42705,18517.0,33542.0,53310.0,82980.0
27900,"Joplin, MO Metro Area",2015,67439,45089,22887.0,38330.0,55710.0,86743.0
27900,"Joplin, MO Metro Area",2016,67380,45876,21552.0,36856.0,55828.0,85733.0
27900,"Joplin, MO Metro Area",2017,69136,48979,21449.0,38705.0,61408.0,84501.0
27900,"Joplin, MO Metro Area",2018,71145,47012,22233.0,38139.0,57478.0,88636.0
27900,"Joplin, MO Metro Area",2019,67167,48909,21866.0,39071.0,58806.0,87884.0
27900,"Joplin, MO Metro Area",2021,69646,55045,24093.0,43428.0,65889.0,105010.0
27900,"Joplin, MO Metro Area",2022,70960,54041,25209.0,43656.0,68251.0,101231.0
27900,"Joplin, MO-KS Metro Area",2023,83470,57887,25656.0,45345.0,71258.0,112114.0
27900,"Joplin, MO-KS Metro Area",2024,82501,62796,26716.0,51420.0,75809.0,111490.0
27980,"Kahului-Wailuku, HI Micro Area",2005,48393,57573,,,,
27980,"Kahului-Wailuku, HI Micro Area",2006,47540,58771,25536.0,48369.0,70460.0,106386.0
27980,"Kahului-Wailuku, HI Micro Area",2007,50568,63550,31720.0,52208.0,77951.0,112479.0
27980,"Kahului-Wailuku, HI Micro Area",2008,48950,67619,32678.0,56358.0,81566.0,117345.0
27980,"Kahului-Wailuku, HI Micro Area",2009,48326,60502,28342.0,46945.0,70795.0,109939.0
27980,"Kahului-Wailuku, HI Micro Area",2010,51893,60617,27792.0,48685.0,74757.0,115609.0
27980,"Kahului-Wailuku, HI Micro Area",2011,52549,60147,26778.0,48845.0,74489.0,111277.0
27980,"Kahului-Wailuku, HI Micro Area",2012,52120,61207,26606.0,49962.0,73738.0,110199.0
27980,"Kahului-Wailuku-Lahaina, HI Metro Area",2013,54005,65541,28521.0,49882.0,80684.0,122316.0
27980,"Kahului-Wailuku-Lahaina, HI Metro Area",2014,54355,66987,29535.0,52983.0,79529.0,118311.0
27980,"Kahului-Wailuku-Lahaina, HI Metro Area",2015,52170,70468,31185.0,57794.0,82037.0,126422.0
27980,"Kahului-Wailuku-Lahaina, HI Metro Area",2016,53667,72268,30642.0,59922.0,90891.0,144376.0
27980,"Kahului-Wailuku-Lahaina, HI Metro Area",2017,53616,80183,34114.0,66055.0,92232.0,144964.0
27980,"Kahului-Wailuku-Lahaina, HI Metro Area",2018,52851,82917,35860.0,65423.0,100392.0,146818.0
27980,"Kahului-Wailuku-Lahaina, HI Metro Area",2019,54744,80754,34400.0,62273.0,96046.0,146088.0
27980,"Kahului-Wailuku-Lahaina, HI Metro Area",2021,56319,76273,33078.0,59808.0,95322.0,161137.0
27980,"Kahului-Wailuku-Lahaina, HI Metro Area",2022,57355,94760,43237.0,78443.0,114903.0,180702.0
27980,"Kahului-Wailuku, HI Metro Area",2023,56848,83691,36930.0,70860.0,105422.0,175417.0
27980,"Kahului-Wailuku, HI Metro Area",2024,54645,101168,43871.0,80881.0,119074.0,193297.0
28020,"Kalamazoo-Portage, MI Metro Area",2005,125779,42788,,,,
28020,"Kalamazoo-Portage, MI Metro Area",2006,125804,43680,18541.0,34249.0,54355.0,87019.0
28020,"Kalamazoo-Portage, MI Metro Area",2007,129150,44037,17301.0,34609.0,55183.0,88759.0
28020,"Kalamazoo-Portage, MI Metro Area",2008,126738,45831,19122.0,36173.0,56389.0,85325.0
28020,"Kalamazoo-Portage, MI Metro Area",2009,129216,41088,16061.0,31118.0,51995.0,86190.0
28020,"Kalamazoo-Portage, MI Metro Area",2010,127035,43634,19273.0,34565.0,54434.0,90802.0
28020,"Kalamazoo-Portage, MI Metro Area",2011,125379,44595,16789.0,35031.0,54907.0,87777.0
28020,"Kalamazoo-Portage, MI Metro Area",2012,128529,44326,17368.0,33834.0,54336.0,87775.0
28020,"Kalamazoo-Portage, MI Metro Area",2013,130076,45699,18743.0,36083.0,59065.0,92053.0
28020,"Kalamazoo-Portage, MI Metro Area",2014,128755,45721,20664.0,35757.0,58715.0,94111.0
28020,"Kalamazoo-Portage, MI Metro Area",2015,129792,51167,22594.0,41266.0,62624.0,100750.0
28020,"Kalamazoo-Portage, MI Metro Area",2016,131673,52045,23004.0,41610.0,65011.0,101428.0
28020,"Kalamazoo-Portage, MI Metro Area",2017,133112,55129,26012.0,43263.0,69515.0,110179.0
28020,"Kalamazoo-Portage, MI Metro Area",2018,132841,56016,24653.0,44389.0,68914.0,109954.0
28020,"Kalamazoo-Portage, MI Metro Area",2019,103196,56441,26139.0,45111.0,70789.0,112865.0
28020,"Kalamazoo-Portage, MI Metro Area",2021,105642,62128,24360.0,48114.0,75230.0,121636.0
28020,"Kalamazoo-Portage, MI Metro Area",2022,108397,69584,27246.0,53673.0,86880.0,134702.0
28020,"Kalamazoo-Portage, MI Metro Area",2023,107893,67191,32855.0,52825.0,81423.0,138327.0
28020,"Kalamazoo-Portage, MI Metro Area",2024,108759,71069,30749.0,56309.0,89418.0,139533.0
28060,"Kalispell, MT Micro Area",2005,30194,39942,,,,
28060,"Kalispell, MT Micro Area",2006,31409,45920,22082.0,38239.0,53418.0,75575.0
28060,"Kalispell, MT Micro Area",2007,31083,45600,20476.0,36645.0,58021.0,87084.0
28060,"Kalispell, MT Micro Area",2008,31125,41110,21255.0,33924.0,50618.0,81963.0
28060,"Kalispell, MT Micro Area",2009,30997,46435,19432.0,38047.0,55874.0,80377.0
28060,"Kalispell, MT Micro Area",2010,36709,41854,20055.0,34025.0,50105.0,80165.0
28060,"Kalispell, MT Micro Area",2011,37597,44207,20902.0,38263.0,52105.0,76913.0
28060,"Kalispell, MT Micro Area",2012,37405,46444,20644.0,38149.0,55067.0,87871.0
28060,"Kalispell, MT Micro Area",2013,36391,47802,20328.0,36537.0,57697.0,91041.0
28060,"Kalispell, MT Micro Area",2014,36820,47362,22263.0,38976.0,58739.0,87177.0
28060,"Kalispell, MT Micro Area",2015,37307,46899,20879.0,35979.0,60546.0,91041.0
28060,"Kalispell, MT Micro Area",2016,39279,50142,23711.0,40473.0,62573.0,92064.0
28060,"Kalispell, MT Micro Area",2017,37236,59735,25937.0,48990.0,69882.0,110776.0
28060,"Kalispell, MT Micro Area",2018,38372,53193,25673.0,43819.0,65633.0,106460.0
28060,"Kalispell, MT Micro Area",2019,40681,62588,31430.0,49377.0,73513.0,107702.0
28060,"Kalispell, MT Micro Area",2021,42900,66126,31479.0,55878.0,81061.0,127114.0
28060,"Kalispell, MT Micro Area",2022,46044,65680,23373.0,50332.0,79381.0,129809.0
28060,"Kalispell, MT Micro Area",2023,45510,74274,36821.0,62155.0,90982.0,136973.0
28060,"Kalispell, MT Micro Area",2024,44821,75431,31668.0,59135.0,92880.0,149355.0
28100,"Kankakee-Bradley, IL Metro Area",2005,39761,46074,,,,
28100,"Kankakee-Bradley, IL Metro Area",2006,40240,50507,20102.0,37847.0,60971.0,85409.0
28100,"Kankakee-Bradley, IL Metro Area",2007,40522,46418,22677.0,36389.0,57497.0,87828.0
28100,"Kankakee-Bradley, IL Metro Area",2008,39938,50535,21445.0,39663.0,61258.0,92731.0
28100,"Kankakee-Bradley, IL Metro Area",2009,39005,50858,20425.0,40890.0,61082.0,91739.0
28100,"Kankakee-Bradley, IL Metro Area",2010,42046,44784,20301.0,37133.0,59239.0,88940.0
28100,"Kankakee-Bradley, IL Metro Area",2011,41149,45669,20656.0,38197.0,56279.0,90281.0
28100,"Kankakee-Bradley, IL Metro Area",2012,41267,51703,20541.0,41563.0,63623.0,99975.0
28100,"Kankakee, IL Metro Area",2013,41822,49761,23315.0,39041.0,61495.0,92415.0
28100,"Kankakee, IL Metro Area",2014,40732,58378,24578.0,46889.0,71827.0,102060.0
28100,"Kankakee, IL Metro Area",2015,38755,53850,20808.0,43344.0,65235.0,100667.0
28100,"Kankakee, IL Metro Area",2016,39314,54911,25622.0,45981.0,66380.0,98011.0
28100,"Kankakee, IL Metro Area",2017,39628,58539,21808.0,46580.0,69869.0,106452.0
28100,"Kankakee, IL Metro Area",2018,40642,51404,22032.0,39427.0,65397.0,110002.0
28100,"Kankakee, IL Metro Area",2019,39583,60923,27297.0,46566.0,77112.0,113967.0
28100,"Kankakee, IL Metro Area",2021,41020,63364,27507.0,49918.0,80045.0,128345.0
28100,"Kankakee, IL Metro Area",2022,40585,71416,27208.0,57112.0,91657.0,137990.0
28100,"Kankakee, IL Metro Area",2023,41130,66788,33276.0,52357.0,84968.0,129109.0
28100,"Kankakee, IL Metro Area",2024,40580,76743,32582.0,62563.0,97621.0,144577.0
28140,"Kansas City, MO-KS Metro Area",2005,755954,50486,,,,
28140,"Kansas City, MO-KS Metro Area",2006,770828,52359,23730.0,41688.0,64130.0,96404.0
28140,"Kansas City, MO-KS Metro Area",2007,771959,53508,24592.0,42940.0,65822.0,100329.0
28140,"Kansas City, MO-KS Metro Area",2008,785377,56458,25756.0,45484.0,68912.0,103253.0
28140,"Kansas City, MO-KS Metro Area",2009,789734,54521,23932.0,43343.0,67149.0,101827.0
28140,"Kansas City, MO-KS Metro Area",2010,785477,53919,22904.0,42873.0,66296.0,101529.0
28140,"Kansas City, MO-KS Metro Area",2011,794197,53376,23064.0,42531.0,66518.0,104558.0
28140,"Kansas City, MO-KS Metro Area",2012,801060,54519,23387.0,43155.0,68474.0,104380.0
28140,"Kansas City, MO-KS Metro Area",2013,798618,56248,24622.0,44376.0,69814.0,106346.0
28140,"Kansas City, MO-KS Metro Area",2014,800035,56994,24289.0,45051.0,71006.0,110047.0
28140,"Kansas City, MO-KS Metro Area",2015,814092,60502,26043.0,47736.0,73861.0,114725.0
28140,"Kansas City, MO-KS Metro Area",2016,816569,61385,27415.0,48724.0,75883.0,116926.0
28140,"Kansas City, MO-KS Metro Area",2017,829475,63404,28413.0,50845.0,78848.0,121917.0
28140,"Kansas City, MO-KS Metro Area",2018,835092,65768,29165.0,52334.0,81603.0,125795.0
28140,"Kansas City, MO-KS Metro Area",2019,844310,70215,30719.0,55838.0,85922.0,130542.0
28140,"Kansas City, MO-KS Metro Area",2021,883621,73900,32823.0,59319.0,90657.0,140083.0
28140,"Kansas City, MO-KS Metro Area",2022,897185,75280,33078.0,60500.0,93479.0,145796.0
28140,"Kansas City, MO-KS Metro Area",2023,906504,79842,36053.0,63191.0,99040.0,152587.0
28140,"Kansas City, MO-KS Metro Area",2024,914522,83785,36540.0,67293.0,102200.0,161510.0
28180,"Kapaa, HI Micro Area",2010,22147,55246,24515.0,46639.0,65358.0,101024.0
28180,"Kapaa, HI Micro Area",2011,22874,60751,26921.0,46981.0,71485.0,103034.0
28180,"Kapaa, HI Micro Area",2012,22569,59238,28509.0,50200.0,73133.0,104089.0
28180,"Kapaa, HI Micro Area",2013,22386,60155,26198.0,45045.0,72251.0,115411.0
28180,"Kapaa, HI Micro Area",2014,22234,64847,24146.0,48397.0,77735.0,118246.0
28180,"Kapaa, HI Micro Area",2015,21862,77140,33656.0,59591.0,87543.0,131427.0
28180,"Kapaa, HI Micro Area",2016,23214,71344,30103.0,55580.0,86692.0,123385.0
28180,"Kapaa, HI Micro Area",2017,22980,83860,28227.0,61594.0,99671.0,136250.0
28180,"Kapaa, HI Micro Area",2018,22685,80921,31254.0,62013.0,98734.0,140682.0
28180,"Kapaa, HI Micro Area",2019,22898,81971,37972.0,64165.0,101843.0,143319.0
28180,"Kapaa, HI Micro Area",2021,23464,80582,31912.0,63464.0,95056.0,148952.0
28180,"Kapaa, HI Micro Area",2022,24237,87730,50628.0,72976.0,103984.0,169019.0
28180,"Kapaa, HI Micro Area",2023,24621,103564,42026.0,78279.0,124553.0,176789.0
28180,"Kapaa, HI Micro Area",2024,23310,98128,44362.0,72386.0,113630.0,159281.0
28300,"Keene, NH Micro Area",2005,29549,53868,,,,
28300,"Keene, NH Micro Area",2006,29948,48692,22578.0,40085.0,59346.0,87759.0
28300,"Keene, NH Micro Area",2007,29539,54838,26081.0,45650.0,64194.0,94035.0
28300,"Keene, NH Micro Area",2008,28785,53299,27246.0,42318.0,62656.0,97012.0
28300,"Keene, NH Micro Area",2009,29573,52017,23284.0,41001.0,63140.0,93165.0
28300,"Keene, NH Micro Area",2010,29931,48030,21845.0,38503.0,61962.0,92491.0
28300,"Keene, NH Micro Area",2011,30565,54049,25297.0,43900.0,65056.0,102022.0
28300,"Keene, NH Micro Area",2012,30301,56238,23134.0,46631.0,66458.0,100440.0
28300,"Keene, NH Micro Area",2013,30603,51945,22595.0,41685.0,63370.0,97366.0
28300,"Keene, NH Micro Area",2014,31305,56652,24767.0,45227.0,69413.0,100751.0
28300,"Keene, NH Micro Area",2015,29657,61780,25895.0,47937.0,75987.0,112481.0
28300,"Keene, NH Micro Area",2016,29428,56364,25497.0,44822.0,68541.0,105815.0
28300,"Keene, NH Micro Area",2017,29385,61257,28126.0,52051.0,73946.0,111524.0
28300,"Keene, NH Micro Area",2018,30208,59186,24127.0,47241.0,74383.0,118452.0
28300,"Keene, NH Micro Area",2019,29698,66088,32025.0,52825.0,79683.0,114393.0
28300,"Keene, NH Micro Area",2021,28266,67344,29635.0,52304.0,85993.0,139526.0
28300,"Keene, NH Micro Area",2022,31960,77757,36323.0,61047.0,94451.0,140782.0
28300,"Keene, NH Micro Area",2023,31921,89314,42115.0,74232.0,106377.0,155924.0
28300,"Keene, NH Micro Area",2024,30840,82115,38737.0,62396.0,101442.0,147781.0
28420,"Kennewick-Richland-Pasco, WA Metro Area",2005,76266,48726,,,,
28420,"Kennewick-Richland-Pasco, WA Metro Area",2006,76948,48956,22331.0,39515.0,59066.0,96254.0
28420,"Kennewick-Richland-Pasco, WA Metro Area",2007,76441,50699,22215.0,40625.0,61836.0,96675.0
28420,"Kennewick-Pasco-Richland, WA Metro Area",2008,81014,51538,22878.0,40847.0,65255.0,101735.0
28420,"Kennewick-Pasco-Richland, WA Metro Area",2009,82323,54028,25966.0,44475.0,68247.0,101021.0
28420,"Kennewick-Pasco-Richland, WA Metro Area",2010,86626,56407,23590.0,44344.0,68691.0,102004.0
28420,"Kennewick-Pasco-Richland, WA Metro Area",2011,88930,59256,25092.0,46026.0,71635.0,108200.0
28420,"Kennewick-Pasco-Richland, WA Metro Area",2012,90215,57189,23690.0,45511.0,70494.0,109923.0
28420,"Kennewick-Richland, WA Metro Area",2013,92768,58542,25028.0,47069.0,70653.0,105341.0
28420,"Kennewick-Richland, WA Metro Area",2014,93357,58020,24508.0,46404.0,71118.0,106744.0
28420,"Kennewick-Richland, WA Metro Area",2015,94423,61361,26671.0,48594.0,75019.0,111037.0
28420,"Kennewick-Richland, WA Metro Area",2016,96337,61021,26843.0,50645.0,75994.0,115089.0
28420,"Kennewick-Richland, WA Metro Area",2017,98742,63617,27095.0,51552.0,79912.0,117476.0
28420,"Kennewick-Richland, WA Metro Area",2018,98988,64908,31306.0,53458.0,78273.0,122622.0
28420,"Kennewick-Richland, WA Metro Area",2019,101840,68283,31477.0,56311.0,84982.0,131389.0
28420,"Kennewick-Richland, WA Metro Area",2021,105844,78367,35709.0,63085.0,96478.0,146515.0
28420,"Kennewick-Richland, WA Metro Area",2022,108521,82961,37454.0,68353.0,100197.0,154360.0
28420,"Kennewick-Richland, WA Metro Area",2023,109481,83053,36633.0,66766.0,100276.0,152574.0
28420,"Kennewick-Richland, WA Metro Area",2024,113061,89573,36340.0,73421.0,104957.0,160013.0
28450,"Kenosha, WI Metro Area",2023,69907,74886,31773.0,58956.0,95722.0,146889.0
28450,"Kenosha, WI Metro Area",2024,71177,83529,39603.0,69547.0,102923.0,147099.0
28580,"Key West-Marathon, FL Micro Area",2005,33961,49040,,,,
28580,"Key West-Marathon, FL Micro Area",2006,33013,52069,21478.0,42121.0,63884.0,100657.0
28580,"Key West, FL Micro Area",2007,29109,60642,29609.0,50485.0,73924.0,117887.0
28580,"Key West, FL Micro Area",2008,29084,52443,24591.0,40223.0,65516.0,106842.0
28580,"Key West, FL Micro Area",2009,28335,49721,24090.0,40101.0,59783.0,95449.0
28580,"Key West, FL Micro Area",2010,29822,50619,24476.0,42066.0,61349.0,94758.0
28580,"Key West, FL Micro Area",2011,24735,51524,20095.0,40176.0,62366.0,100809.0
28580,"Key West, FL Micro Area",2012,29241,53637,21925.0,41883.0,69440.0,110398.0
28580,"Key West, FL Micro Area",2013,26426,50838,20339.0,37723.0,64635.0,111191.0
28580,"Key West, FL Micro Area",2014,28065,59388,24931.0,48850.0,72093.0,106264.0
28580,"Key West, FL Micro Area",2015,31391,61020,26354.0,48078.0,80109.0,122056.0
28580,"Key West, FL Micro Area",2016,30318,65717,26193.0,51586.0,80728.0,123921.0
28580,"Key West, FL Micro Area",2017,31285,65747,29791.0,51041.0,85179.0,134080.0
28580,"Key West, FL Micro Area",2018,31362,71973,31936.0,52377.0,86961.0,146573.0
28580,"Key West, FL Micro Area",2019,32839,68589,30322.0,55936.0,90184.0,142280.0
28580,"Key West, FL Micro Area",2021,36078,68563,32143.0,55821.0,91312.0,149103.0
28580,"Key West, FL Micro Area",2022,34320,79420,30377.0,62891.0,100399.0,168342.0
28580,"Key West-Key Largo, FL Micro Area",2023,32559,88870,40734.0,67719.0,112826.0,164976.0
28580,"Key West-Key Largo, FL Micro Area",2024,32077,100256,40222.0,79589.0,125728.0,189163.0
28660,"Killeen-Temple-Fort Hood, TX Metro Area",2005,121561,41529,,,,
28660,"Killeen-Temple-Fort Hood, TX Metro Area",2006,122444,42450,20404.0,35534.0,52872.0,78752.0
28660,"Killeen-Temple-Fort Hood, TX Metro Area",2007,122359,47313,23004.0,39016.0,56470.0,82302.0
28660,"Killeen-Temple-Fort Hood, TX Metro Area",2008,128041,49769,24508.0,40356.0,59189.0,86074.0
28660,"Killeen-Temple-Fort Hood, TX Metro Area",2009,124651,44918,18934.0,35830.0,55292.0,85193.0
28660,"Killeen-Temple-Fort Hood, TX Metro Area",2010,131062,49778,25009.0,41074.0,59402.0,86861.0
28660,"Killeen-Temple-Fort Hood, TX Metro Area",2011,128008,46468,21393.0,37570.0,58168.0,92354.0
28660,"Killeen-Temple-Fort Hood, TX Metro Area",2012,133995,48633,22486.0,39187.0,59333.0,90650.0
28660,"Killeen-Temple, TX Metro Area",2013,132578,50447,22855.0,41790.0,59756.0,90593.0
28660,"Killeen-Temple, TX Metro Area",2014,145055,50478,23826.0,41373.0,61044.0,91497.0
28660,"Killeen-Temple, TX Metro Area",2015,151623,48612,21123.0,39210.0,59792.0,91070.0
28660,"Killeen-Temple, TX Metro Area",2016,150422,52202,24824.0,43097.0,63969.0,94606.0
28660,"Killeen-Temple, TX Metro Area",2017,149197,53303,25323.0,44279.0,65403.0,99566.0
28660,"Killeen-Temple, TX Metro Area",2018,152160,53686,24417.0,43186.0,66268.0,100051.0
28660,"Killeen-Temple, TX Metro Area",2019,157088,54370,23917.0,43200.0,67143.0,104004.0
28660,"Killeen-Temple, TX Metro Area",2021,174498,59753,25566.0,47720.0,71937.0,111615.0
28660,"Killeen-Temple, TX Metro Area",2022,179677,62904,29684.0,50906.0,76152.0,112066.0
28660,"Killeen-Temple, TX Metro Area",2023,182336,71013,32961.0,58077.0,84590.0,128654.0
28660,"Killeen-Temple, TX Metro Area",2024,185783,68465,30030.0,55573.0,82728.0,124301.0
28700,"Kingsport-Bristol-Bristol, TN-VA Metro Area",2005,130026,33664,,,,
28700,"Kingsport-Bristol-Bristol, TN-VA Metro Area",2006,127461,34931,13195.0,26822.0,43222.0,69375.0
28700,"Kingsport-Bristol-Bristol, TN-VA Metro Area",2007,129966,36458,14685.0,28475.0,46414.0,70230.0
28700,"Kingsport-Bristol-Bristol, TN-VA Metro Area",2008,129705,39081,16797.0,32125.0,49506.0,72614.0
28700,"Kingsport-Bristol-Bristol, TN-VA Metro Area",2009,130619,36257,15055.0,28984.0,44594.0,71158.0
28700,"Kingsport-Bristol-Bristol, TN-VA Metro Area",2010,130117,34741,15537.0,27136.0,44654.0,71815.0
28700,"Kingsport-Bristol-Bristol, TN-VA Metro Area",2011,130599,37804,16631.0,30068.0,47873.0,76608.0
28700,"Kingsport-Bristol-Bristol, TN-VA Metro Area",2012,127704,37769,17120.0,30047.0,47775.0,75886.0
28700,"Kingsport-Bristol-Bristol, TN-VA Metro Area",2013,126215,39128,16139.0,30986.0,49692.0,77426.0
28700,"Kingsport-Bristol-Bristol, TN-VA Metro Area",2014,130044,39213,16807.0,30784.0,50290.0,81215.0
28700,"Kingsport-Bristol-Bristol, TN-VA Metro Area",2015,126840,41206,17094.0,32441.0,51072.0,78963.0
28700,"Kingsport-Bristol-Bristol, TN-VA Metro Area",2016,123757,40811,18782.0,32022.0,51042.0,81128.0
28700,"Kingsport-Bristol-Bristol, TN-VA Metro Area",2017,129285,43516,19114.0,34809.0,53887.0,85330.0
28700,"Kingsport-Bristol-Bristol, TN-VA Metro Area",2018,125768,41957,17989.0,33476.0,53521.0,89930.0
28700,"Kingsport-Bristol, TN-VA Metro Area",2019,130928,48615,21405.0,38866.0,61673.0,94314.0
28700,"Kingsport-Bristol, TN-VA Metro Area",2021,128312,48771,18968.0,37910.0,62006.0,98658.0
28700,"Kingsport-Bristol, TN-VA Metro Area",2022,132965,52887,21947.0,41707.0,67224.0,106388.0
28700,"Kingsport-Bristol, TN-VA Metro Area",2023,132975,53794,22882.0,41349.0,67658.0,112206.0
28700,"Kingsport-Bristol, TN-VA Metro Area",2024,134134,62096,25800.0,48665.0,77337.0,116325.0
28740,"Kingston, NY Metro Area",2005,68401,50837,,,,
28740,"Kingston, NY Metro Area",2006,70693,52725,23602.0,43311.0,63050.0,95624.0
28740,"Kingston, NY Metro Area",2007,69259,57085,24818.0,44300.0,71517.0,106092.0
28740,"Kingston, NY Metro Area",2008,70048,54854,25024.0,46043.0,67704.0,103477.0
28740,"Kingston, NY Metro Area",2009,70971,56485,26032.0,47587.0,69302.0,107238.0
28740,"Kingston, NY Metro Area",2010,68581,51301,21284.0,40915.0,63269.0,101588.0
28740,"Kingston, NY Metro Area",2011,69127,55006,20930.0,43368.0,69138.0,105491.0
28740,"Kingston, NY Metro Area",2012,70353,57566,22718.0,44977.0,71205.0,108414.0
28740,"Kingston, NY Metro Area",2013,68650,58429,25362.0,46561.0,71545.0,114680.0
28740,"Kingston, NY Metro Area",2014,69522,58093,22227.0,41814.0,72737.0,115574.0
28740,"Kingston, NY Metro Area",2015,69594,59758,23862.0,45707.0,72089.0,112668.0
28740,"Kingston, NY Metro Area",2016,68298,62790,24126.0,48771.0,76795.0,120012.0
28740,"Kingston, NY Metro Area",2017,68822,63621,26810.0,50443.0,78088.0,124033.0
28740,"Kingston, NY Metro Area",2018,69154,63889,26235.0,51561.0,81114.0,132150.0
28740,"Kingston, NY Metro Area",2019,69376,64087,25048.0,50544.0,82906.0,134633.0
28740,"Kingston, NY Metro Area",2021,75053,78938,31607.0,61027.0,98287.0,163100.0
28740,"Kingston, NY Metro Area",2022,75187,80372,31285.0,64080.0,104162.0,159675.0
28740,"Kingston, NY Metro Area",2023,73895,85878,39035.0,68189.0,103435.0,155168.0
28740,"Kingston, NY Metro Area",2024,76112,87847,33729.0,65634.0,110936.0,173576.0
28880,"Kiryas Joel-Poughkeepsie-Newburgh, NY Metro Area",2023,254385,95839,42000.0,77180.0,116730.0,178075.0
28880,"Kiryas Joel-Poughkeepsie-Newburgh, NY Metro Area",2024,257898,95125,38607.0,75983.0,115654.0,183262.0
28900,"Klamath Falls, OR Micro Area",2005,25336,35901,,,,
28900,"Klamath Falls, OR Micro Area",2006,26950,37420,16425.0,29392.0,47728.0,66949.0
28900,"Klamath Falls, OR Micro Area",2007,26921,44482,18245.0,34526.0,54198.0,80786.0
28900,"Klamath Falls, OR Micro Area",2008,26758,42389,18096.0,33102.0,52985.0,75588.0
28900,"Klamath Falls, OR Micro Area",2009,27787,41298,15619.0,29982.0,51008.0,76864.0
28900,"Klamath Falls, OR Micro Area",2010,27582,37660,15814.0,29275.0,48628.0,74793.0
28900,"Klamath Falls, OR Micro Area",2011,26507,36464,15594.0,29461.0,45957.0,74171.0
28900,"Klamath Falls, OR Micro Area",2012,29287,38987,15808.0,30549.0,48048.0,73887.0
28900,"Klamath Falls, OR Micro Area",2013,25746,36885,16644.0,30712.0,46774.0,76669.0
28900,"Klamath Falls, OR Micro Area",2014,26377,39148,17560.0,31143.0,48377.0,76370.0
28900,"Klamath Falls, OR Micro Area",2015,27144,43952,21037.0,35209.0,53065.0,81346.0
28900,"Klamath Falls, OR Micro Area",2016,26359,45604,19357.0,37324.0,52316.0,85240.0
28900,"Klamath Falls, OR Micro Area",2017,27616,38916,16445.0,29885.0,49132.0,85066.0
28900,"Klamath Falls, OR Micro Area",2018,26798,45354,19263.0,35756.0,57542.0,88491.0
28900,"Klamath Falls, OR Micro Area",2019,29357,56348,19372.0,41601.0,65710.0,100601.0
28900,"Klamath Falls, OR Micro Area",2021,28888,46721,18653.0,37819.0,61575.0,98508.0
28900,"Klamath Falls, OR Micro Area",2022,28643,53923,18953.0,41258.0,66198.0,102243.0
28900,"Klamath Falls, OR Micro Area",2023,30395,52547,19049.0,40799.0,63796.0,98617.0
28900,"Klamath Falls, OR Micro Area",2024,30192,66338,23515.0,49600.0,78414.0,121456.0
28940,"Knoxville, TN Metro Area",2005,269106,41354,,,,
28940,"Knoxville, TN Metro Area",2006,274568,43337,18138.0,33638.0,53646.0,84708.0
28940,"Knoxville, TN Metro Area",2007,282643,44264,19095.0,35547.0,53707.0,84026.0
28940,"Knoxville, TN Metro Area",2008,284784,45442,19477.0,36286.0,55878.0,90108.0
28940,"Knoxville, TN Metro Area",2009,286181,45156,18068.0,34886.0,56124.0,85674.0
28940,"Knoxville, TN Metro Area",2010,285762,43114,19045.0,33747.0,54063.0,84771.0
28940,"Knoxville, TN Metro Area",2011,288165,44514,20246.0,35300.0,56911.0,90659.0
28940,"Knoxville, TN Metro Area",2012,290393,44766,18986.0,34781.0,56254.0,88193.0
28940,"Knoxville, TN Metro Area",2013,340089,45051,18627.0,35152.0,56346.0,90991.0
28940,"Knoxville, TN Metro Area",2014,336174,45151,18397.0,35375.0,57570.0,91748.0
28940,"Knoxville, TN Metro Area",2015,343331,48382,20290.0,37036.0,60246.0,95760.0
28940,"Knoxville, TN Metro Area",2016,344803,49862,21163.0,38747.0,61905.0,96291.0
28940,"Knoxville, TN Metro Area",2017,347479,51848,22389.0,41341.0,65298.0,102458.0
28940,"Knoxville, TN Metro Area",2018,344657,53523,22637.0,42080.0,66382.0,103198.0
28940,"Knoxville, TN Metro Area",2019,347927,56623,23483.0,43990.0,71509.0,109566.0
28940,"Knoxville, TN Metro Area",2021,361646,62592,26409.0,48345.0,76343.0,118130.0
28940,"Knoxville, TN Metro Area",2022,369673,67801,28797.0,53459.0,82898.0,128921.0
28940,"Knoxville, TN Metro Area",2023,380978,69872,27901.0,54764.0,86969.0,137376.0
28940,"Knoxville, TN Metro Area",2024,394645,74184,33366.0,59375.0,90998.0,143305.0
29020,"Kokomo, IN Metro Area",2005,40621,46588,,,,
29020,"Kokomo, IN Metro Area",2006,41437,43207,18773.0,33561.0,55739.0,83176.0
29020,"Kokomo, IN Metro Area",2007,42155,45030,23437.0,36962.0,55859.0,87344.0
29020,"Kokomo, IN Metro Area",2008,40091,48095,20502.0,40156.0,57704.0,86905.0
29020,"Kokomo, IN Metro Area",2009,40696,47623,22055.0,37743.0,55213.0,85611.0
29020,"Kokomo, IN Metro Area",2010,40775,41180,18759.0,31115.0,53186.0,81714.0
29020,"Kokomo, IN Metro Area",2011,41094,40126,17135.0,31916.0,53932.0,80721.0
29020,"Kokomo, IN Metro Area",2012,40571,39885,17686.0,32298.0,50974.0,83854.0
29020,"Kokomo, IN Metro Area",2013,34435,44265,18558.0,35669.0,55597.0,86321.0
29020,"Kokomo, IN Metro Area",2014,34026,47159,19232.0,35917.0,59698.0,86776.0
29020,"Kokomo, IN Metro Area",2015,34714,46793,19367.0,36906.0,58917.0,87640.0
29020,"Kokomo, IN Metro Area",2016,34195,45702,19509.0,35115.0,58851.0,96277.0
29020,"Kokomo, IN Metro Area",2017,34243,49346,20426.0,38842.0,56932.0,94084.0
29020,"Kokomo, IN Metro Area",2018,35139,55868,24220.0,46558.0,66624.0,102507.0
29020,"Kokomo, IN Metro Area",2019,34151,53440,24003.0,43243.0,64846.0,100190.0
29020,"Kokomo, IN Metro Area",2021,36530,55088,27925.0,44715.0,71588.0,108580.0
29020,"Kokomo, IN Metro Area",2022,35752,55297,25788.0,43607.0,68176.0,102627.0
29020,"Kokomo, IN Metro Area",2023,35551,61267,28016.0,46907.0,74970.0,123648.0
29020,"Kokomo, IN Metro Area",2024,36678,65267,26758.0,50354.0,79115.0,117042.0
29060,"Laconia, NH Micro Area",2023,27150,97692,40202.0,79775.0,112900.0,167441.0
29060,"Laconia, NH Micro Area",2024,26404,91559,38511.0,68879.0,110744.0,171495.0
29100,"La Crosse, WI-MN Metro Area",2005,52410,45155,,,,
29100,"La Crosse, WI-MN Metro Area",2006,51823,45169,19441.0,36465.0,55636.0,82539.0
29100,"La Crosse, WI-MN Metro Area",2007,52709,48223,19556.0,37241.0,56331.0,82558.0
29100,"La Crosse, WI-MN Metro Area",2008,53911,48851,21648.0,40666.0,58480.0,85428.0
29100,"La Crosse, WI-MN Metro Area",2009,52806,50142,19024.0,39358.0,59889.0,86869.0
29100,"La Crosse, WI-MN Metro Area",2010,53627,47696,19737.0,37319.0,59443.0,88572.0
29100,"La Crosse, WI-MN Metro Area",2011,53426,50314,22744.0,39871.0,61814.0,91006.0
29100,"La Crosse, WI-MN Metro Area",2012,54799,47642,21019.0,37908.0,57765.0,93030.0
29100,"La Crosse-Onalaska, WI-MN Metro Area",2013,53723,51024,21141.0,40858.0,63199.0,91241.0
29100,"La Crosse-Onalaska, WI-MN Metro Area",2014,54762,50568,25306.0,40794.0,63354.0,96425.0
29100,"La Crosse-Onalaska, WI-MN Metro Area",2015,54008,50705,25037.0,41686.0,62370.0,99930.0
29100,"La Crosse-Onalaska, WI-MN Metro Area",2016,55390,55717,25171.0,44860.0,67163.0,106016.0
29100,"La Crosse-Onalaska, WI-MN Metro Area",2017,55940,56552,26737.0,47402.0,67503.0,102905.0
29100,"La Crosse-Onalaska, WI-MN Metro Area",2018,56157,60402,27756.0,47786.0,72887.0,111932.0
29100,"La Crosse-Onalaska, WI-MN Metro Area",2019,56515,59608,27350.0,49137.0,70764.0,109305.0
29100,"La Crosse-Onalaska, WI-MN Metro Area",2021,58000,61342,28729.0,49509.0,76733.0,115587.0
29100,"La Crosse-Onalaska, WI-MN Metro Area",2022,59350,70405,31573.0,54471.0,84631.0,124228.0
29100,"La Crosse-Onalaska, WI-MN Metro Area",2023,72276,71312,35012.0,55959.0,85617.0,133630.0
29100,"La Crosse-Onalaska, WI-MN Metro Area",2024,74398,75117,35413.0,59938.0,91367.0,140228.0
29140,"Lafayette, IN Metro Area",2005,71892,40591,,,,
29140,"Lafayette, IN Metro Area",2006,71598,39981,17358.0,30974.0,51085.0,78522.0
29140,"Lafayette, IN Metro Area",2007,73019,41766,16358.0,34050.0,51336.0,82287.0
29140,"Lafayette, IN Metro Area",2008,72547,45406,18189.0,35741.0,55619.0,86232.0
29140,"Lafayette, IN Metro Area",2009,74429,41608,16941.0,32839.0,51509.0,81905.0
29140,"Lafayette, IN Metro Area",2010,76945,40577,18214.0,31147.0,53793.0,88693.0
29140,"Lafayette, IN Metro Area",2011,78249,42872,16410.0,34305.0,53613.0,84878.0
29140,"Lafayette, IN Metro Area",2012,79034,43881,17811.0,35508.0,55297.0,86370.0
29180,"Lafayette, LA Metro Area",2005,95604,39995,,,,
29180,"Lafayette, LA Metro Area",2006,101104,41303,16584.0,30696.0,53274.0,89954.0
29180,"Lafayette, LA Metro Area",2007,101991,43288,18768.0,33925.0,55029.0,91076.0
29180,"Lafayette, LA Metro Area",2008,100710,46292,18017.0,36441.0,57307.0,91471.0
29180,"Lafayette, LA Metro Area",2009,100730,47400,19123.0,37187.0,59529.0,99829.0
29180,"Lafayette, LA Metro Area",2010,103181,46730,17016.0,36133.0,60006.0,89883.0
29180,"Lafayette, LA Metro Area",2011,105130,43332,16363.0,32153.0,58735.0,100474.0
29180,"Lafayette, LA Metro Area",2012,106842,46813,17556.0,35825.0,60354.0,99348.0
29180,"Lafayette, LA Metro Area",2013,178778,48105,17282.0,36317.0,62293.0,100956.0
29180,"Lafayette, LA Metro Area",2014,178319,48668,19616.0,38087.0,61156.0,105065.0
29180,"Lafayette, LA Metro Area",2015,180902,48370,18207.0,35968.0,63621.0,104104.0
29180,"Lafayette, LA Metro Area",2016,177425,45409,18268.0,36812.0,58205.0,100676.0
29180,"Lafayette, LA Metro Area",2017,179072,47848,17640.0,35324.0,60413.0,100547.0
29180,"Lafayette, LA Metro Area",2018,184357,50825,20402.0,37751.0,65669.0,102015.0
29180,"Lafayette, LA Metro Area",2019,184313,53493,19508.0,40284.0,70211.0,108840.0
29180,"Lafayette, LA Metro Area",2021,187662,53931,18184.0,41185.0,68285.0,112210.0
29180,"Lafayette, LA Metro Area",2022,194293,50837,19581.0,39689.0,65890.0,111942.0
29180,"Lafayette, LA Metro Area",2023,166896,57311,21801.0,42187.0,72774.0,121003.0
29180,"Lafayette, LA Metro Area",2024,165589,60527,23160.0,45370.0,78321.0,130182.0
29200,"Lafayette-West Lafayette, IN Metro Area",2013,79375,48372,17405.0,36871.0,57165.0,91347.0
29200,"Lafayette-West Lafayette, IN Metro Area",2014,77266,46109,18937.0,35619.0,56430.0,88840.0
29200,"Lafayette-West Lafayette, IN Metro Area",2015,81069,50088,21158.0,40300.0,60682.0,96304.0
29200,"Lafayette-West Lafayette, IN Metro Area",2016,80560,51410,20605.0,41767.0,63378.0,100199.0
29200,"Lafayette-West Lafayette, IN Metro Area",2017,80855,52224,21668.0,40982.0,66048.0,104906.0
29200,"Lafayette-West Lafayette, IN Metro Area",2018,81884,50799,21739.0,40314.0,62193.0,101156.0
29200,"Lafayette-West Lafayette, IN Metro Area",2019,89655,49908,22535.0,40142.0,62481.0,101331.0
29200,"Lafayette-West Lafayette, IN Metro Area",2021,88853,53559,22937.0,42703.0,67095.0,104435.0
29200,"Lafayette-West Lafayette, IN Metro Area",2022,91610,56176,25210.0,44379.0,71374.0,111783.0
29200,"Lafayette-West Lafayette, IN Metro Area",2023,91594,61349,24903.0,49886.0,78613.0,124292.0
29200,"Lafayette-West Lafayette, IN Metro Area",2024,95996,67515,27242.0,52864.0,81855.0,134754.0
29300,"LaGrange, GA Micro Area",2010,24697,41477,17609.0,32258.0,55663.0,82641.0
29300,"LaGrange, GA Micro Area",2011,24744,40368,13482.0,30670.0,51376.0,75517.0
29300,"LaGrange, GA Micro Area",2012,24539,36739,15103.0,30239.0,50730.0,89190.0
29300,"LaGrange, GA Micro Area",2013,24412,43642,17253.0,32537.0,54321.0,82235.0
29300,"LaGrange, GA Micro Area",2014,23942,40486,17444.0,32114.0,48604.0,73327.0
29300,"LaGrange, GA Micro Area",2015,25092,39067,11926.0,28080.0,48591.0,76109.0
29300,"LaGrange, GA Micro Area",2016,24493,42371,17597.0,33375.0,52482.0,85969.0
29300,"LaGrange, GA Micro Area",2017,24716,38977,15401.0,31096.0,56144.0,86940.0
29300,"LaGrange, GA Micro Area",2018,25417,44260,16767.0,34071.0,58126.0,99647.0
29300,"LaGrange, GA-AL Micro Area",2019,38076,46217,17259.0,34835.0,61436.0,92377.0
29300,"LaGrange, GA-AL Micro Area",2021,39190,49287,21437.0,42121.0,60946.0,102224.0
29300,"LaGrange, GA-AL Micro Area",2022,40883,51493,19108.0,40070.0,70925.0,112579.0
29300,"LaGrange, GA-AL Micro Area",2023,42414,56990,22548.0,41843.0,72219.0,111248.0
29300,"LaGrange, GA-AL Micro Area",2024,41970,56399,26987.0,47757.0,70902.0,108712.0
29340,"Lake Charles, LA Metro Area",2005,74868,35430,,,,
29340,"Lake Charles, LA Metro Area",2006,73337,40103,15652.0,30782.0,51792.0,82071.0
29340,"Lake Charles, LA Metro Area",2007,75750,42211,17468.0,32436.0,54617.0,87840.0
29340,"Lake Charles, LA Metro Area",2008,75081,45656,19432.0,36862.0,55513.0,92088.0
29340,"Lake Charles, LA Metro Area",2009,74256,44287,17938.0,33093.0,57573.0,85550.0
29340,"Lake Charles, LA Metro Area",2010,75197,40194,17092.0,31664.0,52748.0,89481.0
29340,"Lake Charles, LA Metro Area",2011,75308,40787,16844.0,31310.0,53592.0,88421.0
29340,"Lake Charles, LA Metro Area",2012,77201,45102,17545.0,33590.0,55794.0,93641.0
29340,"Lake Charles, LA Metro Area",2013,79392,43479,18410.0,33935.0,54391.0,95199.0
29340,"Lake Charles, LA Metro Area",2014,76395,46336,19031.0,35560.0,58191.0,93368.0
29340,"Lake Charles, LA Metro Area",2015,79853,46229,19507.0,37258.0,61392.0,97164.0
29340,"Lake Charles, LA Metro Area",2016,79226,46005,16626.0,34028.0,56908.0,98416.0
29340,"Lake Charles, LA Metro Area",2017,81266,52314,22040.0,41324.0,64008.0,107285.0
29340,"Lake Charles, LA Metro Area",2018,80385,49072,21980.0,39286.0,65721.0,106897.0
29340,"Lake Charles, LA Metro Area",2019,79505,51547,20387.0,38208.0,67352.0,115908.0
29340,"Lake Charles, LA Metro Area",2021,72746,58736,23286.0,42960.0,75773.0,119267.0
29340,"Lake Charles, LA Metro Area",2022,79885,62184,21890.0,48489.0,76114.0,133105.0
29340,"Lake Charles, LA Metro Area",2023,93049,65122,23897.0,50377.0,80943.0,132050.0
29340,"Lake Charles, LA Metro Area",2024,97635,65144,24839.0,51003.0,81951.0,136754.0
29380,"Lake City, FL Micro Area",2005,23732,32838,,,,
29380,"Lake City, FL Micro Area",2006,24244,40834,16366.0,29148.0,50106.0,81617.0
29380,"Lake City, FL Micro Area",2007,24093,41321,19308.0,32647.0,48654.0,71567.0
29380,"Lake City, FL Micro Area",2008,25467,38788,18109.0,31539.0,46450.0,72989.0
29380,"Lake City, FL Micro Area",2009,23230,37321,13360.0,27926.0,46983.0,68732.0
29380,"Lake City, FL Micro Area",2010,25705,32488,17949.0,26468.0,37433.0,67272.0
29380,"Lake City, FL Micro Area",2011,23883,35008,17263.0,28978.0,42942.0,67985.0
29380,"Lake City, FL Micro Area",2012,22636,36542,19395.0,28848.0,44980.0,71859.0
29380,"Lake City, FL Micro Area",2013,23827,45220,18076.0,37863.0,54336.0,81343.0
29380,"Lake City, FL Micro Area",2014,23825,38520,15878.0,30023.0,50139.0,70062.0
29380,"Lake City, FL Micro Area",2015,24238,47808,21148.0,35743.0,60237.0,93802.0
29380,"Lake City, FL Micro Area",2016,24215,42019,20078.0,36103.0,53829.0,85579.0
29380,"Lake City, FL Micro Area",2017,24335,40811,17746.0,32638.0,48803.0,82519.0
29380,"Lake City, FL Micro Area",2018,25678,48848,20511.0,38470.0,63468.0,91470.0
29380,"Lake City, FL Micro Area",2019,25240,47094,19217.0,37008.0,56801.0,97186.0
29380,"Lake City, FL Micro Area",2021,27545,54077,25400.0,43618.0,68513.0,107593.0
29380,"Lake City, FL Micro Area",2022,27963,53985,21183.0,42061.0,63763.0,106597.0
29380,"Lake City, FL Micro Area",2023,27280,60812,23641.0,46317.0,66824.0,109474.0
29380,"Lake City, FL Micro Area",2024,29171,66139,30413.0,56489.0,78711.0,138393.0
29420,"Lake Havasu City-Kingman, AZ Micro Area",2005,74489,35477,,,,
29420,"Lake Havasu City-Kingman, AZ Micro Area",2006,76249,36097,18119.0,28730.0,43998.0,67721.0
29420,"Lake Havasu City-Kingman, AZ Metro Area",2007,73479,39991,20622.0,33815.0,47127.0,75077.0
29420,"Lake Havasu City-Kingman, AZ Metro Area",2008,73884,38305,18222.0,30983.0,45380.0,70364.0
29420,"Lake Havasu City-Kingman, AZ Metro Area",2009,73864,40946,17935.0,32941.0,50111.0,72772.0
29420,"Lake Havasu City-Kingman, AZ Metro Area",2010,82166,36456,17614.0,30414.0,42982.0,66949.0
29420,"Lake Havasu City-Kingman, AZ Metro Area",2011,78977,35983,16399.0,27937.0,43783.0,67129.0
29420,"Lake Havasu City-Kingman, AZ Metro Area",2012,79239,34445,16746.0,27780.0,42013.0,66839.0
29420,"Lake Havasu City-Kingman, AZ Metro Area",2013,81257,39058,18412.0,31409.0,48409.0,71528.0
29420,"Lake Havasu City-Kingman, AZ Metro Area",2014,81292,37674,17450.0,30511.0,45436.0,70130.0
29420,"Lake Havasu City-Kingman, AZ Metro Area",2015,83801,40908,20605.0,33113.0,51020.0,77327.0
29420,"Lake Havasu City-Kingman, AZ Metro Area",2016,84876,42423,18634.0,34078.0,51928.0,79829.0
29420,"Lake Havasu City-Kingman, AZ Metro Area",2017,87565,42311,19457.0,34350.0,52588.0,82425.0
29420,"Lake Havasu City-Kingman, AZ Metro Area",2018,90270,46060,19979.0,35935.0,54379.0,81941.0
29420,"Lake Havasu City-Kingman, AZ Metro Area",2019,91095,50179,23602.0,41246.0,60106.0,89932.0
29420,"Lake Havasu City-Kingman, AZ Metro Area",2021,102398,46616,19401.0,35900.0,59491.0,94984.0
29420,"Lake Havasu City-Kingman, AZ Metro Area",2022,99512,54786,24772.0,44072.0,66167.0,108194.0
29420,"Lake Havasu City-Kingman, AZ Metro Area",2023,98791,55954,21535.0,43228.0,68376.0,103203.0
29420,"Lake Havasu City-Kingman, AZ Metro Area",2024,112957,60952,24895.0,47602.0,76829.0,111892.0
29460,"Lakeland, FL Metro Area",2005,214835,39124,,,,
29460,"Lakeland, FL Metro Area",2006,224818,41150,18838.0,32959.0,50793.0,76956.0
29460,"Lakeland, FL Metro Area",2007,225873,44348,20723.0,35553.0,53377.0,80234.0
29460,"Lakeland-Winter Haven, FL Metro Area",2008,223931,44360,20309.0,36141.0,54327.0,83973.0
29460,"Lakeland-Winter Haven, FL Metro Area",2009,222239,41911,18482.0,33878.0,51814.0,77887.0
29460,"Lakeland-Winter Haven, FL Metro Area",2010,221073,41174,19138.0,32814.0,49904.0,76684.0
29460,"Lakeland-Winter Haven, FL Metro Area",2011,217648,40272,18328.0,32281.0,50811.0,79360.0
29460,"Lakeland-Winter Haven, FL Metro Area",2012,223507,41325,19254.0,33174.0,50529.0,77648.0
29460,"Lakeland-Winter Haven, FL Metro Area",2013,214500,42435,19479.0,34481.0,52264.0,81386.0
29460,"Lakeland-Winter Haven, FL Metro Area",2014,218286,42780,19278.0,35008.0,52762.0,81893.0
29460,"Lakeland-Winter Haven, FL Metro Area",2015,227122,44061,21124.0,36190.0,52808.0,82372.0
29460,"Lakeland-Winter Haven, FL Metro Area",2016,226429,46355,20959.0,37559.0,57656.0,87864.0
29460,"Lakeland-Winter Haven, FL Metro Area",2017,233058,48475,21494.0,39557.0,58628.0,92364.0
29460,"Lakeland-Winter Haven, FL Metro Area",2018,241171,51670,22916.0,41934.0,62131.0,95465.0
29460,"Lakeland-Winter Haven, FL Metro Area",2019,238629,51833,23247.0,41202.0,63098.0,96481.0
29460,"Lakeland-Winter Haven, FL Metro Area",2021,276469,56379,24847.0,44836.0,68958.0,104763.0
29460,"Lakeland-Winter Haven, FL Metro Area",2022,291994,62051,27546.0,50479.0,76131.0,113504.0
29460,"Lakeland-Winter Haven, FL Metro Area",2023,306915,66909,32156.0,55217.0,81298.0,121917.0
29460,"Lakeland-Winter Haven, FL Metro Area",2024,314272,66779,32006.0,55585.0,83215.0,125215.0
29540,"Lancaster, PA Metro Area",2005,184296,49282,,,,
29540,"Lancaster, PA Metro Area",2006,184581,52064,24487.0,43736.0,61806.0,90637.0
29540,"Lancaster, PA Metro Area",2007,186136,52764,25756.0,43561.0,63011.0,91216.0
29540,"Lancaster, PA Metro Area",2008,186441,55850,27211.0,45295.0,66041.0,96395.0
29540,"Lancaster, PA Metro Area",2009,188574,55673,25902.0,46140.0,65920.0,96729.0
29540,"Lancaster, PA Metro Area",2010,194028,51740,23233.0,41901.0,62404.0,94162.0
29540,"Lancaster, PA Metro Area",2011,193231,53387,23521.0,43423.0,64283.0,94271.0
29540,"Lancaster, PA Metro Area",2012,194198,54776,26121.0,44638.0,66983.0,97931.0
29540,"Lancaster, PA Metro Area",2013,194493,56922,26858.0,46479.0,68181.0,101710.0
29540,"Lancaster, PA Metro Area",2014,194764,57403,27274.0,47141.0,70598.0,105816.0
29540,"Lancaster, PA Metro Area",2015,197706,59262,27017.0,47931.0,71985.0,103742.0
29540,"Lancaster, PA Metro Area",2016,196807,61335,29183.0,50536.0,72953.0,110590.0
29540,"Lancaster, PA Metro Area",2017,201150,63407,30276.0,52322.0,76856.0,113717.0
29540,"Lancaster, PA Metro Area",2018,202490,66277,30321.0,52852.0,79523.0,118267.0
29540,"Lancaster, PA Metro Area",2019,204701,67376,31328.0,55583.0,81833.0,120958.0
29540,"Lancaster, PA Metro Area",2021,210063,75688,35321.0,62449.0,89527.0,134482.0
29540,"Lancaster, PA Metro Area",2022,212016,82691,40130.0,66376.0,101048.0,150760.0
29540,"Lancaster, PA Metro Area",2023,211669,80067,38350.0,65441.0,97583.0,145491.0
29540,"Lancaster, PA Metro Area",2024,217820,85802,42044.0,71034.0,102878.0,156779.0
29580,"Lancaster, SC Micro Area",2007,26880,35743,14899.0,28673.0,44833.0,69985.0
29580,"Lancaster, SC Micro Area",2008,26279,38327,13305.0,30002.0,49289.0,71268.0
29580,"Lancaster, SC Micro Area",2009,25845,40440,14084.0,32931.0,48823.0,76277.0
29580,"Lancaster, SC Micro Area",2010,29862,35634,14871.0,29565.0,45426.0,69484.0
29580,"Lancaster, SC Micro Area",2011,29930,40232,16159.0,33003.0,51188.0,78618.0
29580,"Lancaster, SC Micro Area",2012,28792,44959,17044.0,36393.0,54948.0,86937.0
29620,"Lansing-East Lansing, MI Metro Area",2005,176181,45874,,,,
29620,"Lansing-East Lansing, MI Metro Area",2006,178261,48679,20264.0,39106.0,58542.0,88459.0
29620,"Lansing-East Lansing, MI Metro Area",2007,178057,47981,19542.0,37748.0,60186.0,93044.0
29620,"Lansing-East Lansing, MI Metro Area",2008,177726,49607,21202.0,39663.0,61270.0,92108.0
29620,"Lansing-East Lansing, MI Metro Area",2009,177415,47705,20060.0,37945.0,59359.0,90655.0
29620,"Lansing-East Lansing, MI Metro Area",2010,178797,47731,19477.0,38101.0,59002.0,89221.0
29620,"Lansing-East Lansing, MI Metro Area",2011,179538,46571,18773.0,36431.0,58235.0,92041.0
29620,"Lansing-East Lansing, MI Metro Area",2012,181262,48637,19034.0,37717.0,59853.0,92365.0
29620,"Lansing-East Lansing, MI Metro Area",2013,183135,49383,20345.0,39054.0,61339.0,94413.0
29620,"Lansing-East Lansing, MI Metro Area",2014,183357,49697,21844.0,39968.0,61772.0,97698.0
29620,"Lansing-East Lansing, MI Metro Area",2015,183888,51839,21854.0,40927.0,64669.0,100511.0
29620,"Lansing-East Lansing, MI Metro Area",2016,185389,53296,22288.0,42626.0,65284.0,102975.0
29620,"Lansing-East Lansing, MI Metro Area",2017,186203,56440,24853.0,44212.0,70530.0,109294.0
29620,"Lansing-East Lansing, MI Metro Area",2018,186832,59494,24424.0,46920.0,72143.0,108835.0
29620,"Lansing-East Lansing, MI Metro Area",2019,215854,59117,26431.0,47303.0,73205.0,113939.0
29620,"Lansing-East Lansing, MI Metro Area",2021,220067,61980,26597.0,49256.0,76583.0,118792.0
29620,"Lansing-East Lansing, MI Metro Area",2022,223066,64478,28804.0,51903.0,80827.0,122711.0
29620,"Lansing-East Lansing, MI Metro Area",2023,194031,70007,29012.0,56381.0,84489.0,136517.0
29620,"Lansing-East Lansing, MI Metro Area",2024,197873,72010,30356.0,56960.0,88985.0,131588.0
29700,"Laredo, TX Metro Area",2005,59747,31763,,,,
29700,"Laredo, TX Metro Area",2006,60385,33026,12057.0,24989.0,42810.0,69175.0
29700,"Laredo, TX Metro Area",2007,62424,33905,14810.0,26282.0,44167.0,71804.0
29700,"Laredo, TX Metro Area",2008,65111,36740,15185.0,30029.0,45953.0,81639.0
29700,"Laredo, TX Metro Area",2009,65178,38291,15157.0,30148.0,47105.0,75039.0
29700,"Laredo, TX Metro Area",2010,66716,35770,15231.0,28204.0,44117.0,76311.0
29700,"Laredo, TX Metro Area",2011,67463,36132,14625.0,27202.0,44409.0,73872.0
29700,"Laredo, TX Metro Area",2012,68980,36624,13464.0,27345.0,48011.0,77901.0
29700,"Laredo, TX Metro Area",2013,68696,39991,13919.0,30372.0,49369.0,84561.0
29700,"Laredo, TX Metro Area",2014,70418,38312,13695.0,28601.0,49701.0,81462.0
29700,"Laredo, TX Metro Area",2015,72259,39774,14785.0,30944.0,51920.0,84216.0
29700,"Laredo, TX Metro Area",2016,73483,35659,13363.0,27471.0,47897.0,85932.0
29700,"Laredo, TX Metro Area",2017,74045,43408,16295.0,32999.0,53269.0,88597.0
29700,"Laredo, TX Metro Area",2018,75300,46862,17211.0,35180.0,57210.0,95056.0
29700,"Laredo, TX Metro Area",2019,76326,56084,21212.0,42292.0,71771.0,106183.0
29700,"Laredo, TX Metro Area",2021,78730,51867,19398.0,39115.0,66380.0,112919.0
29700,"Laredo, TX Metro Area",2022,82519,59603,23058.0,43996.0,75697.0,115385.0
29700,"Laredo, TX Metro Area",2023,83045,60204,22669.0,47367.0,74511.0,106053.0
29700,"Laredo, TX Metro Area",2024,84177,60580,23964.0,46774.0,79470.0,122896.0
29740,"Las Cruces, NM Metro Area",2005,67046,29630,,,,
29740,"Las Cruces, NM Metro Area",2006,67125,33952,12928.0,24973.0,42583.0,65243.0
29740,"Las Cruces, NM Metro Area",2007,69836,35334,15269.0,26364.0,44131.0,75247.0
29740,"Las Cruces, NM Metro Area",2008,69848,36035,14852.0,28215.0,46111.0,82242.0
29740,"Las Cruces, NM Metro Area",2009,71243,35717,15471.0,26906.0,45975.0,73959.0
29740,"Las Cruces, NM Metro Area",2010,73614,35230,15095.0,27234.0,46294.0,77249.0
29740,"Las Cruces, NM Metro Area",2011,75078,36101,14419.0,27365.0,47296.0,83209.0
29740,"Las Cruces, NM Metro Area",2012,73717,37566,16046.0,28646.0,48144.0,79270.0
29740,"Las Cruces, NM Metro Area",2013,74898,36343,15470.0,27952.0,45113.0,78752.0
29740,"Las Cruces, NM Metro Area",2014,75530,39502,16515.0,30938.0,48431.0,80439.0
29740,"Las Cruces, NM Metro Area",2015,74631,39902,15910.0,30937.0,49019.0,84437.0
29740,"Las Cruces, NM Metro Area",2016,75759,37496,15727.0,29908.0,49891.0,82876.0
29740,"Las Cruces, NM Metro Area",2017,75441,37144,13964.0,29592.0,49052.0,80880.0
29740,"Las Cruces, NM Metro Area",2018,80409,35262,15692.0,26210.0,48532.0,90051.0
29740,"Las Cruces, NM Metro Area",2019,79094,43038,16175.0,31852.0,55266.0,87742.0
29740,"Las Cruces, NM Metro Area",2021,85021,45178,18394.0,35794.0,57491.0,104908.0
29740,"Las Cruces, NM Metro Area",2022,85746,51967,20289.0,38882.0,66154.0,105041.0
29740,"Las Cruces, NM Metro Area",2023,87688,56451,19562.0,45939.0,67350.0,109694.0
29740,"Las Cruces, NM Metro Area",2024,86249,61154,22114.0,48007.0,77409.0,126934.0
29820,"Las Vegas-Paradise, NV Metro Area",2005,637740,49571,,,,
29820,"Las Vegas-Paradise, NV Metro Area",2006,665509,53536,25419.0,43588.0,64563.0,95041.0
29820,"Las Vegas-Paradise, NV Metro Area",2007,683034,55996,26695.0,46112.0,66850.0,101688.0
29820,"Las Vegas-Paradise, NV Metro Area",2008,684605,56696,26838.0,46431.0,68186.0,102018.0
29820,"Las Vegas-Paradise, NV Metro Area",2009,694144,53505,24986.0,43476.0,64774.0,98854.0
29820,"Las Vegas-Paradise, NV Metro Area",2010,698955,51437,22745.0,41134.0,63028.0,95423.0
29820,"Las Vegas-Paradise, NV Metro Area",2011,696834,48215,21544.0,39114.0,60095.0,93802.0
29820,"Las Vegas-Paradise, NV Metro Area",2012,715837,49546,22655.0,40149.0,60680.0,93011.0
29820,"Las Vegas-Henderson-Paradise, NV Metro Area",2013,713577,51057,23022.0,40939.0,61729.0,95907.0
29820,"Las Vegas-Henderson-Paradise, NV Metro Area",2014,731322,51214,23051.0,40974.0,62456.0,96183.0
29820,"Las Vegas-Henderson-Paradise, NV Metro Area",2015,740966,51552,22962.0,41206.0,64358.0,99285.0
29820,"Las Vegas-Henderson-Paradise, NV Metro Area",2016,755258,54384,24088.0,42765.0,67154.0,102851.0
29820,"Las Vegas-Henderson-Paradise, NV Metro Area",2017,781796,57189,25685.0,45854.0,70472.0,108751.0
29820,"Las Vegas-Henderson-Paradise, NV Metro Area",2018,808605,57076,25153.0,45398.0,71835.0,112753.0
29820,"Las Vegas-Henderson-Paradise, NV Metro Area",2019,813607,62107,27191.0,50288.0,77267.0,118450.0
29820,"Las Vegas-Henderson-Paradise, NV Metro Area",2021,854289,63677,26494.0,50199.0,78898.0,127303.0
29820,"Las Vegas-Henderson-Paradise, NV Metro Area",2022,857362,70797,30869.0,56705.0,86708.0,135241.0
29820,"Las Vegas-Henderson-North Las Vegas, NV Metro Area",2023,880604,75065,32118.0,60515.0,92332.0,143922.0
29820,"Las Vegas-Henderson-North Las Vegas, NV Metro Area",2024,890338,80028,34881.0,63537.0,98634.0,152387.0
29860,"Laurel, MS Micro Area",2005,32037,30823,,,,
29860,"Laurel, MS Micro Area",2006,32797,29601,13855.0,24089.0,36136.0,60490.0
29860,"Laurel, MS Micro Area",2007,32268,32869,12543.0,25448.0,41153.0,64731.0
29860,"Laurel, MS Micro Area",2008,32551,35440,16142.0,29029.0,43460.0,63562.0
29860,"Laurel, MS Micro Area",2009,32827,31152,14504.0,24530.0,42886.0,69758.0
29860,"Laurel, MS Micro Area",2010,31467,35438,14657.0,28476.0,41673.0,67340.0
29860,"Laurel, MS Micro Area",2011,31987,36277,16027.0,27928.0,44393.0,72838.0
29860,"Laurel, MS Micro Area",2012,31722,34064,13865.0,26234.0,42346.0,71996.0
29860,"Laurel, MS Micro Area",2013,30768,34844,14129.0,28020.0,42748.0,66843.0
29860,"Laurel, MS Micro Area",2014,31075,37578,15130.0,28549.0,46971.0,80239.0
29860,"Laurel, MS Micro Area",2015,31527,32339,13632.0,25463.0,41546.0,74030.0
29860,"Laurel, MS Micro Area",2016,31111,40954,15638.0,30806.0,55578.0,85087.0
29860,"Laurel, MS Micro Area",2017,30755,38542,15182.0,31041.0,45649.0,82080.0
29860,"Laurel, MS Micro Area",2018,31092,44439,19608.0,34439.0,60649.0,87773.0
29860,"Laurel, MS Micro Area",2019,30018,39213,16193.0,31069.0,51974.0,77719.0
29860,"Laurel, MS Micro Area",2021,29084,41012,19267.0,30962.0,52941.0,86146.0
29860,"Laurel, MS Micro Area",2022,31727,57705,18834.0,42347.0,67683.0,105408.0
29860,"Laurel, MS Micro Area",2023,32059,47790,21425.0,36127.0,60311.0,103430.0
29860,"Laurel, MS Micro Area",2024,33618,50985,22808.0,40658.0,68732.0,110417.0
29940,"Lawrence, KS Metro Area",2005,41794,39191,,,,
29940,"Lawrence, KS Metro Area",2006,42662,46857,17854.0,35399.0,56112.0,83378.0
29940,"Lawrence, KS Metro Area",2007,43967,42772,18260.0,33206.0,58900.0,94453.0
29940,"Lawrence, KS Metro Area",2008,43730,46394,17520.0,36816.0,58255.0,92731.0
29940,"Lawrence, KS Metro Area",2009,44042,43367,15054.0,35384.0,54619.0,92204.0
29940,"Lawrence, KS Metro Area",2010,43385,47263,19460.0,36274.0,59260.0,93155.0
29940,"Lawrence, KS Metro Area",2011,43371,47757,19364.0,38840.0,58590.0,95500.0
29940,"Lawrence, KS Metro Area",2012,43992,50184,17712.0,37429.0,59143.0,98496.0
29940,"Lawrence, KS Metro Area",2013,42470,52150,21949.0,40519.0,64200.0,102208.0
29940,"Lawrence, KS Metro Area",2014,45224,48565,19605.0,35704.0,57190.0,95725.0
29940,"Lawrence, KS Metro Area",2015,42817,52964,19648.0,39968.0,70790.0,110348.0
29940,"Lawrence, KS Metro Area",2016,45572,56345,21365.0,41636.0,67914.0,109221.0
29940,"Lawrence, KS Metro Area",2017,47643,55646,21043.0,43596.0,71782.0,110634.0
29940,"Lawrence, KS Metro Area",2018,48907,54668,22271.0,44092.0,70205.0,112634.0
29940,"Lawrence, KS Metro Area",2019,48508,64233,27663.0,49766.0,78396.0,117135.0
29940,"Lawrence, KS Metro Area",2021,49759,56576,21375.0,45193.0,71072.0,115889.0
29940,"Lawrence, KS Metro Area",2022,50248,65774,26791.0,51335.0,81343.0,128945.0
29940,"Lawrence, KS Metro Area",2023,51013,66997,26055.0,52041.0,87743.0,135989.0
29940,"Lawrence, KS Metro Area",2024,51307,72449,30476.0,59038.0,91410.0,134690.0
30020,"Lawton, OK Metro Area",2005,40705,39883,,,,
30020,"Lawton, OK Metro Area",2006,41630,39591,18058.0,32835.0,49398.0,71946.0
30020,"Lawton, OK Metro Area",2007,41137,43693,18260.0,33711.0,51235.0,83271.0
30020,"Lawton, OK Metro Area",2008,42056,39142,17001.0,32030.0,50064.0,80177.0
30020,"Lawton, OK Metro Area",2009,41347,47867,21955.0,37546.0,56225.0,80646.0
30020,"Lawton, OK Metro Area",2010,46141,43817,17808.0,36053.0,54149.0,77786.0
30020,"Lawton, OK Metro Area",2011,44879,44585,21050.0,35067.0,54913.0,88706.0
30020,"Lawton, OK Metro Area",2012,43470,44874,19223.0,37970.0,54722.0,84648.0
30020,"Lawton, OK Metro Area",2013,45871,41813,18209.0,34054.0,52446.0,84286.0
30020,"Lawton, OK Metro Area",2014,43648,47584,20340.0,37123.0,59279.0,91596.0
30020,"Lawton, OK Metro Area",2015,43678,47617,20769.0,37512.0,59668.0,91764.0
30020,"Lawton, OK Metro Area",2016,45111,50980,23244.0,41169.0,66823.0,94272.0
30020,"Lawton, OK Metro Area",2017,46009,50702,20786.0,40078.0,62508.0,93147.0
30020,"Lawton, OK Metro Area",2018,44611,52034,21459.0,41367.0,64799.0,98661.0
30020,"Lawton, OK Metro Area",2019,44127,51332,21441.0,41342.0,62827.0,100402.0
30020,"Lawton, OK Metro Area",2021,46916,49422,20694.0,39460.0,62236.0,96889.0
30020,"Lawton, OK Metro Area",2022,47959,55148,25296.0,44743.0,68086.0,106070.0
30020,"Lawton, OK Metro Area",2023,48105,56680,25612.0,46908.0,68630.0,104571.0
30020,"Lawton, OK Metro Area",2024,47236,61848,25552.0,51152.0,75228.0,112755.0
30100,"Lebanon, NH-VT Micro Area",2005,68205,46434,,,,
30100,"Lebanon, NH-VT Micro Area",2006,68985,49526,21279.0,39947.0,60792.0,90336.0
30100,"Lebanon, NH-VT Micro Area",2007,69351,51099,25137.0,41906.0,61482.0,93037.0
30100,"Lebanon, NH-VT Micro Area",2008,67776,51963,23350.0,41390.0,63060.0,94581.0
30100,"Lebanon, NH-VT Micro Area",2009,68685,50010,22268.0,40101.0,61770.0,94432.0
30100,"Lebanon, NH-VT Micro Area",2010,70768,50134,22489.0,41014.0,60931.0,90940.0
30100,"Lebanon, NH-VT Micro Area",2011,70712,50871,23138.0,40223.0,63974.0,97832.0
30100,"Lebanon, NH-VT Micro Area",2012,73012,51723,23132.0,41637.0,64797.0,106427.0
30100,"Lebanon, NH-VT Micro Area",2019,90015,61321,26092.0,48339.0,77757.0,115922.0
30100,"Lebanon, NH-VT Micro Area",2021,86134,72588,31754.0,58266.0,91772.0,143414.0
30100,"Lebanon, NH-VT Micro Area",2022,92848,78347,32913.0,61204.0,95991.0,148388.0
30140,"Lebanon, PA Metro Area",2005,49008,47768,,,,
30140,"Lebanon, PA Metro Area",2006,49379,49189,23605.0,39981.0,60111.0,83092.0
30140,"Lebanon, PA Metro Area",2007,50110,46711,22404.0,38421.0,55539.0,85679.0
30140,"Lebanon, PA Metro Area",2008,51385,52650,23377.0,44302.0,63051.0,90807.0
30140,"Lebanon, PA Metro Area",2009,51614,50728,24650.0,42348.0,62138.0,91947.0
30140,"Lebanon, PA Metro Area",2010,50701,51436,25827.0,43067.0,62504.0,93237.0
30140,"Lebanon, PA Metro Area",2011,51744,55019,23844.0,43340.0,63622.0,90811.0
30140,"Lebanon, PA Metro Area",2012,52424,51557,22945.0,42385.0,63156.0,91785.0
30140,"Lebanon, PA Metro Area",2013,51901,55973,26482.0,45934.0,65527.0,98142.0
30140,"Lebanon, PA Metro Area",2014,51234,54068,27047.0,46146.0,66080.0,94994.0
30140,"Lebanon, PA Metro Area",2015,53200,52571,24998.0,42560.0,65355.0,95134.0
30140,"Lebanon, PA Metro Area",2016,51143,57248,24730.0,47339.0,68254.0,102668.0
30140,"Lebanon, PA Metro Area",2017,52786,57372,27618.0,47801.0,71005.0,102294.0
30140,"Lebanon, PA Metro Area",2018,54522,61362,27561.0,50672.0,73635.0,103906.0
30140,"Lebanon, PA Metro Area",2019,53861,61204,28257.0,50912.0,74760.0,118011.0
30140,"Lebanon, PA Metro Area",2021,54906,72732,31513.0,61656.0,88411.0,125936.0
30140,"Lebanon, PA Metro Area",2022,55245,68467,31269.0,55872.0,84256.0,129608.0
30140,"Lebanon, PA Metro Area",2023,58012,78824,35387.0,64029.0,92118.0,138094.0
30140,"Lebanon, PA Metro Area",2024,58914,72275,30909.0,57502.0,88302.0,135285.0
30150,"Lebanon-Claremont, NH-VT Micro Area",2023,98017,78937,33269.0,61663.0,97687.0,152367.0
30150,"Lebanon-Claremont, NH-VT Micro Area",2024,98544,84086,38001.0,66566.0,101480.0,157132.0
30300,"Lewiston, ID-WA Metro Area",2009,23660,43119,19445.0,32017.0,52405.0,76860.0
30300,"Lewiston, ID-WA Metro Area",2010,25143,39959,19346.0,31198.0,51231.0,78009.0
30300,"Lewiston, ID-WA Metro Area",2011,24682,42432,20043.0,34034.0,53933.0,82908.0
30300,"Lewiston, ID-WA Metro Area",2012,25325,44568,20432.0,35187.0,57434.0,81393.0
30300,"Lewiston, ID-WA Metro Area",2013,24527,45417,22642.0,38178.0,55758.0,85333.0
30300,"Lewiston, ID-WA Metro Area",2014,25932,44937,19571.0,36059.0,52972.0,84455.0
30300,"Lewiston, ID-WA Metro Area",2015,25354,52735,21661.0,39838.0,65672.0,96580.0
30300,"Lewiston, ID-WA Metro Area",2016,26373,47869,19991.0,37411.0,58200.0,87304.0
30300,"Lewiston, ID-WA Metro Area",2017,25553,55116,28088.0,44232.0,68401.0,103958.0
30300,"Lewiston, ID-WA Metro Area",2018,25267,51330,23360.0,41101.0,68314.0,94890.0
30300,"Lewiston, ID-WA Metro Area",2019,26915,61191,25427.0,50956.0,75022.0,114238.0
30300,"Lewiston, ID-WA Metro Area",2021,27019,57610,22352.0,44625.0,74140.0,112254.0
30300,"Lewiston, ID-WA Metro Area",2022,28080,66844,26534.0,53512.0,78393.0,118156.0
30300,"Lewiston, ID-WA Metro Area",2023,26723,71005,28956.0,53748.0,87192.0,131329.0
30300,"Lewiston, ID-WA Metro Area",2024,27518,77382,34472.0,62192.0,97431.0,137470.0
30340,"Lewiston-Auburn, ME Metro Area",2005,42328,43005,,,,
30340,"Lewiston-Auburn, ME Metro Area",2006,43684,37945,15962.0,30607.0,49319.0,70702.0
30340,"Lewiston-Auburn, ME Metro Area",2007,44369,46400,21023.0,37444.0,57593.0,80960.0
30340,"Lewiston-Auburn, ME Metro Area",2008,43334,45225,19945.0,35540.0,54004.0,82933.0
30340,"Lewiston-Auburn, ME Metro Area",2009,42718,39990,18851.0,33085.0,50049.0,76722.0
30340,"Lewiston-Auburn, ME Metro Area",2010,43918,41190,18502.0,32853.0,51088.0,77785.0
30340,"Lewiston-Auburn, ME Metro Area",2011,44655,44689,17465.0,33808.0,55951.0,83778.0
30340,"Lewiston-Auburn, ME Metro Area",2012,44641,44297,17741.0,34581.0,57201.0,86889.0
30340,"Lewiston-Auburn, ME Metro Area",2013,43736,44127,18794.0,35459.0,52998.0,78253.0
30340,"Lewiston-Auburn, ME Metro Area",2014,44267,48007,18143.0,37202.0,59430.0,90758.0
30340,"Lewiston-Auburn, ME Metro Area",2015,45138,50338,18921.0,39516.0,61525.0,88791.0
30340,"Lewiston-Auburn, ME Metro Area",2016,44917,49081,22351.0,38868.0,60588.0,90565.0
30340,"Lewiston-Auburn, ME Metro Area",2017,45979,48286,19483.0,39725.0,60599.0,95291.0
30340,"Lewiston-Auburn, ME Metro Area",2018,44897,49697,20191.0,39652.0,64650.0,101582.0
30340,"Lewiston-Auburn, ME Metro Area",2019,45924,63813,29382.0,48207.0,76817.0,111565.0
30340,"Lewiston-Auburn, ME Metro Area",2021,46323,62958,25814.0,47781.0,74448.0,108797.0
30340,"Lewiston-Auburn, ME Metro Area",2022,46233,63438,31747.0,52991.0,75730.0,117837.0
30340,"Lewiston-Auburn, ME Metro Area",2023,48239,63404,27858.0,50590.0,80508.0,117215.0
30340,"Lewiston-Auburn, ME Metro Area",2024,47272,68775,29230.0,55034.0,82109.0,128470.0
30460,"Lexington-Fayette, KY Metro Area",2005,176273,42612,,,,
30460,"Lexington-Fayette, KY Metro Area",2006,181715,45531,18017.0,36188.0,58465.0,90592.0
30460,"Lexington-Fayette, KY Metro Area",2007,183856,47081,19430.0,37174.0,57702.0,90504.0
30460,"Lexington-Fayette, KY Metro Area",2008,188673,50690,20424.0,39517.0,63046.0,96321.0
30460,"Lexington-Fayette, KY Metro Area",2009,188888,46735,18623.0,36080.0,59006.0,94660.0
30460,"Lexington-Fayette, KY Metro Area",2010,190535,46257,18424.0,35551.0,57505.0,90525.0
30460,"Lexington-Fayette, KY Metro Area",2011,189941,47120,17498.0,37087.0,60359.0,99033.0
30460,"Lexington-Fayette, KY Metro Area",2012,191487,47952,20804.0,37901.0,62027.0,100104.0
30460,"Lexington-Fayette, KY Metro Area",2013,193193,50279,19978.0,38779.0,63059.0,98596.0
30460,"Lexington-Fayette, KY Metro Area",2014,196716,50270,20384.0,39016.0,62278.0,100001.0
30460,"Lexington-Fayette, KY Metro Area",2015,199299,53117,21375.0,40637.0,66264.0,102397.0
30460,"Lexington-Fayette, KY Metro Area",2016,197789,53769,21950.0,42772.0,67992.0,107449.0
30460,"Lexington-Fayette, KY Metro Area",2017,202610,58069,23668.0,44101.0,72326.0,113661.0
30460,"Lexington-Fayette, KY Metro Area",2018,204420,56784,26510.0,45405.0,71748.0,116756.0
30460,"Lexington-Fayette, KY Metro Area",2019,205914,60492,26227.0,47702.0,75410.0,117337.0
30460,"Lexington-Fayette, KY Metro Area",2021,215613,62612,25709.0,50700.0,78104.0,124329.0
30460,"Lexington-Fayette, KY Metro Area",2022,216988,65964,26139.0,52005.0,81735.0,139904.0
30460,"Lexington-Fayette, KY Metro Area",2023,222167,70027,29472.0,53095.0,87638.0,141973.0
30460,"Lexington-Fayette, KY Metro Area",2024,221234,71444,32413.0,58529.0,89620.0,145312.0
30500,"Lexington Park, MD Micro Area",2005,36045,62939,,,,
30500,"Lexington Park, MD Micro Area",2006,36354,71158,32647.0,57818.0,80387.0,117728.0
30500,"Lexington Park, MD Micro Area",2007,36841,75769,35104.0,65376.0,87419.0,123718.0
30500,"Lexington Park, MD Micro Area",2008,36933,80624,39922.0,69824.0,96762.0,135529.0
30500,"Lexington Park, MD Micro Area",2009,37546,72474,32436.0,59772.0,88951.0,124898.0
30500,"Lexington Park, MD Micro Area",2010,37051,88444,41194.0,75862.0,100731.0,142435.0
30500,"Lexington Park, MD Micro Area",2011,36967,81657,36175.0,70367.0,96812.0,137350.0
30500,"Lexington Park, MD Micro Area",2012,39195,86358,44618.0,75370.0,100898.0,139650.0
30500,"Lexington Park, MD Metro Area",2023,76869,116297,57029.0,95361.0,139368.0,208639.0
30500,"Lexington Park, MD Metro Area",2024,76250,122406,59629.0,103606.0,156805.0,208911.0
30620,"Lima, OH Metro Area",2005,40711,41712,,,,
30620,"Lima, OH Metro Area",2006,40033,44100,19004.0,35375.0,54612.0,81056.0
30620,"Lima, OH Metro Area",2007,41743,44002,19956.0,35473.0,53080.0,76679.0
30620,"Lima, OH Metro Area",2008,39989,44210,18599.0,33444.0,53993.0,78184.0
30620,"Lima, OH Metro Area",2009,41294,37855,16577.0,30544.0,48107.0,74867.0
30620,"Lima, OH Metro Area",2010,40615,41057,16557.0,31532.0,51156.0,77026.0
30620,"Lima, OH Metro Area",2011,40269,41307,16645.0,32336.0,51897.0,81634.0
30620,"Lima, OH Metro Area",2012,40366,41729,16694.0,33355.0,52614.0,77011.0
30620,"Lima, OH Metro Area",2013,40359,43030,19642.0,34052.0,55352.0,84499.0
30620,"Lima, OH Metro Area",2014,39412,42701,17264.0,33737.0,54037.0,77869.0
30620,"Lima, OH Metro Area",2015,40234,50332,20017.0,38957.0,60243.0,88038.0
30620,"Lima, OH Metro Area",2016,39982,47592,19400.0,35370.0,56258.0,85828.0
30620,"Lima, OH Metro Area",2017,40872,51542,21253.0,41515.0,62737.0,97403.0
30620,"Lima, OH Metro Area",2018,41204,49063,21665.0,39181.0,60752.0,93829.0
30620,"Lima, OH Metro Area",2019,40460,60429,26681.0,46254.0,69158.0,95552.0
30620,"Lima, OH Metro Area",2021,41021,51497,23566.0,42324.0,66558.0,102517.0
30620,"Lima, OH Metro Area",2022,41028,59880,26551.0,49607.0,74875.0,113138.0
30620,"Lima, OH Metro Area",2023,42147,66891,30070.0,51799.0,82040.0,116727.0
30620,"Lima, OH Metro Area",2024,41808,67668,24779.0,56858.0,78399.0,116189.0
30700,"Lincoln, NE Metro Area",2005,113420,47029,,,,
30700,"Lincoln, NE Metro Area",2006,114385,48511,20845.0,38411.0,58705.0,86934.0
30700,"Lincoln, NE Metro Area",2007,114859,49238,22150.0,39379.0,60720.0,90997.0
30700,"Lincoln, NE Metro Area",2008,114128,52585,22446.0,42448.0,62304.0,92631.0
30700,"Lincoln, NE Metro Area",2009,117452,47933,20045.0,36867.0,60165.0,89615.0
30700,"Lincoln, NE Metro Area",2010,120407,50091,21554.0,39432.0,58015.0,91558.0
30700,"Lincoln, NE Metro Area",2011,120966,49315,22013.0,38496.0,62475.0,99158.0
30700,"Lincoln, NE Metro Area",2012,121906,50668,21479.0,40860.0,62909.0,96529.0
30700,"Lincoln, NE Metro Area",2013,123469,52300,23448.0,41680.0,63755.0,100314.0
30700,"Lincoln, NE Metro Area",2014,125923,52046,23632.0,41174.0,63850.0,101641.0
30700,"Lincoln, NE Metro Area",2015,127316,54002,23342.0,43216.0,67737.0,105140.0
30700,"Lincoln, NE Metro Area",2016,128292,59344,25236.0,44855.0,72263.0,107913.0
30700,"Lincoln, NE Metro Area",2017,129363,60057,27442.0,48187.0,71733.0,113698.0
30700,"Lincoln, NE Metro Area",2018,132621,58506,27899.0,48007.0,72713.0,111546.0
30700,"Lincoln, NE Metro Area",2019,135008,61539,29537.0,50551.0,75013.0,117974.0
30700,"Lincoln, NE Metro Area",2021,138209,65229,29086.0,52135.0,81929.0,128439.0
30700,"Lincoln, NE Metro Area",2022,138815,67235,31112.0,52054.0,85838.0,131880.0
30700,"Lincoln, NE Metro Area",2023,144767,71163,32376.0,56675.0,87267.0,136078.0
30700,"Lincoln, NE Metro Area",2024,146302,74935,31232.0,56935.0,91647.0,135555.0
30740,"Lincolnton, NC Micro Area",2005,26553,45001,,,,
30740,"Lincolnton, NC Micro Area",2006,27271,38433,18193.0,27831.0,49605.0,72927.0
30740,"Lincolnton, NC Micro Area",2007,28117,49092,22101.0,40388.0,59371.0,83281.0
30740,"Lincolnton, NC Micro Area",2008,28017,49279,19700.0,38367.0,56219.0,92222.0
30740,"Lincolnton, NC Micro Area",2009,28854,47242,16863.0,35816.0,58291.0,87640.0
30740,"Lincolnton, NC Micro Area",2010,29404,42456,19746.0,35567.0,52231.0,84102.0
30740,"Lincolnton, NC Micro Area",2011,28730,52147,20661.0,41011.0,64463.0,106072.0
30740,"Lincolnton, NC Micro Area",2012,31298,46098,20162.0,38723.0,56504.0,91596.0
30780,"Little Rock-North Little Rock, AR Metro Area",2005,254823,42089,,,,
30780,"Little Rock-North Little Rock, AR Metro Area",2006,264312,44756,19125.0,35587.0,54382.0,84113.0
30780,"Little Rock-North Little Rock-Conway, AR Metro Area",2007,260616,45817,20110.0,36806.0,57047.0,86850.0
30780,"Little Rock-North Little Rock-Conway, AR Metro Area",2008,272612,45271,20019.0,36286.0,55316.0,88084.0
30780,"Little Rock-North Little Rock-Conway, AR Metro Area",2009,269175,45967,19131.0,36396.0,56605.0,90226.0
30780,"Little Rock-North Little Rock-Conway, AR Metro Area",2010,272455,45991,20051.0,36208.0,58421.0,89737.0
30780,"Little Rock-North Little Rock-Conway, AR Metro Area",2011,273692,46620,19507.0,36452.0,57866.0,91788.0
30780,"Little Rock-North Little Rock-Conway, AR Metro Area",2012,277026,47845,20111.0,38032.0,59307.0,93951.0
30780,"Little Rock-North Little Rock-Conway, AR Metro Area",2013,267748,48304,21427.0,38885.0,60175.0,94704.0
30780,"Little Rock-North Little Rock-Conway, AR Metro Area",2014,273841,48330,21541.0,38650.0,60044.0,94074.0
30780,"Little Rock-North Little Rock-Conway, AR Metro Area",2015,282914,49066,20876.0,38756.0,61012.0,99680.0
30780,"Little Rock-North Little Rock-Conway, AR Metro Area",2016,285036,51501,21503.0,41031.0,63929.0,101439.0
30780,"Little Rock-North Little Rock-Conway, AR Metro Area",2017,283142,53173,22997.0,41669.0,66335.0,105064.0
30780,"Little Rock-North Little Rock-Conway, AR Metro Area",2018,284383,52102,22353.0,41493.0,66393.0,110677.0
30780,"Little Rock-North Little Rock-Conway, AR Metro Area",2019,288565,56849,23934.0,44058.0,69654.0,107576.0
30780,"Little Rock-North Little Rock-Conway, AR Metro Area",2021,308436,58357,24424.0,46612.0,73353.0,117130.0
30780,"Little Rock-North Little Rock-Conway, AR Metro Area",2022,313550,60931,25378.0,47231.0,75853.0,118478.0
30780,"Little Rock-North Little Rock-Conway, AR Metro Area",2023,310926,66225,29327.0,52816.0,81553.0,130414.0
30780,"Little Rock-North Little Rock-Conway, AR Metro Area",2024,321875,68344,30228.0,54313.0,85044.0,131223.0
30860,"Logan, UT-ID Metro Area",2005,36292,40194,,,,
30860,"Logan, UT-ID Metro Area",2006,35487,42544,20844.0,33792.0,53045.0,78614.0
30860,"Logan, UT-ID Metro Area",2007,35980,45412,24593.0,36432.0,59173.0,83273.0
30860,"Logan, UT-ID Metro Area",2008,37745,49070,23841.0,40290.0,57299.0,86462.0
30860,"Logan, UT-ID Metro Area",2009,37786,45314,22485.0,38332.0,54808.0,82183.0
30860,"Logan, UT-ID Metro Area",2010,40170,46215,20864.0,38055.0,54855.0,82009.0
30860,"Logan, UT-ID Metro Area",2011,38677,46356,23569.0,37247.0,58091.0,85322.0
30860,"Logan, UT-ID Metro Area",2012,39798,45813,21768.0,37318.0,56172.0,82796.0
30860,"Logan, UT-ID Metro Area",2013,39593,47377,23286.0,38751.0,57698.0,86276.0
30860,"Logan, UT-ID Metro Area",2014,40017,51497,23764.0,41902.0,61169.0,88279.0
30860,"Logan, UT-ID Metro Area",2015,40927,51555,24628.0,41994.0,63758.0,96497.0
30860,"Logan, UT-ID Metro Area",2016,41158,57414,26541.0,46724.0,66994.0,99857.0
30860,"Logan, UT-ID Metro Area",2017,42764,52974,25613.0,42716.0,68089.0,99979.0
30860,"Logan, UT-ID Metro Area",2018,43423,59414,26911.0,47685.0,72668.0,101933.0
30860,"Logan, UT-ID Metro Area",2019,45043,61467,28490.0,49965.0,73475.0,106052.0
30860,"Logan, UT-ID Metro Area",2021,48180,67022,31383.0,53402.0,79926.0,121508.0
30860,"Logan, UT-ID Metro Area",2022,50421,76091,35738.0,62531.0,92493.0,129188.0
30860,"Logan, UT-ID Metro Area",2023,51478,85111,41684.0,68356.0,102119.0,142171.0
30860,"Logan, UT-ID Metro Area",2024,51100,81144,39975.0,66224.0,94670.0,139763.0
30940,"London, KY Micro Area",2013,47946,32644,13265.0,25383.0,38122.0,64302.0
30940,"London, KY Micro Area",2014,47472,30360,13371.0,25112.0,38312.0,59452.0
30940,"London, KY Micro Area",2015,48946,35693,12079.0,26052.0,44900.0,72176.0
30940,"London, KY Micro Area",2016,44859,32935,11636.0,24008.0,47474.0,74481.0
30940,"London, KY Micro Area",2017,46409,33772,9529.0,23995.0,44488.0,68076.0
30940,"London, KY Micro Area",2018,45501,38753,15189.0,28920.0,49483.0,80750.0
30940,"London, KY Micro Area",2019,54207,37029,12323.0,28286.0,49358.0,83378.0
30940,"London, KY Micro Area",2021,55381,40951,13361.0,31284.0,51313.0,82139.0
30940,"London, KY Micro Area",2022,57707,45943,15125.0,34587.0,58101.0,90763.0
30980,"Longview, TX Metro Area",2005,74648,36838,,,,
30980,"Longview, TX Metro Area",2006,76801,39814,17224.0,30974.0,49971.0,77633.0
30980,"Longview, TX Metro Area",2007,78074,41292,18364.0,33317.0,51414.0,83281.0
30980,"Longview, TX Metro Area",2008,79198,44958,20340.0,37129.0,56445.0,88264.0
30980,"Longview, TX Metro Area",2009,77214,43652,18316.0,35127.0,54677.0,83310.0
30980,"Longview, TX Metro Area",2010,76660,41842,16767.0,33783.0,53826.0,82206.0
30980,"Longview, TX Metro Area",2011,76849,42916,18060.0,33921.0,53436.0,84362.0
30980,"Longview, TX Metro Area",2012,75316,42522,18497.0,34703.0,53754.0,89708.0
30980,"Longview, TX Metro Area",2013,76957,45175,19076.0,34649.0,54651.0,91982.0
30980,"Longview, TX Metro Area",2014,78567,49500,20174.0,37390.0,60927.0,95180.0
30980,"Longview, TX Metro Area",2015,76401,47532,21224.0,38196.0,60353.0,96228.0
30980,"Longview, TX Metro Area",2016,77356,45773,20227.0,36739.0,56365.0,94254.0
30980,"Longview, TX Metro Area",2017,76055,48259,21965.0,38572.0,60976.0,95632.0
30980,"Longview, TX Metro Area",2018,76416,51296,23180.0,40094.0,66146.0,105914.0
30980,"Longview, TX Metro Area",2019,102964,55970,22839.0,43876.0,71250.0,110519.0
30980,"Longview, TX Metro Area",2021,106151,56777,22426.0,43393.0,69983.0,106564.0
30980,"Longview, TX Metro Area",2022,109049,62627,26011.0,48756.0,75449.0,121515.0
30980,"Longview, TX Metro Area",2023,108309,63956,27784.0,51737.0,81196.0,122743.0
30980,"Longview, TX Metro Area",2024,111483,65711,28348.0,51007.0,81782.0,129049.0
31020,"Longview, WA Metro Area",2005,37746,41647,,,,
31020,"Longview, WA Metro Area",2006,37963,43728,19040.0,36767.0,52854.0,82861.0
31020,"Longview, WA Metro Area",2007,38117,44118,21159.0,34112.0,51938.0,78053.0
31020,"Longview, WA Metro Area",2008,38042,47398,20464.0,38434.0,56681.0,83494.0
31020,"Longview, WA Metro Area",2009,38507,45493,19318.0,36772.0,56159.0,86300.0
31020,"Longview, WA Metro Area",2010,40475,41054,14932.0,31882.0,50855.0,81402.0
31020,"Longview, WA Metro Area",2011,40659,42031,18194.0,32362.0,53755.0,82923.0
31020,"Longview, WA Metro Area",2012,38834,47692,17500.0,39498.0,56567.0,82794.0
31020,"Longview, WA Metro Area",2013,38483,48417,20934.0,36232.0,61001.0,94646.0
31020,"Longview, WA Metro Area",2014,40036,42223,18348.0,32735.0,52138.0,81482.0
31020,"Longview, WA Metro Area",2015,40187,49949,22160.0,41111.0,62589.0,100438.0
31020,"Longview, WA Metro Area",2016,40170,50637,20155.0,40166.0,63157.0,97890.0
31020,"Longview, WA Metro Area",2017,41611,49456,21932.0,39975.0,62933.0,94276.0
31020,"Longview, WA Metro Area",2018,43279,59225,24988.0,44008.0,70864.0,105584.0
31020,"Longview, WA Metro Area",2019,42790,55497,25934.0,45172.0,66606.0,104187.0
31020,"Longview, WA Metro Area",2021,43204,71194,28168.0,52516.0,83253.0,126852.0
31020,"Longview, WA Metro Area",2022,44049,72055,27514.0,56877.0,86921.0,131836.0
31020,"Longview-Kelso, WA Metro Area",2023,44694,70959,31571.0,59563.0,90563.0,135340.0
31020,"Longview-Kelso, WA Metro Area",2024,45444,78460,37495.0,61718.0,99302.0,149208.0
31080,"Los Angeles-Long Beach-Anaheim, CA Metro Area",2013,4251495,58869,22633.0,45517.0,75079.0,122462.0
31080,"Los Angeles-Long Beach-Anaheim, CA Metro Area",2014,4287974,60514,23743.0,46630.0,76743.0,126969.0
31080,"Los Angeles-Long Beach-Anaheim, CA Metro Area",2015,4315637,62544,25007.0,48745.0,80489.0,131549.0
31080,"Los Angeles-Long Beach-Anaheim, CA Metro Area",2016,4337807,65950,25626.0,51002.0,83229.0,136929.0
31080,"Los Angeles-Long Beach-Anaheim, CA Metro Area",2017,4348543,69992,27141.0,53937.0,87627.0,142440.0
31080,"Los Angeles-Long Beach-Anaheim, CA Metro Area",2018,4354302,72563,28538.0,56744.0,91530.0,149372.0
31080,"Los Angeles-Long Beach-Anaheim, CA Metro Area",2019,4372678,77774,30976.0,60911.0,97909.0,156720.0
31080,"Los Angeles-Long Beach-Anaheim, CA Metro Area",2021,4452780,82503,30810.0,63982.0,102927.0,167767.0
31080,"Los Angeles-Long Beach-Anaheim, CA Metro Area",2022,4500951,87743,33400.0,68353.0,109634.0,182310.0
31080,"Los Angeles-Long Beach-Anaheim, CA Metro Area",2023,4542998,91960,35855.0,71873.0,115295.0,189182.0
31080,"Los Angeles-Long Beach-Anaheim, CA Metro Area",2024,4583939,96405,37709.0,75592.0,120380.0,198348.0
31100,"Los Angeles-Long Beach-Santa Ana, CA Metro Area",2005,4154312,51824,,,,
31100,"Los Angeles-Long Beach-Santa Ana, CA Metro Area",2006,4143240,55516,22714.0,43192.0,69303.0,110817.0
31100,"Los Angeles-Long Beach-Santa Ana, CA Metro Area",2007,4158616,58047,24164.0,45540.0,72139.0,117690.0
31100,"Los Angeles-Long Beach-Santa Ana, CA Metro Area",2008,4139921,60264,24194.0,46689.0,75071.0,121399.0
31100,"Los Angeles-Long Beach-Santa Ana, CA Metro Area",2009,4142093,58525,23987.0,45984.0,73145.0,117260.0
31100,"Los Angeles-Long Beach-Santa Ana, CA Metro Area",2010,4188650,56691,22827.0,44243.0,71664.0,115836.0
31100,"Los Angeles-Long Beach-Santa Ana, CA Metro Area",2011,4194650,56653,22238.0,43912.0,72114.0,118384.0
31100,"Los Angeles-Long Beach-Santa Ana, CA Metro Area",2012,4227028,57271,22423.0,44401.0,72816.0,120582.0
31140,"Louisville, KY-IN Metro Area",2005,486904,43344,,,,
31140,"Louisville-Jefferson County, KY-IN Metro Area",2006,489229,45115,19759.0,36019.0,55538.0,84046.0
31140,"Louisville-Jefferson County, KY-IN Metro Area",2007,490447,45697,19978.0,36434.0,56112.0,87925.0
31140,"Louisville-Jefferson County, KY-IN Metro Area",2008,497535,48741,20340.0,39167.0,60249.0,92360.0
31140,"Louisville-Jefferson County, KY-IN Metro Area",2009,500367,46786,20176.0,37234.0,57845.0,89324.0
31140,"Louisville/Jefferson County, KY-IN Metro Area",2010,510653,44678,19935.0,36229.0,56775.0,88576.0
31140,"Louisville/Jefferson County, KY-IN Metro Area",2011,499056,47580,19633.0,37674.0,60488.0,93621.0
31140,"Louisville/Jefferson County, KY-IN Metro Area",2012,510269,48895,20155.0,38045.0,60420.0,93718.0
31140,"Louisville/Jefferson County, KY-IN Metro Area",2013,494276,50905,21658.0,40704.0,62638.0,98519.0
31140,"Louisville/Jefferson County, KY-IN Metro Area",2014,493973,50932,20846.0,40709.0,62573.0,100191.0
31140,"Louisville/Jefferson County, KY-IN Metro Area",2015,496455,52898,22653.0,42003.0,65779.0,101464.0
31140,"Louisville/Jefferson County, KY-IN Metro Area",2016,501827,54546,24455.0,42695.0,68564.0,105792.0
31140,"Louisville/Jefferson County, KY-IN Metro Area",2017,502581,57279,24896.0,45502.0,70720.0,111887.0
31140,"Louisville/Jefferson County, KY-IN Metro Area",2018,507467,57405,24634.0,46020.0,72262.0,113740.0
31140,"Louisville/Jefferson County, KY-IN Metro Area",2019,495246,61172,26882.0,48960.0,74733.0,116421.0
31140,"Louisville/Jefferson County, KY-IN Metro Area",2021,522921,64029,27680.0,49766.0,78855.0,124038.0
31140,"Louisville/Jefferson County, KY-IN Metro Area",2022,535884,69547,30298.0,55334.0,86084.0,134260.0
31140,"Louisville/Jefferson County, KY-IN Metro Area",2023,563933,68921,28896.0,54202.0,84816.0,135374.0
31140,"Louisville/Jefferson County, KY-IN Metro Area",2024,570303,74305,31109.0,59677.0,91265.0,143842.0
31180,"Lubbock, TX Metro Area",2005,100918,34823,,,,
31180,"Lubbock, TX Metro Area",2006,103957,37602,15056.0,30197.0,47200.0,77310.0
31180,"Lubbock, TX Metro Area",2007,102662,41538,16665.0,32991.0,51170.0,80965.0
31180,"Lubbock, TX Metro Area",2008,107411,44810,17135.0,34312.0,54852.0,88263.0
31180,"Lubbock, TX Metro Area",2009,107782,39146,16044.0,32407.0,48779.0,77957.0
31180,"Lubbock, TX Metro Area",2010,107367,42126,17043.0,32044.0,52247.0,84289.0
31180,"Lubbock, TX Metro Area",2011,106702,43324,16454.0,31976.0,52228.0,88321.0
31180,"Lubbock, TX Metro Area",2012,108426,41667,17600.0,32810.0,52077.0,86983.0
31180,"Lubbock, TX Metro Area",2013,110295,47172,20194.0,37414.0,57738.0,95946.0
31180,"Lubbock, TX Metro Area",2014,115322,45825,19772.0,36236.0,55178.0,89414.0
31180,"Lubbock, TX Metro Area",2015,112853,47291,20536.0,38504.0,59095.0,95809.0
31180,"Lubbock, TX Metro Area",2016,116122,48671,21433.0,39867.0,60428.0,96735.0
31180,"Lubbock, TX Metro Area",2017,116077,47276,18536.0,34665.0,60648.0,100907.0
31180,"Lubbock, TX Metro Area",2018,120125,49974,19262.0,38285.0,65044.0,102975.0
31180,"Lubbock, TX Metro Area",2019,121838,54598,23029.0,43551.0,69440.0,109990.0
31180,"Lubbock, TX Metro Area",2021,129092,57634,21244.0,44251.0,73094.0,112368.0
31180,"Lubbock, TX Metro Area",2022,132085,59228,22493.0,45259.0,76832.0,119475.0
31180,"Lubbock, TX Metro Area",2023,143229,57093,25485.0,46268.0,74302.0,121302.0
31180,"Lubbock, TX Metro Area",2024,143160,64469,27877.0,50800.0,80997.0,129129.0
31260,"Lufkin, TX Micro Area",2005,29708,37236,,,,
31260,"Lufkin, TX Micro Area",2006,30679,40670,19747.0,32210.0,50014.0,74571.0
31260,"Lufkin, TX Micro Area",2007,29877,36464,16992.0,29444.0,47664.0,75252.0
31260,"Lufkin, TX Micro Area",2008,30236,33796,14852.0,27528.0,44070.0,72909.0
31260,"Lufkin, TX Micro Area",2009,29418,37931,18934.0,29035.0,45100.0,79955.0
31260,"Lufkin, TX Micro Area",2010,31735,37775,17377.0,30720.0,49020.0,73790.0
31260,"Lufkin, TX Micro Area",2011,30706,39007,17311.0,33231.0,46681.0,74256.0
31260,"Lufkin, TX Micro Area",2012,30199,39489,16685.0,31657.0,47662.0,78422.0
31260,"Lufkin, TX Micro Area",2013,30103,42750,18102.0,31708.0,50860.0,83819.0
31260,"Lufkin, TX Micro Area",2014,30344,42156,18086.0,35905.0,51711.0,78340.0
31260,"Lufkin, TX Micro Area",2015,30052,49768,17977.0,36371.0,57452.0,90388.0
31260,"Lufkin, TX Micro Area",2016,30210,41161,17611.0,30860.0,51308.0,78056.0
31260,"Lufkin, TX Micro Area",2017,31544,45326,18445.0,33346.0,58524.0,89965.0
31260,"Lufkin, TX Micro Area",2018,29898,47519,21426.0,35143.0,56406.0,86391.0
31260,"Lufkin, TX Micro Area",2019,32293,53320,23454.0,45210.0,61843.0,93308.0
31260,"Lufkin, TX Micro Area",2021,32538,50045,19682.0,37608.0,65039.0,97780.0
31260,"Lufkin, TX Micro Area",2022,34276,58180,25425.0,45381.0,71408.0,107171.0
31260,"Lufkin, TX Micro Area",2023,31996,56864,21407.0,43900.0,71594.0,105650.0
31260,"Lufkin, TX Micro Area",2024,32821,63719,35026.0,54382.0,76852.0,108926.0
31300,"Lumberton, NC Micro Area",2005,44887,25107,,,,
31300,"Lumberton, NC Micro Area",2006,42811,26646,9620.0,21277.0,35169.0,59901.0
31300,"Lumberton, NC Micro Area",2007,43263,30882,11896.0,23417.0,37991.0,60937.0
31300,"Lumberton, NC Micro Area",2008,41909,30932,13013.0,24508.0,39175.0,63942.0
31300,"Lumberton, NC Micro Area",2009,43393,24788,11954.0,20055.0,32080.0,60134.0
31300,"Lumberton, NC Micro Area",2010,43237,29453,12219.0,22832.0,35561.0,58445.0
31300,"Lumberton, NC Micro Area",2011,44026,30806,12947.0,23682.0,40538.0,68535.0
31300,"Lumberton, NC Micro Area",2012,46555,28293,10816.0,21642.0,36762.0,65386.0
31300,"Lumberton, NC Micro Area",2013,45641,29542,11831.0,23031.0,37672.0,60650.0
31300,"Lumberton, NC Micro Area",2014,46484,29889,11305.0,23002.0,36936.0,62034.0
31300,"Lumberton, NC Micro Area",2015,45373,31558,11617.0,23403.0,40601.0,66479.0
31300,"Lumberton, NC Micro Area",2016,45123,34254,13424.0,26403.0,44077.0,73181.0
31300,"Lumberton, NC Micro Area",2017,45351,32729,12649.0,25897.0,43835.0,74663.0
31300,"Lumberton, NC Micro Area",2018,46026,35037,13683.0,27132.0,44556.0,71794.0
31300,"Lumberton, NC Micro Area",2019,46272,35035,11806.0,25667.0,43191.0,74382.0
31300,"Lumberton, NC Micro Area",2021,43529,37008,13980.0,28281.0,48767.0,80150.0
31300,"Lumberton, NC Micro Area",2022,43716,38610,14158.0,29831.0,48923.0,84339.0
31300,"Lumberton, NC Micro Area",2023,43590,40996,15329.0,31323.0,53092.0,90643.0
31300,"Lumberton, NC Micro Area",2024,44345,45740,16438.0,35311.0,56308.0,90254.0
31340,"Lynchburg, VA Metro Area",2005,94979,40598,,,,
31340,"Lynchburg, VA Metro Area",2006,97175,42228,18223.0,32423.0,52184.0,80298.0
31340,"Lynchburg, VA Metro Area",2007,96430,42086,18592.0,33430.0,52931.0,79258.0
31340,"Lynchburg, VA Metro Area",2008,97770,44447,20424.0,36763.0,54633.0,85333.0
31340,"Lynchburg, VA Metro Area",2009,96823,44800,19727.0,36136.0,55470.0,85472.0
31340,"Lynchburg, VA Metro Area",2010,96553,41248,17491.0,33329.0,51884.0,83794.0
31340,"Lynchburg, VA Metro Area",2011,97771,46734,19101.0,37169.0,58162.0,87134.0
31340,"Lynchburg, VA Metro Area",2012,99273,43082,17982.0,35673.0,54754.0,86177.0
31340,"Lynchburg, VA Metro Area",2013,102320,47821,19358.0,37132.0,58405.0,89502.0
31340,"Lynchburg, VA Metro Area",2014,98399,47567,19437.0,37505.0,59740.0,91723.0
31340,"Lynchburg, VA Metro Area",2015,100497,48090,20974.0,38371.0,60152.0,92067.0
31340,"Lynchburg, VA Metro Area",2016,97679,48530,20841.0,38922.0,61519.0,94301.0
31340,"Lynchburg, VA Metro Area",2017,98409,52976,22419.0,41820.0,66081.0,95081.0
31340,"Lynchburg, VA Metro Area",2018,103276,51143,23297.0,39658.0,65683.0,98960.0
31340,"Lynchburg, VA Metro Area",2019,102879,57736,26410.0,44633.0,72024.0,110524.0
31340,"Lynchburg, VA Metro Area",2021,103894,58617,27918.0,48197.0,73522.0,115204.0
31340,"Lynchburg, VA Metro Area",2022,102617,62918,25062.0,48918.0,75526.0,119404.0
31340,"Lynchburg, VA Metro Area",2023,104544,67050,27668.0,50688.0,84837.0,125921.0
31340,"Lynchburg, VA Metro Area",2024,107298,65735,27914.0,51235.0,81793.0,126025.0
31420,"Macon, GA Metro Area",2005,85293,36878,,,,
31420,"Macon, GA Metro Area",2006,82317,36995,14952.0,29284.0,48237.0,77219.0
31420,"Macon, GA Metro Area",2007,85104,39879,14722.0,30212.0,50121.0,82271.0
31420,"Macon, GA Metro Area",2008,88284,42634,15122.0,30824.0,50770.0,82056.0
31420,"Macon, GA Metro Area",2009,86053,39415,14948.0,29905.0,50176.0,83682.0
31420,"Macon, GA Metro Area",2010,82543,37507,15579.0,29577.0,51692.0,86828.0
31420,"Macon, GA Metro Area",2011,83811,36888,14252.0,27740.0,47088.0,78650.0
31420,"Macon, GA Metro Area",2012,84022,39525,14539.0,29850.0,51113.0,83673.0
31420,"Macon, GA Metro Area",2013,80190,39484,14763.0,29289.0,52117.0,81438.0
31420,"Macon, GA Metro Area",2014,84688,38146,14254.0,29214.0,50606.0,90205.0
31420,"Macon, GA Metro Area",2015,86400,40067,13830.0,30865.0,51155.0,89219.0
31420,"Macon-Bibb County, GA Metro Area",2016,86633,39973,14081.0,30828.0,51575.0,89308.0
31420,"Macon-Bibb County, GA Metro Area",2017,84028,41303,17164.0,32028.0,54259.0,90657.0
31420,"Macon-Bibb County, GA Metro Area",2018,84705,42615,15717.0,31580.0,55099.0,89504.0
31420,"Macon-Bibb County, GA Metro Area",2019,85864,48435,17398.0,36558.0,62063.0,101573.0
31420,"Macon-Bibb County, GA Metro Area",2021,85760,53397,21106.0,41221.0,65323.0,108854.0
31420,"Macon-Bibb County, GA Metro Area",2022,91458,52574,20355.0,39973.0,66726.0,110758.0
31420,"Macon-Bibb County, GA Metro Area",2023,89842,59750,21958.0,44009.0,73929.0,121325.0
31420,"Macon-Bibb County, GA Metro Area",2024,89704,56638,22846.0,42271.0,76874.0,126372.0
31460,"Madera, CA Metro Area",2005,41337,46787,,,,
31460,"Madera, CA Metro Area",2006,41052,39068,18893.0,31720.0,47300.0,78373.0
31460,"Madera, CA Metro Area",2007,43355,44975,21393.0,35157.0,55725.0,88360.0
31460,"Madera, CA Metro Area",2008,41888,47394,20883.0,39948.0,55935.0,90360.0
31460,"Madera-Chowchilla, CA Metro Area",2009,43393,44135,20589.0,33871.0,54196.0,93106.0
31460,"Madera-Chowchilla, CA Metro Area",2010,42189,48268,21631.0,37889.0,59972.0,97532.0
31460,"Madera-Chowchilla, CA Metro Area",2011,40786,46570,20959.0,35715.0,53770.0,84308.0
31460,"Madera-Chowchilla, CA Metro Area",2012,41035,42039,17882.0,32922.0,50948.0,83437.0
31460,"Madera, CA Metro Area",2013,44549,39758,19751.0,32175.0,52285.0,82581.0
31460,"Madera, CA Metro Area",2014,42895,42433,19026.0,35500.0,54914.0,92522.0
31460,"Madera, CA Metro Area",2015,45224,47150,22096.0,40414.0,57133.0,100755.0
31460,"Madera, CA Metro Area",2016,44369,51657,22130.0,40617.0,66494.0,102889.0
31460,"Madera, CA Metro Area",2017,46282,51283,22498.0,43201.0,65575.0,100172.0
31460,"Madera, CA Metro Area",2018,44484,56305,26814.0,44449.0,68501.0,108231.0
31460,"Madera, CA Metro Area",2019,44387,64827,29544.0,49382.0,78846.0,119887.0
31460,"Madera, CA Metro Area",2021,44048,63454,19810.0,48572.0,75566.0,136131.0
31460,"Madera, CA Metro Area",2022,45539,76920,30351.0,59179.0,96036.0,151114.0
31540,"Madison, WI Metro Area",2005,221063,53276,,,,
31540,"Madison, WI Metro Area",2006,218143,56544,26738.0,46716.0,69017.0,101238.0
31540,"Madison, WI Metro Area",2007,218478,59709,28092.0,48154.0,71559.0,104204.0
31540,"Madison, WI Metro Area",2008,226131,60850,26816.0,50038.0,73262.0,106401.0
31540,"Madison, WI Metro Area",2009,237649,56709,24659.0,45486.0,70088.0,103625.0
31540,"Madison, WI Metro Area",2010,235533,57594,25062.0,46739.0,71420.0,103745.0
31540,"Madison, WI Metro Area",2011,237667,59674,25722.0,46977.0,72809.0,109670.0
31540,"Madison, WI Metro Area",2012,239964,58894,25717.0,46804.0,72303.0,108201.0
31540,"Madison, WI Metro Area",2013,258127,59466,26324.0,47519.0,72265.0,111708.0
31540,"Madison, WI Metro Area",2014,259371,60903,26958.0,48141.0,74785.0,112993.0
31540,"Madison, WI Metro Area",2015,264340,64174,29566.0,52311.0,78832.0,120245.0
31540,"Madison, WI Metro Area",2016,265172,68497,30524.0,54950.0,83798.0,125358.0
31540,"Madison, WI Metro Area",2017,272698,71301,31498.0,57252.0,85522.0,129223.0
31540,"Madison, WI Metro Area",2018,275594,70463,32917.0,56904.0,88288.0,132439.0
31540,"Madison, WI Metro Area",2019,279014,75545,33388.0,61281.0,91490.0,136630.0
31540,"Madison, WI Metro Area",2021,292919,76731,33857.0,61420.0,95017.0,148524.0
31540,"Madison, WI Metro Area",2022,303340,83214,36031.0,67199.0,103080.0,158344.0
31540,"Madison, WI Metro Area",2023,308244,82132,35993.0,66132.0,101179.0,158051.0
31540,"Madison, WI Metro Area",2024,309316,89714,41118.0,71663.0,109780.0,170067.0
31700,"Manchester-Nashua, NH Metro Area",2005,147285,60913,,,,
31700,"Manchester-Nashua, NH Metro Area",2006,149862,66382,29104.0,55205.0,79500.0,115603.0
31700,"Manchester-Nashua, NH Metro Area",2007,152397,67667,31440.0,55006.0,80546.0,119096.0
31700,"Manchester-Nashua, NH Metro Area",2008,149731,69223,31043.0,55759.0,85333.0,124170.0
31700,"Manchester-Nashua, NH Metro Area",2009,151520,64751,28984.0,51907.0,79399.0,119300.0
31700,"Manchester-Nashua, NH Metro Area",2010,152652,68312,30506.0,54542.0,82955.0,124506.0
31700,"Manchester-Nashua, NH Metro Area",2011,153186,66609,27045.0,52548.0,82353.0,122929.0
31700,"Manchester-Nashua, NH Metro Area",2012,155260,69089,29287.0,56002.0,86305.0,125201.0
31700,"Manchester-Nashua, NH Metro Area",2013,155036,67574,29941.0,54547.0,83494.0,122350.0
31700,"Manchester-Nashua, NH Metro Area",2014,153482,71422,31650.0,56251.0,86450.0,133355.0
31700,"Manchester-Nashua, NH Metro Area",2015,156678,74323,33254.0,60082.0,89459.0,138915.0
31700,"Manchester-Nashua, NH Metro Area",2016,158777,76254,31881.0,62129.0,92668.0,135821.0
31700,"Manchester-Nashua, NH Metro Area",2017,161414,78769,32918.0,64487.0,99805.0,147813.0
31700,"Manchester-Nashua, NH Metro Area",2018,161649,78978,32812.0,61825.0,96362.0,147792.0
31700,"Manchester-Nashua, NH Metro Area",2019,162588,83626,37788.0,66660.0,103556.0,154519.0
31700,"Manchester-Nashua, NH Metro Area",2021,167899,91627,43106.0,73687.0,108394.0,163440.0
31700,"Manchester-Nashua, NH Metro Area",2022,167816,96921,45323.0,77249.0,120114.0,182291.0
31700,"Manchester-Nashua, NH Metro Area",2023,170761,103727,47075.0,85512.0,125373.0,189958.0
31700,"Manchester-Nashua, NH Metro Area",2024,171415,106013,44737.0,86891.0,131054.0,191575.0
31740,"Manhattan, KS Micro Area",2005,39553,38352,,,,
31740,"Manhattan, KS Micro Area",2006,40137,37463,17648.0,32265.0,46444.0,75125.0
31740,"Manhattan, KS Micro Area",2007,43873,40139,17998.0,33258.0,49991.0,76456.0
31740,"Manhattan, KS Micro Area",2008,43330,45084,18647.0,36034.0,53631.0,80786.0
31740,"Manhattan, KS Metro Area",2009,42605,43771,15955.0,34778.0,55122.0,84846.0
31740,"Manhattan, KS Metro Area",2010,45851,46150,19023.0,36573.0,55275.0,78541.0
31740,"Manhattan, KS Metro Area",2011,45505,42688,20091.0,33650.0,51079.0,87748.0
31740,"Manhattan, KS Metro Area",2012,47675,46083,22805.0,38356.0,56164.0,83328.0
31740,"Manhattan, KS Metro Area",2013,35044,46375,21762.0,37499.0,59338.0,93059.0
31740,"Manhattan, KS Metro Area",2014,34452,50323,19266.0,38110.0,61412.0,96344.0
31740,"Manhattan, KS Metro Area",2015,34806,50354,21644.0,40994.0,59549.0,95312.0
31740,"Manhattan, KS Metro Area",2016,34357,52720,21946.0,42463.0,66346.0,108221.0
31740,"Manhattan, KS Metro Area",2017,35489,50698,25400.0,41094.0,61202.0,98532.0
31740,"Manhattan, KS Metro Area",2018,35912,49200,20524.0,39498.0,65265.0,99914.0
31740,"Manhattan, KS Metro Area",2019,46526,59010,22176.0,45485.0,70579.0,104944.0
31740,"Manhattan, KS Metro Area",2021,51018,57835,23831.0,42335.0,72212.0,110583.0
31740,"Manhattan, KS Metro Area",2022,51590,58723,23674.0,49024.0,72604.0,116819.0
31740,"Manhattan, KS Metro Area",2023,51764,63033,30869.0,52433.0,74933.0,110493.0
31740,"Manhattan, KS Metro Area",2024,52415,70324,30470.0,55725.0,86929.0,135872.0
31820,"Manitowoc, WI Micro Area",2005,33949,44418,,,,
31820,"Manitowoc, WI Micro Area",2006,33210,46926,21689.0,38231.0,56505.0,76900.0
31820,"Manitowoc, WI Micro Area",2007,33385,47382,22089.0,38593.0,55435.0,80219.0
31820,"Manitowoc, WI Micro Area",2008,33571,49755,25309.0,41811.0,59645.0,85098.0
31820,"Manitowoc, WI Micro Area",2009,34811,48088,22530.0,40258.0,60805.0,83211.0
31820,"Manitowoc, WI Micro Area",2010,34575,47298,20840.0,36048.0,58100.0,82138.0
31820,"Manitowoc, WI Micro Area",2011,34029,48272,25265.0,39701.0,59941.0,85728.0
31820,"Manitowoc, WI Micro Area",2012,33926,46045,21867.0,37443.0,59805.0,87071.0
31820,"Manitowoc, WI Micro Area",2013,33343,47181,22480.0,39266.0,58412.0,89194.0
31820,"Manitowoc, WI Micro Area",2014,33272,45136,22620.0,37412.0,55872.0,89431.0
31820,"Manitowoc, WI Micro Area",2015,34508,50302,22595.0,39273.0,61397.0,89106.0
31820,"Manitowoc, WI Micro Area",2016,34234,51752,25927.0,41595.0,62235.0,93378.0
31820,"Manitowoc, WI Micro Area",2017,34446,54785,25499.0,45062.0,67439.0,96692.0
31820,"Manitowoc, WI Micro Area",2018,35259,54393,24623.0,43053.0,65871.0,96022.0
31820,"Manitowoc, WI Micro Area",2019,33831,60785,27065.0,46692.0,71841.0,103528.0
31820,"Manitowoc, WI Micro Area",2021,35716,57918,25828.0,47688.0,71378.0,110171.0
31820,"Manitowoc, WI Micro Area",2022,35319,61673,27955.0,51706.0,76794.0,116757.0
31820,"Manitowoc, WI Micro Area",2023,35669,68297,33277.0,53746.0,81449.0,129878.0
31820,"Manitowoc, WI Micro Area",2024,35254,68461,35735.0,57384.0,87530.0,130611.0
31860,"Mankato-North Mankato, MN Micro Area",2005,34978,47933,,,,
31860,"Mankato-North Mankato, MN Micro Area",2006,35321,46104,20249.0,36174.0,55753.0,83164.0
31860,"Mankato-North Mankato, MN Micro Area",2007,35564,55284,24895.0,42952.0,64476.0,90068.0
31860,"Mankato-North Mankato, MN Micro Area",2008,36165,51880,19396.0,41664.0,62583.0,89707.0
31860,"Mankato-North Mankato, MN Metro Area",2009,35200,46933,21377.0,39856.0,59148.0,87674.0
31860,"Mankato-North Mankato, MN Metro Area",2010,36886,51127,24056.0,41574.0,60335.0,86254.0
31860,"Mankato-North Mankato, MN Metro Area",2011,36759,50720,21662.0,39478.0,61549.0,92190.0
31860,"Mankato-North Mankato, MN Metro Area",2012,36476,52542,22676.0,42127.0,65281.0,95311.0
31860,"Mankato-North Mankato, MN Metro Area",2013,37358,53047,21512.0,42760.0,66632.0,100193.0
31860,"Mankato-North Mankato, MN Metro Area",2014,37736,54055,23916.0,41562.0,68643.0,99825.0
31860,"Mankato-North Mankato, MN Metro Area",2015,38444,52497,23209.0,41546.0,65089.0,99884.0
31860,"Mankato-North Mankato, MN Metro Area",2016,37898,57833,26722.0,46824.0,72003.0,107343.0
31860,"Mankato-North Mankato, MN Metro Area",2017,38901,61241,27190.0,47948.0,76178.0,113669.0
31860,"Mankato-North Mankato, MN Metro Area",2018,39263,60255,26047.0,47617.0,75011.0,108951.0
31860,"Mankato, MN Metro Area",2019,39791,63126,26180.0,50669.0,79563.0,114404.0
31860,"Mankato, MN Metro Area",2021,40715,70130,33912.0,56917.0,84087.0,133462.0
31860,"Mankato, MN Metro Area",2022,41242,69679,29357.0,56292.0,84625.0,128757.0
31860,"Mankato, MN Metro Area",2023,40152,69016,29590.0,57126.0,84100.0,131049.0
31860,"Mankato, MN Metro Area",2024,41635,74426,35000.0,60819.0,90870.0,139056.0
31900,"Mansfield, OH Metro Area",2005,51732,39220,,,,
31900,"Mansfield, OH Metro Area",2006,49153,38393,20264.0,31660.0,49160.0,74904.0
31900,"Mansfield, OH Metro Area",2007,48884,43445,22273.0,36059.0,52451.0,78392.0
31900,"Mansfield, OH Metro Area",2008,47940,42578,20494.0,34005.0,51882.0,78882.0
31900,"Mansfield, OH Metro Area",2009,49672,39350,18673.0,33148.0,48884.0,77650.0
31900,"Mansfield, OH Metro Area",2010,47654,41572,21250.0,34087.0,51294.0,78840.0
31900,"Mansfield, OH Metro Area",2011,48616,40117,17316.0,32662.0,49336.0,76799.0
31900,"Mansfield, OH Metro Area",2012,48529,41680,18252.0,33614.0,50176.0,77389.0
31900,"Mansfield, OH Metro Area",2013,47847,39455,19492.0,31748.0,47451.0,75563.0
31900,"Mansfield, OH Metro Area",2014,47378,41548,19591.0,31962.0,52570.0,82098.0
31900,"Mansfield, OH Metro Area",2015,46989,45155,22499.0,37097.0,56636.0,82809.0
31900,"Mansfield, OH Metro Area",2016,48437,44073,20318.0,35875.0,53322.0,80758.0
31900,"Mansfield, OH Metro Area",2017,48998,46032,21629.0,37440.0,60167.0,87914.0
31900,"Mansfield, OH Metro Area",2018,48105,49564,20973.0,40685.0,57221.0,90889.0
31900,"Mansfield, OH Metro Area",2019,49812,51783,22509.0,41492.0,62887.0,91829.0
31900,"Mansfield, OH Metro Area",2021,49536,51158,20763.0,40266.0,62272.0,100505.0
31900,"Mansfield, OH Metro Area",2022,50248,53047,25205.0,42387.0,64262.0,100110.0
31900,"Mansfield, OH Metro Area",2023,51046,56664,27679.0,46998.0,66871.0,103321.0
31900,"Mansfield, OH Metro Area",2024,49979,66312,33058.0,56402.0,81043.0,119842.0
31940,"Marinette, WI-MI Micro Area",2005,29824,37612,,,,
31940,"Marinette, WI-MI Micro Area",2006,29231,37709,17344.0,31044.0,44790.0,69026.0
31940,"Marinette, WI-MI Micro Area",2007,29651,44414,19951.0,36433.0,51096.0,74634.0
31940,"Marinette, WI-MI Micro Area",2008,30474,40461,15875.0,31973.0,48496.0,70933.0
31940,"Marinette, WI-MI Micro Area",2009,31540,37893,17009.0,31527.0,46562.0,74731.0
31940,"Marinette, WI-MI Micro Area",2010,29731,38506,16918.0,31091.0,46544.0,69279.0
31940,"Marinette, WI-MI Micro Area",2011,28276,38279,16696.0,31075.0,48418.0,70820.0
31940,"Marinette, WI-MI Micro Area",2012,28638,39605,17409.0,30624.0,49079.0,71415.0
31940,"Marinette, WI-MI Micro Area",2013,28695,39669,18425.0,31974.0,50100.0,73092.0
31940,"Marinette, WI-MI Micro Area",2014,30183,42533,18571.0,33868.0,51739.0,82081.0
31940,"Marinette, WI-MI Micro Area",2015,28949,45581,19386.0,35809.0,52485.0,78709.0
31940,"Marinette, WI-MI Micro Area",2016,28955,41145,19356.0,34738.0,51553.0,81257.0
31940,"Marinette, WI-MI Micro Area",2017,29171,47542,20379.0,39292.0,57137.0,88342.0
31940,"Marinette, WI-MI Micro Area",2018,29110,48215,19629.0,37896.0,57164.0,83195.0
31940,"Marinette, WI-MI Micro Area",2019,29149,51101,24017.0,41822.0,62328.0,93185.0
31940,"Marinette, WI-MI Micro Area",2021,27634,58276,28194.0,46932.0,68615.0,100169.0
31940,"Marinette, WI-MI Micro Area",2022,30717,53166,25271.0,42384.0,68548.0,103505.0
31940,"Marinette, WI-MI Micro Area",2023,30787,59414,27316.0,48472.0,72904.0,113366.0
31940,"Marinette, WI-MI Micro Area",2024,31680,61077,30589.0,48255.0,74107.0,111270.0
31980,"Marion, IN Micro Area",2005,28123,34286,,,,
31980,"Marion, IN Micro Area",2006,26555,39219,17112.0,29805.0,47621.0,71415.0
31980,"Marion, IN Micro Area",2007,27758,36143,16053.0,29197.0,44698.0,73246.0
31980,"Marion, IN Micro Area",2008,27466,36694,16238.0,27252.0,44953.0,65580.0
31980,"Marion, IN Micro Area",2009,27243,39006,16203.0,31680.0,50318.0,74688.0
31980,"Marion, IN Micro Area",2010,26767,34716,16054.0,27325.0,43724.0,70377.0
31980,"Marion, IN Micro Area",2011,27758,38187,17564.0,30788.0,46054.0,72685.0
31980,"Marion, IN Micro Area",2012,26803,38877,18036.0,30870.0,46802.0,69940.0
31980,"Marion, IN Micro Area",2013,27003,38665,16125.0,31728.0,48344.0,74146.0
31980,"Marion, IN Micro Area",2014,25600,39851,17956.0,31426.0,48356.0,74208.0
31980,"Marion, IN Micro Area",2015,25137,38645,19814.0,30234.0,47216.0,75216.0
31980,"Marion, IN Micro Area",2016,26528,37117,18999.0,30971.0,47667.0,74183.0
31980,"Marion, IN Micro Area",2017,25878,44768,19772.0,35194.0,55567.0,91688.0
31980,"Marion, IN Micro Area",2018,26923,44839,20380.0,37194.0,53026.0,82917.0
31980,"Marion, IN Micro Area",2019,27127,47206,21083.0,38818.0,56386.0,90641.0
31980,"Marion, IN Micro Area",2021,26342,49401,21886.0,39999.0,61842.0,95868.0
31980,"Marion, IN Micro Area",2022,26560,50366,26205.0,39291.0,61162.0,97522.0
31980,"Marion, IN Micro Area",2023,27670,52214,20941.0,42276.0,61012.0,92158.0
31980,"Marion, IN Micro Area",2024,26307,48764,24961.0,40894.0,57422.0,100017.0
32020,"Marion, OH Micro Area",2006,25193,39585,18469.0,33347.0,49662.0,74337.0
32020,"Marion, OH Micro Area",2007,25043,40841,18142.0,33324.0,50200.0,73771.0
32020,"Marion, OH Micro Area",2008,24579,34449,13860.0,28710.0,43229.0,71165.0
32020,"Marion, OH Micro Area",2009,24527,39621,18558.0,32882.0,50126.0,75783.0
32020,"Marion, OH Micro Area",2010,25438,38824,18017.0,29797.0,49973.0,79327.0
32020,"Marion, OH Micro Area",2011,24654,41133,17436.0,31911.0,51607.0,81824.0
32020,"Marion, OH Micro Area",2012,24496,43004,19757.0,33172.0,51731.0,80257.0
32020,"Marion, OH Micro Area",2013,24084,41849,19660.0,32725.0,52874.0,85136.0
32020,"Marion, OH Micro Area",2014,24346,39233,16999.0,30028.0,49484.0,77521.0
32020,"Marion, OH Micro Area",2015,24364,40607,18575.0,33523.0,51645.0,85096.0
32020,"Marion, OH Micro Area",2016,25114,42826,16706.0,34252.0,55007.0,82339.0
32020,"Marion, OH Micro Area",2017,24971,44766,18067.0,36075.0,56797.0,83491.0
32020,"Marion, OH Micro Area",2018,24205,43008,17534.0,35375.0,53190.0,81755.0
32020,"Marion, OH Micro Area",2019,25013,50608,22692.0,40577.0,62836.0,96883.0
32020,"Marion, OH Micro Area",2021,24692,48919,22445.0,40776.0,65374.0,93867.0
32020,"Marion, OH Micro Area",2022,24930,56707,20494.0,41370.0,69878.0,104176.0
32060,"Marion-Herrin, IL Micro Area",2009,26982,39169,17296.0,32121.0,49178.0,74859.0
32060,"Marion-Herrin, IL Micro Area",2010,25953,43709,19790.0,32311.0,55742.0,82289.0
32060,"Marion-Herrin, IL Micro Area",2011,26648,40439,17962.0,32436.0,51117.0,78406.0
32060,"Marion-Herrin, IL Micro Area",2012,26863,40658,17583.0,32020.0,50916.0,85030.0
32060,"Marion-Herrin, IL Micro Area",2023,29509,60135,24280.0,42472.0,72493.0,116376.0
32060,"Marion-Herrin, IL Micro Area",2024,29110,68415,32337.0,54298.0,85836.0,126035.0
32100,"Marquette, MI Micro Area",2007,24940,47303,17232.0,36050.0,57133.0,83820.0
32100,"Marquette, MI Micro Area",2008,24421,43098,17523.0,33589.0,53807.0,80076.0
32100,"Marquette, MI Micro Area",2009,25447,41275,16356.0,33602.0,51439.0,76483.0
32100,"Marquette, MI Micro Area",2010,27094,44684,18444.0,34345.0,54889.0,85321.0
32100,"Marquette, MI Micro Area",2011,26582,41130,15524.0,31343.0,49735.0,78456.0
32100,"Marquette, MI Micro Area",2012,27203,45149,16479.0,35425.0,53885.0,89175.0
32100,"Marquette, MI Micro Area",2013,25676,45011,17831.0,34062.0,54693.0,86881.0
32100,"Marquette, MI Micro Area",2014,26250,44267,16821.0,35043.0,53513.0,82459.0
32100,"Marquette, MI Micro Area",2015,25498,48259,20887.0,40039.0,58818.0,91692.0
32100,"Marquette, MI Micro Area",2016,25822,51275,21665.0,40125.0,63223.0,99208.0
32100,"Marquette, MI Micro Area",2017,25725,49008,23663.0,39863.0,58516.0,90258.0
32100,"Marquette, MI Micro Area",2018,26328,54779,25463.0,44602.0,65925.0,92362.0
32100,"Marquette, MI Micro Area",2019,27981,55148,27681.0,46338.0,67605.0,94046.0
32100,"Marquette, MI Micro Area",2021,27290,55301,23349.0,44288.0,72657.0,105577.0
32100,"Marquette, MI Micro Area",2022,28633,61474,27202.0,50328.0,75344.0,114115.0
32100,"Marquette, MI Micro Area",2023,28707,62115,24011.0,49335.0,75307.0,113375.0
32100,"Marquette, MI Micro Area",2024,28865,66847,27061.0,50672.0,85542.0,128576.0
32220,"Marshall, TX Micro Area",2010,22875,47801,18083.0,39642.0,61429.0,86227.0
32220,"Marshall, TX Micro Area",2011,24238,44334,19139.0,35699.0,54513.0,97143.0
32220,"Marshall, TX Micro Area",2012,24368,43131,17390.0,35488.0,53821.0,84351.0
32220,"Marshall, TX Micro Area",2013,23148,39701,17852.0,30503.0,50131.0,79670.0
32220,"Marshall, TX Micro Area",2014,22997,49490,20078.0,40475.0,65123.0,91740.0
32220,"Marshall, TX Micro Area",2015,22227,42958,19949.0,34134.0,54342.0,88570.0
32220,"Marshall, TX Micro Area",2016,23742,46548,21420.0,36032.0,56657.0,83207.0
32220,"Marshall, TX Micro Area",2017,22618,53394,20780.0,40568.0,68256.0,92585.0
32220,"Marshall, TX Micro Area",2018,22928,50561,22979.0,41599.0,65072.0,102231.0
32270,"Marshfield-Wisconsin Rapids, WI Micro Area",2006,31273,45937,21421.0,37160.0,55922.0,80526.0
32270,"Marshfield-Wisconsin Rapids, WI Micro Area",2007,32069,50430,19460.0,39081.0,59820.0,80084.0
32270,"Marshfield-Wisconsin Rapids, WI Micro Area",2008,32118,44149,22897.0,37309.0,55815.0,83699.0
32270,"Marshfield-Wisconsin Rapids, WI Micro Area",2009,31914,44909,22481.0,38438.0,53532.0,80000.0
32270,"Marshfield-Wisconsin Rapids, WI Micro Area",2010,32098,43319,20266.0,34911.0,53006.0,81448.0
32270,"Marshfield-Wisconsin Rapids, WI Micro Area",2011,32045,45891,20590.0,37059.0,55600.0,81348.0
32270,"Marshfield-Wisconsin Rapids, WI Micro Area",2012,31549,44568,21451.0,35851.0,56876.0,82921.0
32300,"Martinsville, VA Micro Area",2005,30227,29741,,,,
32300,"Martinsville, VA Micro Area",2006,28916,33663,15048.0,27603.0,40832.0,59759.0
32300,"Martinsville, VA Micro Area",2007,28156,34804,15371.0,26559.0,42656.0,65025.0
32300,"Martinsville, VA Micro Area",2008,30193,31289,14392.0,25657.0,37382.0,63046.0
32300,"Martinsville, VA Micro Area",2009,30021,33654,13872.0,25383.0,43875.0,61784.0
32300,"Martinsville, VA Micro Area",2010,27660,31492,14045.0,24798.0,37500.0,60022.0
32300,"Martinsville, VA Micro Area",2011,29310,30859,15993.0,24733.0,38662.0,61955.0
32300,"Martinsville, VA Micro Area",2012,27623,32196,14334.0,26015.0,40815.0,68007.0
32300,"Martinsville, VA Micro Area",2013,29608,35907,16092.0,29313.0,42993.0,67121.0
32300,"Martinsville, VA Micro Area",2014,27434,31423,14347.0,25020.0,42694.0,68780.0
32300,"Martinsville, VA Micro Area",2015,26719,35290,14603.0,26793.0,45196.0,70203.0
32300,"Martinsville, VA Micro Area",2016,28162,35018,16153.0,28060.0,45082.0,71968.0
32300,"Martinsville, VA Micro Area",2017,27481,41050,19325.0,32860.0,49687.0,80074.0
32300,"Martinsville, VA Micro Area",2018,26919,30040,12972.0,25815.0,37616.0,65634.0
32300,"Martinsville, VA Micro Area",2019,24448,38105,18613.0,30781.0,49237.0,76518.0
32390,"Massena-Ogdensburg, NY Micro Area",2023,42945,56872,19029.0,41542.0,73335.0,119950.0
32390,"Massena-Ogdensburg, NY Micro Area",2024,42078,62330,27157.0,52596.0,78048.0,125112.0
32420,"Mayag?ez, PR Metro Area",2005,38329,11705,,,,
32420,"Mayag?ez, PR Metro Area",2006,39096,15541,5210.0,11108.0,19598.0,33659.0
32420,"Mayag?ez, PR Metro Area",2007,39301,12831,4275.0,9867.0,18199.0,34431.0
32420,"Mayag?ez, PR Metro Area",2008,38219,15437,5597.0,11764.0,19015.0,33925.0
32420,"Mayag?ez, PR Metro Area",2009,37291,15031,4583.0,11332.0,19243.0,33670.0
32420,"Mayag?ez, PR Metro Area",2010,39696,15864,4181.0,11412.0,19853.0,38043.0
32420,"Mayag?ez, PR Metro Area",2011,38386,15447,5261.0,11941.0,19369.0,34223.0
32420,"Mayagüez, PR Metro Area",2012,37206,16899,4691.0,12608.0,22115.0,36296.0
32420,"Mayagüez, PR Metro Area",2013,36919,16095,2954.0,11441.0,20845.0,39238.0
32420,"Mayagüez, PR Metro Area",2014,35134,14637,3938.0,11217.0,21517.0,36632.0
32420,"Mayagüez, PR Metro Area",2015,36870,14176,2753.0,9509.0,19417.0,34839.0
32420,"Mayagüez, PR Metro Area",2016,35033,15500,2904.0,10857.0,20122.0,36142.0
32420,"Mayagüez, PR Metro Area",2017,35806,15575,4425.0,10943.0,20344.0,40591.0
32420,"Mayagüez, PR Metro Area",2018,37540,12913,2499.0,9592.0,17304.0,34339.0
32420,"Mayagüez, PR Metro Area",2019,37341,15746,3690.0,11585.0,20376.0,40264.0
32420,"Mayagüez, PR Metro Area",2021,36278,16618,7234.0,13715.0,20612.0,37797.0
32420,"Mayagüez, PR Metro Area",2022,38332,20119,5464.0,14522.0,25931.0,46389.0
32420,"Mayagüez, PR Metro Area",2023,83931,20939,8190.0,16185.0,26598.0,47575.0
32420,"Mayagüez, PR Metro Area",2024,81148,21554,8721.0,16098.0,29101.0,48477.0
32580,"McAllen-Edinburg-Mission, TX Metro Area",2005,195123,24501,,,,
32580,"McAllen-Edinburg-Mission, TX Metro Area",2006,202984,28660,11114.0,21517.0,36601.0,60915.0
32580,"McAllen-Edinburg-Mission, TX Metro Area",2007,206938,30295,12342.0,23223.0,40042.0,65581.0
32580,"McAllen-Edinburg-Mission, TX Metro Area",2008,211551,30235,11345.0,23062.0,39193.0,69597.0
32580,"McAllen-Edinburg-Mission, TX Metro Area",2009,219915,30460,10978.0,22886.0,38368.0,67154.0
32580,"McAllen-Edinburg-Mission, TX Metro Area",2010,212743,33732,13287.0,26466.0,41926.0,70579.0
32580,"McAllen-Edinburg-Mission, TX Metro Area",2011,215877,31077,12515.0,23745.0,41267.0,70072.0
32580,"McAllen-Edinburg-Mission, TX Metro Area",2012,222849,33761,12547.0,24829.0,43788.0,74246.0
32580,"McAllen-Edinburg-Mission, TX Metro Area",2013,223367,35098,12914.0,26174.0,44879.0,75397.0
32580,"McAllen-Edinburg-Mission, TX Metro Area",2014,226000,34801,12760.0,26048.0,46353.0,75536.0
32580,"McAllen-Edinburg-Mission, TX Metro Area",2015,225692,35730,14961.0,27686.0,47035.0,79505.0
32580,"McAllen-Edinburg-Mission, TX Metro Area",2016,234716,36176,14656.0,27786.0,46764.0,77016.0
32580,"McAllen-Edinburg-Mission, TX Metro Area",2017,239825,37106,15202.0,28983.0,49842.0,86619.0
32580,"McAllen-Edinburg-Mission, TX Metro Area",2018,237323,39165,14281.0,29504.0,50563.0,84561.0
32580,"McAllen-Edinburg-Mission, TX Metro Area",2019,247544,41800,16492.0,31757.0,52816.0,90594.0
32580,"McAllen-Edinburg-Mission, TX Metro Area",2021,268598,44818,17326.0,33517.0,57357.0,94809.0
32580,"McAllen-Edinburg-Mission, TX Metro Area",2022,270891,49142,19330.0,36398.0,61621.0,99714.0
32580,"McAllen-Edinburg-Mission, TX Metro Area",2023,277001,53661,19827.0,40245.0,65948.0,110007.0
32580,"McAllen-Edinburg-Mission, TX Metro Area",2024,281450,56720,21986.0,43161.0,70658.0,113317.0
32740,"Meadville, PA Micro Area",2005,35383,35842,,,,
32740,"Meadville, PA Micro Area",2006,34254,35659,17014.0,28730.0,43363.0,65074.0
32740,"Meadville, PA Micro Area",2007,34629,36217,17256.0,29569.0,44766.0,70847.0
32740,"Meadville, PA Micro Area",2008,35215,40393,17420.0,30193.0,49506.0,78643.0
32740,"Meadville, PA Micro Area",2009,35280,38192,17573.0,30912.0,46872.0,71742.0
32740,"Meadville, PA Micro Area",2010,35203,38321,16874.0,29898.0,47117.0,72272.0
32740,"Meadville, PA Micro Area",2011,34898,41199,17890.0,32218.0,50539.0,80128.0
32740,"Meadville, PA Micro Area",2012,34792,42287,19107.0,33883.0,51216.0,77523.0
32740,"Meadville, PA Micro Area",2013,33971,44575,19764.0,35262.0,53785.0,78584.0
32740,"Meadville, PA Micro Area",2014,34834,44598,21229.0,37434.0,53901.0,82264.0
32740,"Meadville, PA Micro Area",2015,35781,46574,20229.0,36616.0,57003.0,86747.0
32740,"Meadville, PA Micro Area",2016,33955,45410,22108.0,36822.0,56245.0,86343.0
32740,"Meadville, PA Micro Area",2017,36050,50657,21231.0,40285.0,61248.0,89860.0
32740,"Meadville, PA Micro Area",2018,34386,51502,23261.0,41023.0,62118.0,90245.0
32740,"Meadville, PA Micro Area",2019,35387,49428,23409.0,40434.0,62221.0,92051.0
32740,"Meadville, PA Micro Area",2021,32896,55593,22553.0,44444.0,67498.0,109436.0
32740,"Meadville, PA Micro Area",2022,34905,54497,26166.0,44279.0,67357.0,105893.0
32740,"Meadville, PA Micro Area",2023,34813,60797,25925.0,50000.0,73741.0,104342.0
32740,"Meadville, PA Micro Area",2024,34999,57679,24989.0,46257.0,71403.0,108967.0
32780,"Medford, OR Metro Area",2005,77866,41194,,,,
32780,"Medford, OR Metro Area",2006,80931,40606,19758.0,34094.0,49183.0,74338.0
32780,"Medford, OR Metro Area",2007,81616,44524,19589.0,34613.0,55742.0,80714.0
32780,"Medford, OR Metro Area",2008,82017,40603,18284.0,32276.0,52591.0,78701.0
32780,"Medford, OR Metro Area",2009,83367,45989,20267.0,35425.0,55991.0,79879.0
32780,"Medford, OR Metro Area",2010,81508,40177,17971.0,31586.0,49753.0,81576.0
32780,"Medford, OR Metro Area",2011,84413,39138,17243.0,31192.0,50086.0,77486.0
32780,"Medford, OR Metro Area",2012,80957,44810,19306.0,36885.0,55140.0,82366.0
32780,"Medford, OR Metro Area",2013,82983,43363,17522.0,33391.0,53737.0,83833.0
32780,"Medford, OR Metro Area",2014,83131,44918,19734.0,36527.0,54241.0,86962.0
32780,"Medford, OR Metro Area",2015,83876,43948,17710.0,33870.0,55870.0,90085.0
32780,"Medford, OR Metro Area",2016,86745,48563,20833.0,37689.0,59391.0,98499.0
32780,"Medford, OR Metro Area",2017,89701,51409,20965.0,40984.0,61567.0,95814.0
32780,"Medford, OR Metro Area",2018,89787,56546,24225.0,45673.0,68158.0,102874.0
32780,"Medford, OR Metro Area",2019,87800,56450,23622.0,41875.0,69993.0,109421.0
32780,"Medford, OR Metro Area",2021,90817,64249,26390.0,50297.0,76178.0,116505.0
32780,"Medford, OR Metro Area",2022,92554,69152,29173.0,54056.0,85099.0,124838.0
32780,"Medford, OR Metro Area",2023,92225,71666,31450.0,57143.0,86652.0,126594.0
32780,"Medford, OR Metro Area",2024,94053,74653,30410.0,53593.0,91688.0,146402.0
32820,"Memphis, TN-MS-AR Metro Area",2005,476498,41065,,,,
32820,"Memphis, TN-MS-AR Metro Area",2006,472807,42092,17758.0,32857.0,53050.0,86320.0
32820,"Memphis, TN-MS-AR Metro Area",2007,478912,45725,17305.0,35627.0,56538.0,89705.0
32820,"Memphis, TN-MS-AR Metro Area",2008,480876,46158,19155.0,36546.0,57774.0,93197.0
32820,"Memphis, TN-MS-AR Metro Area",2009,480837,43633,17945.0,34160.0,54956.0,87694.0
32820,"Memphis, TN-MS-AR Metro Area",2010,474304,45377,18652.0,35888.0,57987.0,92665.0
32820,"Memphis, TN-MS-AR Metro Area",2011,480654,45393,18254.0,35196.0,56357.0,91850.0
32820,"Memphis, TN-MS-AR Metro Area",2012,484923,45687,17946.0,35156.0,56418.0,91909.0
32820,"Memphis, TN-MS-AR Metro Area",2013,492311,46962,19125.0,36464.0,59782.0,96754.0
32820,"Memphis, TN-MS-AR Metro Area",2014,493329,45844,18350.0,35434.0,59095.0,97691.0
32820,"Memphis, TN-MS-AR Metro Area",2015,494270,48524,20102.0,37068.0,60952.0,100539.0
32820,"Memphis, TN-MS-AR Metro Area",2016,501107,49809,19192.0,38646.0,61766.0,100359.0
32820,"Memphis, TN-MS-AR Metro Area",2017,493068,50984,20854.0,40555.0,63297.0,105091.0
32820,"Memphis, TN-MS-AR Metro Area",2018,504141,50338,19664.0,38854.0,63892.0,105328.0
32820,"Memphis, TN-MS-AR Metro Area",2019,505048,54859,22153.0,42374.0,68818.0,111751.0
32820,"Memphis, TN-MS-AR Metro Area",2021,520309,55840,22897.0,43443.0,71304.0,119126.0
32820,"Memphis, TN-MS-AR Metro Area",2022,518924,64008,26274.0,50291.0,79740.0,130050.0
32820,"Memphis, TN-MS-AR Metro Area",2023,523295,64025,25219.0,50723.0,82462.0,132412.0
32820,"Memphis, TN-MS-AR Metro Area",2024,527810,68124,26213.0,51883.0,85103.0,138617.0
32900,"Merced, CA Metro Area",2005,71613,40281,,,,
32900,"Merced, CA Metro Area",2006,72180,40447,17033.0,30974.0,51623.0,79811.0
32900,"Merced, CA Metro Area",2007,73482,44410,18445.0,33265.0,52788.0,88608.0
32900,"Merced, CA Metro Area",2008,72353,42303,16923.0,33154.0,52884.0,83927.0
32900,"Merced, CA Metro Area",2009,74166,39535,18210.0,31001.0,49740.0,80596.0
32900,"Merced, CA Metro Area",2010,73885,42449,17059.0,32885.0,52796.0,83346.0
32900,"Merced, CA Metro Area",2011,74833,40055,18241.0,31260.0,49795.0,81221.0
32900,"Merced, CA Metro Area",2012,76451,43597,18363.0,33025.0,53621.0,89365.0
32900,"Merced, CA Metro Area",2013,77651,40687,19090.0,32569.0,50867.0,79505.0
32900,"Merced, CA Metro Area",2014,79255,44084,20557.0,35341.0,55936.0,89254.0
32900,"Merced, CA Metro Area",2015,79098,41997,17112.0,33629.0,52614.0,85843.0
32900,"Merced, CA Metro Area",2016,77713,47739,20983.0,38168.0,60756.0,97095.0
32900,"Merced, CA Metro Area",2017,80969,47735,20184.0,38695.0,60747.0,95637.0
32900,"Merced, CA Metro Area",2018,79487,57745,23999.0,43978.0,71500.0,106701.0
32900,"Merced, CA Metro Area",2019,80645,61167,27715.0,48236.0,73249.0,109277.0
32900,"Merced, CA Metro Area",2021,84967,53992,20682.0,43011.0,68166.0,108259.0
32900,"Merced, CA Metro Area",2022,87830,66164,26718.0,53400.0,81348.0,122006.0
32900,"Merced, CA Metro Area",2023,88053,57570,22164.0,47316.0,73945.0,124209.0
32900,"Merced, CA Metro Area",2024,87632,64980,27973.0,51310.0,79048.0,125842.0
32940,"Meridian, MS Micro Area",2005,41381,31926,,,,
32940,"Meridian, MS Micro Area",2006,41279,28265,11920.0,21102.0,37895.0,61954.0
32940,"Meridian, MS Micro Area",2007,42468,30228,13526.0,23410.0,38429.0,64637.0
32940,"Meridian, MS Micro Area",2008,41617,35158,15185.0,28784.0,46044.0,74169.0
32940,"Meridian, MS Micro Area",2009,41381,32429,13867.0,26098.0,42093.0,74787.0
32940,"Meridian, MS Micro Area",2010,40483,29244,12453.0,22213.0,37132.0,70196.0
32940,"Meridian, MS Micro Area",2011,37761,35704,14552.0,28359.0,47539.0,86606.0
32940,"Meridian, MS Micro Area",2012,39399,34279,14054.0,26440.0,41847.0,71443.0
32940,"Meridian, MS Micro Area",2013,40820,31713,14452.0,25509.0,42155.0,75540.0
32940,"Meridian, MS Micro Area",2014,39485,35736,15580.0,27235.0,47225.0,74789.0
32940,"Meridian, MS Micro Area",2015,40352,37129,15968.0,28782.0,43159.0,73181.0
32940,"Meridian, MS Micro Area",2016,37269,40105,13838.0,27471.0,50551.0,87274.0
32940,"Meridian, MS Micro Area",2017,39501,41594,16188.0,27565.0,55273.0,90270.0
32940,"Meridian, MS Micro Area",2018,39914,37816,11243.0,27855.0,46965.0,83245.0
32940,"Meridian, MS Micro Area",2019,39404,36225,14352.0,26367.0,48696.0,82066.0
32940,"Meridian, MS Micro Area",2021,37798,41461,13949.0,29955.0,52021.0,93179.0
32940,"Meridian, MS Micro Area",2022,39596,46796,14508.0,34328.0,60230.0,100070.0
32940,"Meridian, MS Micro Area",2023,35622,48819,17307.0,36865.0,62979.0,104905.0
32940,"Meridian, MS Micro Area",2024,35222,58923,19029.0,43276.0,75456.0,122000.0
33100,"Miami-Fort Lauderdale-Miami Beach, FL Metro Area",2005,2035687,43091,,,,
33100,"Miami-Fort Lauderdale-Miami Beach, FL Metro Area",2006,2015417,46637,19392.0,36678.0,58323.0,94682.0
33100,"Miami-Fort Lauderdale-Pompano Beach, FL Metro Area",2007,2002081,49232,20448.0,38368.0,61213.0,99997.0
33100,"Miami-Fort Lauderdale-Pompano Beach, FL Metro Area",2008,1997988,49313,20002.0,38161.0,61476.0,100964.0
33100,"Miami-Fort Lauderdale-Pompano Beach, FL Metro Area",2009,1970691,45946,19417.0,36022.0,58073.0,94669.0
33100,"Miami-Fort Lauderdale-Pompano Beach, FL Metro Area",2010,1984559,45352,18376.0,35535.0,56900.0,94603.0
33100,"Miami-Fort Lauderdale-Pompano Beach, FL Metro Area",2011,2008167,45407,18164.0,35132.0,57415.0,96480.0
33100,"Miami-Fort Lauderdale-Pompano Beach, FL Metro Area",2012,2024878,46648,19156.0,36403.0,59572.0,99695.0
33100,"Miami-Fort Lauderdale-West Palm Beach, FL Metro Area",2013,2032438,46946,19239.0,36803.0,59751.0,100115.0
33100,"Miami-Fort Lauderdale-West Palm Beach, FL Metro Area",2014,2047325,48458,19775.0,37318.0,61451.0,102107.0
33100,"Miami-Fort Lauderdale-West Palm Beach, FL Metro Area",2015,2077362,50441,20389.0,39092.0,62899.0,104628.0
33100,"Miami-Fort Lauderdale-West Palm Beach, FL Metro Area",2016,2098686,51362,21198.0,40447.0,65435.0,108569.0
33100,"Miami-Fort Lauderdale-West Palm Beach, FL Metro Area",2017,2105878,54284,22244.0,42440.0,68870.0,113222.0
33100,"Miami-Fort Lauderdale-West Palm Beach, FL Metro Area",2018,2143067,56328,22896.0,44396.0,71157.0,118784.0
33100,"Miami-Fort Lauderdale-Pompano Beach, FL Metro Area",2019,2187192,60141,24719.0,46969.0,75492.0,124964.0
33100,"Miami-Fort Lauderdale-Pompano Beach, FL Metro Area",2021,2306639,63814,25652.0,50055.0,80577.0,131428.0
33100,"Miami-Fort Lauderdale-Pompano Beach, FL Metro Area",2022,2344046,70769,27860.0,55025.0,88321.0,147319.0
33100,"Miami-Fort Lauderdale-West Palm Beach, FL Metro Area",2023,2349920,76271,31143.0,60235.0,96465.0,156215.0
33100,"Miami-Fort Lauderdale-West Palm Beach, FL Metro Area",2024,2382154,80625,32010.0,62406.0,100449.0,163733.0
33140,"Michigan City-La Porte, IN Metro Area",2005,41570,45960,,,,
33140,"Michigan City-La Porte, IN Metro Area",2006,42011,47043,23300.0,39196.0,56037.0,80526.0
33140,"Michigan City-La Porte, IN Metro Area",2007,41805,43480,20358.0,35627.0,54915.0,83558.0
33140,"Michigan City-La Porte, IN Metro Area",2008,42012,45613,20627.0,35864.0,57112.0,89547.0
33140,"Michigan City-La Porte, IN Metro Area",2009,43070,46168,21701.0,38138.0,56069.0,79962.0
33140,"Michigan City-La Porte, IN Metro Area",2010,42552,43765,18488.0,33920.0,55758.0,82425.0
33140,"Michigan City-La Porte, IN Metro Area",2011,42075,48389,17328.0,35613.0,62235.0,87793.0
33140,"Michigan City-La Porte, IN Metro Area",2012,43468,46048,20389.0,36987.0,55655.0,86880.0
33140,"Michigan City-La Porte, IN Metro Area",2013,42746,46506,20331.0,33918.0,58480.0,86419.0
33140,"Michigan City-La Porte, IN Metro Area",2014,42068,45744,22068.0,38493.0,56916.0,84249.0
33140,"Michigan City-La Porte, IN Metro Area",2015,43169,45838,20640.0,37125.0,57281.0,94223.0
33140,"Michigan City-La Porte, IN Metro Area",2016,42074,53507,23041.0,42762.0,65529.0,100216.0
33140,"Michigan City-La Porte, IN Metro Area",2017,42385,50736,21974.0,39315.0,61745.0,92049.0
33140,"Michigan City-La Porte, IN Metro Area",2018,43122,51584,21668.0,39535.0,62357.0,95038.0
33140,"Michigan City-La Porte, IN Metro Area",2019,43100,56019,25674.0,45899.0,70279.0,111755.0
33140,"Michigan City-La Porte, IN Metro Area",2021,43445,63714,27185.0,50244.0,76999.0,112707.0
33140,"Michigan City-La Porte, IN Metro Area",2022,43213,66659,27237.0,52269.0,80533.0,122772.0
33140,"Michigan City-La Porte, IN Metro Area",2023,45725,62868,30091.0,51793.0,76430.0,115824.0
33140,"Michigan City-La Porte, IN Metro Area",2024,43030,66849,30679.0,54632.0,80948.0,137234.0
33220,"Midland, MI Micro Area",2005,33637,45912,,,,
33220,"Midland, MI Micro Area",2006,32646,48360,19071.0,39364.0,59102.0,91819.0
33220,"Midland, MI Micro Area",2007,32571,49453,20905.0,38610.0,61175.0,97703.0
33220,"Midland, MI Micro Area",2008,32804,49239,23525.0,40988.0,62210.0,100008.0
33220,"Midland, MI Micro Area",2009,33614,50053,19248.0,39886.0,59870.0,94659.0
33220,"Midland, MI Micro Area",2010,33843,48706,22735.0,40489.0,59115.0,98061.0
33220,"Midland, MI Micro Area",2011,33679,52591,22653.0,39772.0,63898.0,101038.0
33220,"Midland, MI Micro Area",2012,33235,52356,22225.0,42024.0,65850.0,102598.0
33220,"Midland, MI Metro Area",2013,33858,49913,21584.0,40184.0,65292.0,101165.0
33220,"Midland, MI Metro Area",2014,33579,49194,23566.0,41213.0,63938.0,101011.0
33220,"Midland, MI Metro Area",2015,32977,59292,26919.0,50398.0,71512.0,111747.0
33220,"Midland, MI Metro Area",2016,34381,57269,24787.0,44996.0,69197.0,105475.0
33220,"Midland, MI Metro Area",2017,34096,61624,24201.0,48429.0,75288.0,126567.0
33220,"Midland, MI Metro Area",2018,34091,56091,24713.0,45148.0,70743.0,117443.0
33220,"Midland, MI Metro Area",2019,34350,69872,30693.0,55580.0,81976.0,130713.0
33220,"Midland, MI Metro Area",2021,35453,67707,27769.0,53556.0,82842.0,138650.0
33220,"Midland, MI Metro Area",2022,35325,78487,31491.0,60560.0,95615.0,155887.0
33220,"Midland, MI Metro Area",2023,35761,73074,29484.0,59211.0,91346.0,141724.0
33220,"Midland, MI Metro Area",2024,35687,78046,31217.0,61269.0,95026.0,150817.0
33260,"Midland, TX Metro Area",2005,45500,41455,,,,
33260,"Midland, TX Metro Area",2006,46892,45437,19251.0,38080.0,55313.0,92248.0
33260,"Midland, TX Metro Area",2007,46747,51197,20194.0,40272.0,64034.0,106260.0
33260,"Midland, TX Metro Area",2008,46959,57558,26321.0,47288.0,73035.0,111280.0
33260,"Midland, TX Metro Area",2009,46563,55021,26923.0,42040.0,67737.0,112250.0
33260,"Midland, TX Metro Area",2010,48730,53170,24528.0,43107.0,64728.0,100508.0
33260,"Midland, TX Metro Area",2011,50842,54330,22625.0,43207.0,67899.0,104200.0
33260,"Midland, TX Metro Area",2012,51216,61331,28097.0,47909.0,75561.0,120477.0
33260,"Midland, TX Metro Area",2013,54082,71442,30166.0,54811.0,87538.0,128587.0
33260,"Midland, TX Metro Area",2014,55814,77574,30697.0,59090.0,94365.0,147956.0
33260,"Midland, TX Metro Area",2015,57867,80761,35581.0,62035.0,96984.0,150551.0
33260,"Midland, TX Metro Area",2016,57814,65224,30934.0,54023.0,86061.0,137021.0
33260,"Midland, TX Metro Area",2017,58490,75266,32566.0,60766.0,90206.0,138426.0
33260,"Midland, TX Metro Area",2018,59179,80747,35082.0,64804.0,96671.0,149061.0
33260,"Midland, TX Metro Area",2019,61159,82650,31820.0,65805.0,106074.0,160031.0
33260,"Midland, TX Metro Area",2021,68042,80478,29762.0,60864.0,102535.0,157205.0
33260,"Midland, TX Metro Area",2022,71062,75602,33055.0,59634.0,91691.0,157422.0
33260,"Midland, TX Metro Area",2023,73012,92934,39460.0,71946.0,110816.0,158464.0
33260,"Midland, TX Metro Area",2024,71910,89627,41951.0,70619.0,107250.0,180000.0
33340,"Milwaukee-Waukesha-West Allis, WI Metro Area",2005,605678,47438,,,,
33340,"Milwaukee-Waukesha-West Allis, WI Metro Area",2006,605162,50270,21251.0,39884.0,61428.0,93032.0
33340,"Milwaukee-Waukesha-West Allis, WI Metro Area",2007,605769,51999,22500.0,40988.0,64339.0,99504.0
33340,"Milwaukee-Waukesha-West Allis, WI Metro Area",2008,606682,54386,23487.0,43734.0,67365.0,102230.0
33340,"Milwaukee-Waukesha-West Allis, WI Metro Area",2009,604566,52024,21610.0,40903.0,64566.0,99862.0
33340,"Milwaukee-Waukesha-West Allis, WI Metro Area",2010,615244,49774,20967.0,38707.0,62309.0,99564.0
33340,"Milwaukee-Waukesha-West Allis, WI Metro Area",2011,615107,50664,20104.0,39617.0,64087.0,100922.0
33340,"Milwaukee-Waukesha-West Allis, WI Metro Area",2012,623682,52605,20794.0,40989.0,65990.0,102374.0
33340,"Milwaukee-Waukesha-West Allis, WI Metro Area",2013,622962,51957,21496.0,40957.0,65865.0,103399.0
33340,"Milwaukee-Waukesha-West Allis, WI Metro Area",2014,626248,53164,21596.0,41619.0,67270.0,107834.0
33340,"Milwaukee-Waukesha-West Allis, WI Metro Area",2015,627842,56247,23057.0,44673.0,70522.0,109839.0
33340,"Milwaukee-Waukesha-West Allis, WI Metro Area",2016,626328,58029,22637.0,45552.0,73635.0,115326.0
33340,"Milwaukee-Waukesha-West Allis, WI Metro Area",2017,625495,59448,24462.0,46146.0,74159.0,117817.0
33340,"Milwaukee-Waukesha-West Allis, WI Metro Area",2018,634398,60643,25123.0,47442.0,76213.0,121085.0
33340,"Milwaukee-Waukesha, WI Metro Area",2019,635351,65845,27187.0,51492.0,81447.0,126256.0
33340,"Milwaukee-Waukesha, WI Metro Area",2021,649303,68449,29022.0,53736.0,85513.0,134902.0
33340,"Milwaukee-Waukesha, WI Metro Area",2022,654547,70898,29403.0,55611.0,89649.0,142324.0
33340,"Milwaukee-Waukesha, WI Metro Area",2023,650986,77006,31235.0,59648.0,95195.0,150329.0
33340,"Milwaukee-Waukesha, WI Metro Area",2024,663225,77919,33700.0,61371.0,96774.0,151690.0
33460,"Minneapolis-St. Paul-Bloomington, MN-WI Metro Area",2005,1219751,59691,,,,
33460,"Minneapolis-St. Paul-Bloomington, MN-WI Metro Area",2006,1232889,62223,28566.0,50590.0,75375.0,109086.0
33460,"Minneapolis-St. Paul-Bloomington, MN-WI Metro Area",2007,1246042,63898,30099.0,51423.0,77413.0,114256.0
33460,"Minneapolis-St. Paul-Bloomington, MN-WI Metro Area",2008,1262247,65862,30117.0,53007.0,80076.0,118112.0
33460,"Minneapolis-St. Paul-Bloomington, MN-WI Metro Area",2009,1259095,63114,28071.0,50854.0,76957.0,113794.0
33460,"Minneapolis-St. Paul-Bloomington, MN-WI Metro Area",2010,1267805,62352,27258.0,50258.0,76591.0,114764.0
33460,"Minneapolis-St. Paul-Bloomington, MN-WI Metro Area",2011,1281260,63352,27493.0,51150.0,77511.0,117358.0
33460,"Minneapolis-St. Paul-Bloomington, MN-WI Metro Area",2012,1296603,66282,28809.0,52127.0,81021.0,121335.0
33460,"Minneapolis-St. Paul-Bloomington, MN-WI Metro Area",2013,1332110,67194,29054.0,53930.0,82207.0,123457.0
33460,"Minneapolis-St. Paul-Bloomington, MN-WI Metro Area",2014,1337263,69111,30142.0,54910.0,84617.0,129878.0
33460,"Minneapolis-St. Paul-Bloomington, MN-WI Metro Area",2015,1354766,71008,31165.0,56651.0,86843.0,131261.0
33460,"Minneapolis-St. Paul-Bloomington, MN-WI Metro Area",2016,1363277,73231,31969.0,58634.0,90334.0,137141.0
33460,"Minneapolis-St. Paul-Bloomington, MN-WI Metro Area",2017,1376557,76856,34948.0,61699.0,93398.0,143588.0
33460,"Minneapolis-St. Paul-Bloomington, MN-WI Metro Area",2018,1386468,79578,35162.0,63292.0,97663.0,147897.0
33460,"Minneapolis-St. Paul-Bloomington, MN-WI Metro Area",2019,1396025,83698,37787.0,67678.0,101976.0,153676.0
33460,"Minneapolis-St. Paul-Bloomington, MN-WI Metro Area",2021,1453400,87433,39727.0,69840.0,106711.0,163992.0
33460,"Minneapolis-St. Paul-Bloomington, MN-WI Metro Area",2022,1483453,91341,40600.0,73533.0,112086.0,171497.0
33460,"Minneapolis-St. Paul-Bloomington, MN-WI Metro Area",2023,1501453,95102,42915.0,77201.0,116871.0,177011.0
33460,"Minneapolis-St. Paul-Bloomington, MN-WI Metro Area",2024,1508526,97928,44412.0,77908.0,119737.0,185226.0
33500,"Minot, ND Micro Area",2009,28366,50519,25906.0,40857.0,61895.0,91999.0
33500,"Minot, ND Micro Area",2010,28515,46768,22222.0,34577.0,59896.0,86574.0
33500,"Minot, ND Micro Area",2011,27980,54868,25735.0,43357.0,65595.0,91332.0
33500,"Minot, ND Micro Area",2012,28554,57777,25332.0,44743.0,66707.0,101753.0
33500,"Minot, ND Micro Area",2013,30329,58136,26843.0,46188.0,70932.0,100769.0
33500,"Minot, ND Micro Area",2014,30112,65562,28506.0,47468.0,80760.0,115751.0
33500,"Minot, ND Micro Area",2015,31366,63889,32221.0,50369.0,81202.0,126053.0
33500,"Minot, ND Micro Area",2016,31479,62763,30040.0,51144.0,75431.0,113611.0
33500,"Minot, ND Micro Area",2017,30973,63310,29224.0,50594.0,76323.0,115124.0
33500,"Minot, ND Micro Area",2018,31548,65085,22338.0,48942.0,74727.0,114409.0
33500,"Minot, ND Micro Area",2019,32424,71343,33339.0,54445.0,84494.0,120731.0
33500,"Minot, ND Micro Area",2021,32195,70598,30807.0,58022.0,79930.0,123345.0
33500,"Minot, ND Micro Area",2022,32731,72292,31457.0,60188.0,90649.0,132201.0
33500,"Minot, ND Metro Area",2023,31532,72073,38114.0,61300.0,87068.0,137736.0
33500,"Minot, ND Metro Area",2024,33181,70782,36690.0,56827.0,86343.0,140147.0
33540,"Missoula, MT Metro Area",2005,40415,42612,,,,
33540,"Missoula, MT Metro Area",2006,40491,38168,15032.0,28581.0,48102.0,74288.0
33540,"Missoula, MT Metro Area",2007,40979,42798,16672.0,33671.0,53389.0,82875.0
33540,"Missoula, MT Metro Area",2008,43751,42349,15576.0,33719.0,51740.0,84911.0
33540,"Missoula, MT Metro Area",2009,42475,38983,14520.0,29306.0,48060.0,79722.0
33540,"Missoula, MT Metro Area",2010,44572,45596,19138.0,35790.0,55172.0,90735.0
33540,"Missoula, MT Metro Area",2011,45680,41931,19588.0,33190.0,53046.0,86028.0
33540,"Missoula, MT Metro Area",2012,46384,45595,20563.0,36502.0,57885.0,89956.0
33540,"Missoula, MT Metro Area",2013,45820,48077,19129.0,37716.0,56538.0,87477.0
33540,"Missoula, MT Metro Area",2014,46407,44289,19214.0,36004.0,58425.0,98894.0
33540,"Missoula, MT Metro Area",2015,47910,42815,18399.0,35256.0,55433.0,88025.0
33540,"Missoula, MT Metro Area",2016,47725,46550,19119.0,38636.0,58879.0,98874.0
33540,"Missoula, MT Metro Area",2017,48806,54311,20466.0,39835.0,68336.0,105358.0
33540,"Missoula, MT Metro Area",2018,50401,56598,26586.0,47298.0,66207.0,106492.0
33540,"Missoula, MT Metro Area",2019,50853,57347,26531.0,46930.0,70969.0,106566.0
33540,"Missoula, MT Metro Area",2021,51957,66803,28300.0,51440.0,83353.0,136364.0
33540,"Missoula, MT Metro Area",2022,53358,68305,31333.0,52797.0,81037.0,124075.0
33540,"Missoula, MT Metro Area",2023,56810,73324,30018.0,57369.0,89050.0,138775.0
33540,"Missoula, MT Metro Area",2024,56562,75290,35650.0,61986.0,92161.0,137384.0
33660,"Mobile, AL Metro Area",2005,150591,36402,,,,
33660,"Mobile, AL Metro Area",2006,149552,38686,15056.0,30294.0,48933.0,76592.0
33660,"Mobile, AL Metro Area",2007,153894,37391,13460.0,29033.0,46203.0,75103.0
33660,"Mobile, AL Metro Area",2008,160153,41065,16339.0,32897.0,50850.0,83860.0
33660,"Mobile, AL Metro Area",2009,162613,40047,15939.0,30109.0,50126.0,77720.0
33660,"Mobile, AL Metro Area",2010,153676,39998,15415.0,30854.0,50812.0,79582.0
33660,"Mobile, AL Metro Area",2011,157783,42372,16364.0,32523.0,52747.0,83484.0
33660,"Mobile, AL Metro Area",2012,156755,39691,14692.0,30377.0,51220.0,81505.0
33660,"Mobile, AL Metro Area",2013,148025,42944,16479.0,32286.0,52431.0,86716.0
33660,"Mobile, AL Metro Area",2014,153450,43642,17449.0,33169.0,54728.0,89810.0
33660,"Mobile, AL Metro Area",2015,152938,42699,17369.0,33435.0,55566.0,89926.0
33660,"Mobile, AL Metro Area",2016,157141,45744,17500.0,34842.0,56890.0,91610.0
33660,"Mobile, AL Metro Area",2017,154683,46023,17301.0,34638.0,58306.0,95092.0
33660,"Mobile, AL Metro Area",2018,158627,43061,16910.0,33697.0,55673.0,90407.0
33660,"Mobile, AL Metro Area",2019,161217,49561,18639.0,39232.0,60495.0,97397.0
33660,"Mobile, AL Metro Area",2021,168977,49691,20136.0,39368.0,62606.0,104201.0
33660,"Mobile, AL Metro Area",2022,168967,54313,20696.0,42574.0,69306.0,116286.0
33660,"Mobile, AL Metro Area",2023,163963,55352,23242.0,43379.0,69982.0,113261.0
33660,"Mobile, AL Metro Area",2024,161526,60379,23082.0,46402.0,76685.0,123139.0
33700,"Modesto, CA Metro Area",2005,158342,47525,,,,
33700,"Modesto, CA Metro Area",2006,160431,48566,21264.0,39131.0,59290.0,91274.0
33700,"Modesto, CA Metro Area",2007,157262,50616,22065.0,40742.0,62400.0,94683.0
33700,"Modesto, CA Metro Area",2008,160855,50359,22466.0,40604.0,62709.0,96174.0
33700,"Modesto, CA Metro Area",2009,161083,48716,20946.0,39147.0,59967.0,92414.0
33700,"Modesto, CA Metro Area",2010,165761,48044,19033.0,36482.0,59722.0,93153.0
33700,"Modesto, CA Metro Area",2011,167860,44076,18736.0,34664.0,56500.0,90889.0
33700,"Modesto, CA Metro Area",2012,167497,46405,20438.0,37037.0,57789.0,93235.0
33700,"Modesto, CA Metro Area",2013,167411,47962,19612.0,37453.0,60414.0,98355.0
33700,"Modesto, CA Metro Area",2014,169038,51084,20878.0,40910.0,63461.0,97466.0
33700,"Modesto, CA Metro Area",2015,171960,52363,22537.0,42127.0,66228.0,100399.0
33700,"Modesto, CA Metro Area",2016,172881,54305,23757.0,42881.0,67566.0,105887.0
33700,"Modesto, CA Metro Area",2017,173573,59514,26109.0,47217.0,72413.0,110982.0
33700,"Modesto, CA Metro Area",2018,175171,60321,25219.0,47861.0,73508.0,117370.0
33700,"Modesto, CA Metro Area",2019,174698,63037,27814.0,50882.0,77847.0,120855.0
33700,"Modesto, CA Metro Area",2021,174209,73982,31413.0,60007.0,90212.0,132779.0
33700,"Modesto, CA Metro Area",2022,177101,75886,31455.0,60373.0,95220.0,140073.0
33700,"Modesto, CA Metro Area",2023,179152,82758,37863.0,66839.0,100575.0,146641.0
33700,"Modesto, CA Metro Area",2024,181365,78673,35773.0,64522.0,100084.0,155878.0
33740,"Monroe, LA Metro Area",2005,62765,34291,,,,
33740,"Monroe, LA Metro Area",2006,63792,35285,12158.0,26055.0,45594.0,73305.0
33740,"Monroe, LA Metro Area",2007,60497,36456,12395.0,27901.0,45806.0,78031.0
33740,"Monroe, LA Metro Area",2008,64218,38133,13498.0,28978.0,50853.0,85038.0
33740,"Monroe, LA Metro Area",2009,67080,37799,13948.0,28034.0,49810.0,81520.0
33740,"Monroe, LA Metro Area",2010,65267,37819,14331.0,30729.0,48415.0,81231.0
33740,"Monroe, LA Metro Area",2011,66571,34036,12445.0,26528.0,46186.0,81691.0
33740,"Monroe, LA Metro Area",2012,67742,34809,13570.0,27214.0,46310.0,80916.0
33740,"Monroe, LA Metro Area",2013,65989,37536,12121.0,27476.0,50610.0,87154.0
33740,"Monroe, LA Metro Area",2014,66596,41175,15104.0,30780.0,51785.0,90365.0
33740,"Monroe, LA Metro Area",2015,64955,36346,13684.0,28832.0,47310.0,82676.0
33740,"Monroe, LA Metro Area",2016,62201,38004,14832.0,29981.0,47221.0,87478.0
33740,"Monroe, LA Metro Area",2017,66881,39610,14482.0,31648.0,52226.0,90083.0
33740,"Monroe, LA Metro Area",2018,64791,44353,16933.0,32518.0,57045.0,100367.0
33740,"Monroe, LA Metro Area",2019,77194,40136,13345.0,30979.0,51630.0,88629.0
33740,"Monroe, LA Metro Area",2021,80334,45001,12924.0,31493.0,56223.0,96323.0
33740,"Monroe, LA Metro Area",2022,82655,44507,16570.0,33341.0,59692.0,100040.0
33740,"Monroe, LA Metro Area",2023,87927,50286,17779.0,37463.0,64625.0,112300.0
33740,"Monroe, LA Metro Area",2024,87264,56468,20997.0,42309.0,69920.0,124552.0
33780,"Monroe, MI Metro Area",2005,58567,55663,,,,
33780,"Monroe, MI Metro Area",2006,58376,54444,27339.0,45918.0,66090.0,99117.0
33780,"Monroe, MI Metro Area",2007,57333,53750,26528.0,42218.0,65833.0,94877.0
33780,"Monroe, MI Metro Area",2008,58785,57157,26002.0,46981.0,68540.0,98384.0
33780,"Monroe, MI Metro Area",2009,60786,52824,22207.0,40263.0,62157.0,91362.0
33780,"Monroe, MI Metro Area",2010,58596,50034,21739.0,40298.0,62915.0,92307.0
33780,"Monroe, MI Metro Area",2011,57491,53744,24270.0,45435.0,65325.0,95402.0
33780,"Monroe, MI Metro Area",2012,57506,50675,21527.0,40537.0,62308.0,92352.0
33780,"Monroe, MI Metro Area",2013,58479,53561,22905.0,41678.0,65637.0,98876.0
33780,"Monroe, MI Metro Area",2014,57879,57275,25359.0,45163.0,69129.0,104986.0
33780,"Monroe, MI Metro Area",2015,58886,54396,25577.0,42870.0,68660.0,102005.0
33780,"Monroe, MI Metro Area",2016,58789,60799,25684.0,48958.0,74207.0,107038.0
33780,"Monroe, MI Metro Area",2017,59528,59290,24861.0,49174.0,75547.0,111342.0
33780,"Monroe, MI Metro Area",2018,61586,61916,28929.0,51210.0,75880.0,113321.0
33780,"Monroe, MI Metro Area",2019,60875,62839,26985.0,51026.0,79474.0,123486.0
33780,"Monroe, MI Metro Area",2021,61574,65512,29043.0,55135.0,78518.0,122242.0
33780,"Monroe, MI Metro Area",2022,62946,69563,32312.0,55391.0,89726.0,133415.0
33780,"Monroe, MI Metro Area",2023,62936,71506,31565.0,58830.0,85589.0,139684.0
33780,"Monroe, MI Metro Area",2024,63369,75766,35097.0,63286.0,89024.0,137535.0
33860,"Montgomery, AL Metro Area",2005,135971,41171,,,,
33860,"Montgomery, AL Metro Area",2006,137460,42934,17082.0,33878.0,52945.0,84411.0
33860,"Montgomery, AL Metro Area",2007,138204,43033,18034.0,35238.0,55665.0,84847.0
33860,"Montgomery, AL Metro Area",2008,137791,46422,19264.0,36034.0,58911.0,92111.0
33860,"Montgomery, AL Metro Area",2009,137103,44287,18881.0,35043.0,54809.0,85755.0
33860,"Montgomery, AL Metro Area",2010,140996,45513,18349.0,36569.0,57702.0,94582.0
33860,"Montgomery, AL Metro Area",2011,139181,45707,17975.0,35130.0,57745.0,89584.0
33860,"Montgomery, AL Metro Area",2012,142926,44674,17877.0,36110.0,56646.0,88264.0
33860,"Montgomery, AL Metro Area",2013,141137,45859,18128.0,36320.0,58304.0,92638.0
33860,"Montgomery, AL Metro Area",2014,142432,47159,18071.0,35904.0,58439.0,94642.0
33860,"Montgomery, AL Metro Area",2015,144379,45636,18307.0,35626.0,59758.0,96198.0
33860,"Montgomery, AL Metro Area",2016,145847,47265,18562.0,36060.0,59247.0,99988.0
33860,"Montgomery, AL Metro Area",2017,141960,49123,18101.0,37936.0,62038.0,100316.0
33860,"Montgomery, AL Metro Area",2018,142728,51943,18921.0,41066.0,66791.0,103147.0
33860,"Montgomery, AL Metro Area",2019,145250,53834,23872.0,44596.0,65761.0,106047.0
33860,"Montgomery, AL Metro Area",2021,150996,52677,21021.0,41001.0,67177.0,108078.0
33860,"Montgomery, AL Metro Area",2022,152492,60677,25926.0,48715.0,76863.0,118917.0
33860,"Montgomery, AL Metro Area",2023,153926,62362,24787.0,50159.0,76774.0,119239.0
33860,"Montgomery, AL Metro Area",2024,156295,66706,25143.0,51487.0,82304.0,137811.0
33910,"Monticello, NY Micro Area",2023,30971,69453,24585.0,54958.0,91417.0,137626.0
33910,"Monticello, NY Micro Area",2024,34452,66352,30799.0,57386.0,85056.0,134132.0
33980,"Morehead City, NC Micro Area",2010,28356,40614,18158.0,33668.0,51140.0,83221.0
33980,"Morehead City, NC Micro Area",2011,28071,44429,18022.0,36768.0,54686.0,84237.0
33980,"Morehead City, NC Micro Area",2012,28346,49853,23755.0,39273.0,62129.0,93138.0
33980,"Morehead City, NC Micro Area",2013,29961,45231,20360.0,35732.0,53165.0,86308.0
33980,"Morehead City, NC Micro Area",2014,28773,48881,20094.0,36902.0,59199.0,91673.0
33980,"Morehead City, NC Micro Area",2015,29636,51048,20652.0,40982.0,63285.0,93478.0
33980,"Morehead City, NC Micro Area",2016,27506,51206,20826.0,39344.0,62509.0,99240.0
33980,"Morehead City, NC Micro Area",2017,29944,52807,22924.0,41898.0,65284.0,100223.0
33980,"Morehead City, NC Micro Area",2018,28720,54833,26606.0,44613.0,65237.0,98926.0
33980,"Morehead City, NC Micro Area",2019,28962,60186,26239.0,45864.0,72939.0,113623.0
33980,"Morehead City, NC Micro Area",2021,30589,62907,26457.0,47458.0,73571.0,123634.0
33980,"Morehead City, NC Micro Area",2022,31294,66799,26251.0,52414.0,80887.0,122444.0
33980,"Morehead City, NC Micro Area",2023,34497,78256,31570.0,59888.0,92944.0,147656.0
33980,"Morehead City, NC Micro Area",2024,32777,76748,33100.0,62005.0,93567.0,152213.0
34060,"Morgantown, WV Metro Area",2005,44322,31203,,,,
34060,"Morgantown, WV Metro Area",2006,43498,34998,13422.0,26526.0,44912.0,76524.0
34060,"Morgantown, WV Metro Area",2007,41547,39319,15204.0,30409.0,49075.0,77816.0
34060,"Morgantown, WV Metro Area",2008,42959,43002,14746.0,34804.0,52049.0,78305.0
34060,"Morgantown, WV Metro Area",2009,44013,34471,12079.0,26098.0,45575.0,77995.0
34060,"Morgantown, WV Metro Area",2010,48447,43470,14986.0,32674.0,55185.0,85700.0
34060,"Morgantown, WV Metro Area",2011,48078,43722,15154.0,32906.0,54914.0,86285.0
34060,"Morgantown, WV Metro Area",2012,49069,40177,13838.0,30756.0,53849.0,84620.0
34060,"Morgantown, WV Metro Area",2013,50295,47051,15730.0,35778.0,60182.0,97867.0
34060,"Morgantown, WV Metro Area",2014,49804,41924,15874.0,34185.0,55297.0,88012.0
34060,"Morgantown, WV Metro Area",2015,50274,45941,17700.0,35071.0,60556.0,99458.0
34060,"Morgantown, WV Metro Area",2016,50521,50120,16890.0,38192.0,63105.0,105346.0
34060,"Morgantown, WV Metro Area",2017,51043,49475,19570.0,40298.0,63915.0,106463.0
34060,"Morgantown, WV Metro Area",2018,53173,50574,20110.0,39531.0,64057.0,110499.0
34060,"Morgantown, WV Metro Area",2019,53129,56395,20268.0,43058.0,74372.0,122725.0
34060,"Morgantown, WV Metro Area",2021,56020,58274,22599.0,43940.0,71959.0,121117.0
34060,"Morgantown, WV Metro Area",2022,57354,56132,22250.0,43060.0,72367.0,121007.0
34060,"Morgantown, WV Metro Area",2023,57621,59045,22899.0,45707.0,74455.0,125755.0
34060,"Morgantown, WV Metro Area",2024,58174,67242,24776.0,51696.0,86016.0,140056.0
34100,"Morristown, TN Metro Area",2005,54486,36457,,,,
34100,"Morristown, TN Metro Area",2006,52168,36526,14931.0,28274.0,44732.0,67110.0
34100,"Morristown, TN Metro Area",2007,50805,36977,16185.0,30093.0,46075.0,69059.0
34100,"Morristown, TN Metro Area",2008,51726,37178,16971.0,30215.0,47428.0,72282.0
34100,"Morristown, TN Metro Area",2009,54243,35146,14050.0,27721.0,45187.0,69801.0
34100,"Morristown, TN Metro Area",2010,52262,37065,15191.0,28970.0,46193.0,70180.0
34100,"Morristown, TN Metro Area",2011,53398,35027,15826.0,27308.0,44739.0,73266.0
34100,"Morristown, TN Metro Area",2012,52341,38137,16419.0,30543.0,46608.0,71179.0
34100,"Morristown, TN Metro Area",2013,42874,40957,15794.0,32335.0,49937.0,76946.0
34100,"Morristown, TN Metro Area",2014,45581,38542,15646.0,30608.0,48418.0,77410.0
34100,"Morristown, TN Metro Area",2015,44574,40041,17140.0,31426.0,50339.0,81019.0
34100,"Morristown, TN Metro Area",2016,43944,44348,17879.0,35034.0,53821.0,81220.0
34100,"Morristown, TN Metro Area",2017,43879,44840,21604.0,36646.0,54634.0,86928.0
34100,"Morristown, TN Metro Area",2018,43772,47439,21067.0,37179.0,60062.0,90643.0
34100,"Morristown, TN Metro Area",2019,55874,47326,21986.0,38943.0,60280.0,95979.0
34100,"Morristown, TN Metro Area",2021,53925,43213,20208.0,33595.0,54763.0,91472.0
34100,"Morristown, TN Metro Area",2022,59553,59099,27561.0,46711.0,73433.0,120051.0
34100,"Morristown, TN Metro Area",2023,49910,58401,26324.0,44107.0,75227.0,116149.0
34100,"Morristown, TN Metro Area",2024,50463,62456,26441.0,50260.0,75768.0,110269.0
34180,"Moses Lake, WA Micro Area",2005,27025,38521,,,,
34180,"Moses Lake, WA Micro Area",2006,27547,36965,16986.0,28274.0,45296.0,67419.0
34180,"Moses Lake, WA Micro Area",2007,28216,42198,17435.0,32647.0,51012.0,71765.0
34180,"Moses Lake, WA Micro Area",2008,28473,43500,20353.0,32191.0,53457.0,76073.0
34180,"Moses Lake, WA Micro Area",2009,27821,46883,20821.0,36533.0,56147.0,89744.0
34180,"Moses Lake, WA Micro Area",2010,30228,42337,20545.0,34986.0,53820.0,82986.0
34180,"Moses Lake, WA Micro Area",2011,31009,43076,18760.0,32279.0,56115.0,79842.0
34180,"Moses Lake, WA Micro Area",2012,30543,46295,19952.0,35267.0,56729.0,77806.0
34180,"Moses Lake, WA Micro Area",2013,29888,46728,19638.0,35562.0,56421.0,82586.0
34180,"Moses Lake, WA Micro Area",2014,29758,51949,24557.0,42483.0,61544.0,88533.0
34180,"Moses Lake, WA Micro Area",2015,30915,51667,27467.0,41692.0,62462.0,97563.0
34180,"Moses Lake, WA Micro Area",2016,28351,48335,21337.0,40213.0,56016.0,90125.0
34180,"Moses Lake, WA Micro Area",2017,31123,58644,25308.0,46877.0,71659.0,103065.0
34180,"Moses Lake, WA Micro Area",2018,30806,53057,23146.0,41919.0,68757.0,100644.0
34180,"Moses Lake, WA Micro Area",2019,30866,56997,27114.0,44129.0,68704.0,100408.0
34180,"Moses Lake, WA Micro Area",2021,35572,62227,30516.0,47569.0,74651.0,109361.0
34180,"Moses Lake, WA Micro Area",2022,36134,63819,26960.0,51576.0,76471.0,117915.0
34180,"Moses Lake, WA Micro Area",2023,34911,75586,30240.0,55633.0,87053.0,134189.0
34180,"Moses Lake, WA Micro Area",2024,36101,73085,34699.0,59117.0,90012.0,129020.0
34340,"Mount Airy, NC Micro Area",2005,28179,33954,,,,
34340,"Mount Airy, NC Micro Area",2006,27662,35215,14706.0,25419.0,42524.0,71775.0
34340,"Mount Airy, NC Micro Area",2007,28542,35628,15180.0,26526.0,44890.0,69048.0
34340,"Mount Airy, NC Micro Area",2008,28806,36679,14439.0,29225.0,45404.0,72066.0
34340,"Mount Airy, NC Micro Area",2009,29552,33159,16320.0,27899.0,43054.0,68656.0
34340,"Mount Airy, NC Micro Area",2010,30000,35928,15338.0,27002.0,47309.0,77500.0
34340,"Mount Airy, NC Micro Area",2011,30856,32310,13666.0,24520.0,41020.0,65179.0
34340,"Mount Airy, NC Micro Area",2012,29063,36131,16020.0,30710.0,47984.0,80145.0
34340,"Mount Airy, NC Micro Area",2013,30156,35579,16370.0,29236.0,42921.0,71005.0
34340,"Mount Airy, NC Micro Area",2014,27632,36511,15996.0,30086.0,46932.0,75445.0
34340,"Mount Airy, NC Micro Area",2015,29234,37337,15998.0,29192.0,46847.0,79363.0
34340,"Mount Airy, NC Micro Area",2016,28261,36802,15692.0,30685.0,48581.0,79369.0
34340,"Mount Airy, NC Micro Area",2017,29415,42438,15322.0,31225.0,52739.0,83802.0
34340,"Mount Airy, NC Micro Area",2018,29230,48398,17079.0,35323.0,61560.0,90582.0
34340,"Mount Airy, NC Micro Area",2019,28408,49250,18658.0,37033.0,61469.0,94315.0
34340,"Mount Airy, NC Micro Area",2021,30317,51950,23509.0,42499.0,64948.0,95791.0
34340,"Mount Airy, NC Micro Area",2022,31038,44485,18451.0,35029.0,57525.0,101328.0
34340,"Mount Airy, NC Micro Area",2023,30752,58291,22733.0,40906.0,72122.0,116015.0
34340,"Mount Airy, NC Micro Area",2024,30063,53456,22681.0,43423.0,65913.0,108577.0
34380,"Mount Pleasant, MI Micro Area",2006,23673,40126,15397.0,30589.0,49830.0,72503.0
34380,"Mount Pleasant, MI Micro Area",2007,24671,38104,12341.0,30615.0,47229.0,77702.0
34380,"Mount Pleasant, MI Micro Area",2008,25117,34946,12356.0,26816.0,44087.0,70857.0
34380,"Mount Pleasant, MI Micro Area",2009,25908,33787,11458.0,25783.0,43658.0,74018.0
34380,"Mount Pleasant, MI Micro Area",2010,25139,31014,11179.0,23477.0,42152.0,74038.0
34380,"Mount Pleasant, MI Micro Area",2011,23607,37319,14209.0,29234.0,49857.0,75350.0
34380,"Mount Pleasant, MI Micro Area",2012,24663,35593,13175.0,27980.0,46920.0,77017.0
34380,"Mount Pleasant, MI Micro Area",2013,25225,37488,15257.0,29478.0,45766.0,74110.0
34380,"Mount Pleasant, MI Micro Area",2014,24999,41931,15887.0,32339.0,53620.0,86571.0
34380,"Mount Pleasant, MI Micro Area",2015,24246,40838,16280.0,30318.0,54014.0,93885.0
34380,"Mount Pleasant, MI Micro Area",2016,23920,41868,14502.0,33723.0,51036.0,83946.0
34380,"Mount Pleasant, MI Micro Area",2017,25000,44100,16881.0,33244.0,55451.0,87882.0
34380,"Mount Pleasant, MI Micro Area",2018,25367,46198,18617.0,35507.0,58570.0,90165.0
34380,"Mount Pleasant, MI Micro Area",2019,24690,45201,17323.0,33171.0,57795.0,91948.0
34380,"Mount Pleasant, MI Micro Area",2024,24298,55426,25725.0,46112.0,67406.0,103889.0
34580,"Mount Vernon-Anacortes, WA Metro Area",2005,42319,48773,,,,
34580,"Mount Vernon-Anacortes, WA Metro Area",2006,43138,48222,21188.0,38933.0,58024.0,86973.0
34580,"Mount Vernon-Anacortes, WA Metro Area",2007,44037,51554,24833.0,42597.0,61482.0,91309.0
34580,"Mount Vernon-Anacortes, WA Metro Area",2008,44103,53348,26503.0,46074.0,63945.0,92095.0
34580,"Mount Vernon-Anacortes, WA Metro Area",2009,44513,54856,26532.0,43841.0,63761.0,94230.0
34580,"Mount Vernon-Anacortes, WA Metro Area",2010,44856,55458,24777.0,43894.0,65423.0,96565.0
34580,"Mount Vernon-Anacortes, WA Metro Area",2011,45801,52519,22747.0,41672.0,67195.0,99155.0
34580,"Mount Vernon-Anacortes, WA Metro Area",2012,44671,53400,24401.0,41597.0,66768.0,97710.0
34580,"Mount Vernon-Anacortes, WA Metro Area",2013,45234,52448,23012.0,42266.0,63129.0,99743.0
34580,"Mount Vernon-Anacortes, WA Metro Area",2014,45447,50558,20290.0,40937.0,62642.0,105332.0
34580,"Mount Vernon-Anacortes, WA Metro Area",2015,48056,57122,25196.0,43484.0,68859.0,102438.0
34580,"Mount Vernon-Anacortes, WA Metro Area",2016,46423,60983,29261.0,49507.0,74474.0,112445.0
34580,"Mount Vernon-Anacortes, WA Metro Area",2017,49262,66066,28494.0,53604.0,75222.0,113279.0
34580,"Mount Vernon-Anacortes, WA Metro Area",2018,48474,73206,33233.0,57459.0,81827.0,123369.0
34580,"Mount Vernon-Anacortes, WA Metro Area",2019,49043,67175,31843.0,54384.0,81892.0,123026.0
34580,"Mount Vernon-Anacortes, WA Metro Area",2021,51971,72648,31068.0,54878.0,88754.0,137675.0
34580,"Mount Vernon-Anacortes, WA Metro Area",2022,50818,79001,33400.0,64885.0,99275.0,153601.0
34580,"Mount Vernon-Anacortes, WA Metro Area",2023,53087,91234,40810.0,71938.0,110813.0,161347.0
34580,"Mount Vernon-Anacortes, WA Metro Area",2024,53859,91204,41011.0,70908.0,111343.0,169529.0
34620,"Muncie, IN Metro Area",2005,46922,34227,,,,
34620,"Muncie, IN Metro Area",2006,45350,34516,13467.0,28151.0,42605.0,69334.0
34620,"Muncie, IN Metro Area",2007,47844,37702,13884.0,31002.0,47253.0,77865.0
34620,"Muncie, IN Metro Area",2008,45071,38927,17828.0,30840.0,47374.0,73580.0
34620,"Muncie, IN Metro Area",2009,45988,34781,14697.0,27014.0,46173.0,68074.0
34620,"Muncie, IN Metro Area",2010,46933,35902,16466.0,29011.0,45909.0,72224.0
34620,"Muncie, IN Metro Area",2011,45477,36811,15429.0,29180.0,44929.0,76172.0
34620,"Muncie, IN Metro Area",2012,46572,37032,14551.0,29421.0,44975.0,72848.0
34620,"Muncie, IN Metro Area",2013,46431,36402,14358.0,26944.0,46104.0,76964.0
34620,"Muncie, IN Metro Area",2014,45207,39323,16487.0,32811.0,49131.0,81671.0
34620,"Muncie, IN Metro Area",2015,45278,40606,16593.0,32614.0,51159.0,77145.0
34620,"Muncie, IN Metro Area",2016,46720,41041,16559.0,31357.0,52802.0,82382.0
34620,"Muncie, IN Metro Area",2017,46588,41255,17152.0,31631.0,53398.0,96637.0
34620,"Muncie, IN Metro Area",2018,45311,41662,18488.0,32806.0,53829.0,83525.0
34620,"Muncie, IN Metro Area",2019,45640,45065,18406.0,34745.0,57453.0,93094.0
34620,"Muncie, IN Metro Area",2021,45977,50497,20732.0,40180.0,60572.0,92929.0
34620,"Muncie, IN Metro Area",2022,47478,54087,21389.0,42081.0,68218.0,110893.0
34620,"Muncie, IN Metro Area",2023,44361,55206,24106.0,43612.0,68977.0,99962.0
34620,"Muncie, IN Metro Area",2024,45867,54232,20383.0,41884.0,65694.0,106814.0
34680,"Murrells Inlet, SC Micro Area",2023,28720,71313,27216.0,52336.0,83417.0,130417.0
34680,"Murrells Inlet, SC Micro Area",2024,27760,64921,24265.0,48499.0,84217.0,134486.0
34740,"Muskegon-Norton Shores, MI Metro Area",2005,65681,41911,,,,
34740,"Muskegon-Norton Shores, MI Metro Area",2006,65635,40883,17443.0,33667.0,50331.0,73190.0
34740,"Muskegon-Norton Shores, MI Metro Area",2007,64455,39099,17586.0,31970.0,48327.0,74503.0
34740,"Muskegon-Norton Shores, MI Metro Area",2008,66384,40827,18222.0,32995.0,50048.0,76604.0
34740,"Muskegon-Norton Shores, MI Metro Area",2009,65509,38274,17141.0,29892.0,48823.0,71260.0
34740,"Muskegon-Norton Shores, MI Metro Area",2010,65892,38621,16571.0,30184.0,48428.0,73695.0
34740,"Muskegon-Norton Shores, MI Metro Area",2011,62839,37626,16481.0,29445.0,47067.0,78043.0
34740,"Muskegon-Norton Shores, MI Metro Area",2012,63860,40535,16867.0,32115.0,50223.0,79609.0
34740,"Muskegon, MI Metro Area",2013,65559,41630,17507.0,31932.0,51877.0,78662.0
34740,"Muskegon, MI Metro Area",2014,64646,42600,17884.0,32955.0,51320.0,80561.0
34740,"Muskegon, MI Metro Area",2015,63215,47453,19684.0,37033.0,57648.0,84023.0
34740,"Muskegon, MI Metro Area",2016,65437,44264,19941.0,35545.0,52816.0,86309.0
34740,"Muskegon, MI Metro Area",2017,64581,49229,21160.0,38685.0,60332.0,90722.0
34740,"Muskegon, MI Metro Area",2018,67196,50080,23642.0,39522.0,61611.0,96874.0
34740,"Muskegon, MI Metro Area",2019,66148,50366,22140.0,39926.0,61470.0,93520.0
34740,"Muskegon, MI Metro Area",2021,67707,55462,25364.0,45817.0,68228.0,102923.0
34740,"Muskegon, MI Metro Area",2022,67255,58074,24542.0,48241.0,69766.0,103510.0
34740,"Muskegon-Norton Shores, MI Metro Area",2023,70042,61189,27014.0,49658.0,76304.0,111310.0
34740,"Muskegon-Norton Shores, MI Metro Area",2024,70148,60829,26073.0,50185.0,79220.0,119088.0
34780,"Muskogee, OK Micro Area",2005,26925,31188,,,,
34780,"Muskogee, OK Micro Area",2006,25516,32975,15281.0,25956.0,46044.0,71433.0
34780,"Muskogee, OK Micro Area",2007,26334,38089,16060.0,29346.0,44599.0,67487.0
34780,"Muskogee, OK Micro Area",2008,27654,32658,14572.0,27526.0,42889.0,70134.0
34780,"Muskogee, OK Micro Area",2009,27622,31855,13897.0,24943.0,43833.0,70155.0
34780,"Muskogee, OK Micro Area",2010,26664,39910,15311.0,31694.0,47052.0,69410.0
34780,"Muskogee, OK Micro Area",2011,26980,34440,12665.0,24848.0,42261.0,66411.0
34780,"Muskogee, OK Micro Area",2012,26128,37233,15092.0,29056.0,47233.0,70568.0
34780,"Muskogee, OK Micro Area",2013,26529,39130,17421.0,30642.0,51858.0,80574.0
34780,"Muskogee, OK Micro Area",2014,26016,42756,17322.0,33132.0,50828.0,77476.0
34780,"Muskogee, OK Micro Area",2015,25438,41016,15248.0,31406.0,52601.0,86233.0
34780,"Muskogee, OK Micro Area",2016,26000,40860,15289.0,30488.0,51141.0,82601.0
34780,"Muskogee, OK Micro Area",2017,26122,36342,12808.0,26883.0,47874.0,80931.0
34780,"Muskogee, OK Micro Area",2018,26566,45290,19535.0,36107.0,57017.0,91725.0
34780,"Muskogee, OK Micro Area",2019,26842,42450,18472.0,33216.0,55219.0,91805.0
34780,"Muskogee, OK Micro Area",2021,25965,43437,21372.0,36693.0,54650.0,87149.0
34780,"Muskogee, OK Micro Area",2022,25751,54070,20087.0,43151.0,65273.0,102965.0
34780,"Muskogee, OK Micro Area",2023,26362,52484,20683.0,42747.0,68047.0,101125.0
34780,"Muskogee, OK Micro Area",2024,25487,55593,18704.0,41733.0,68429.0,107733.0
34820,"Myrtle Beach-Conway-North Myrtle Beach, SC Metro Area",2005,99138,38789,,,,
34820,"Myrtle Beach-Conway-North Myrtle Beach, SC Metro Area",2006,106901,40816,18585.0,33157.0,49042.0,75938.0
34820,"Myrtle Beach-Conway-North Myrtle Beach, SC Metro Area",2007,109592,43184,20136.0,35346.0,52462.0,79085.0
34820,"Myrtle Beach-North Myrtle Beach-Conway, SC Metro Area",2008,110356,42327,19174.0,33925.0,52428.0,80488.0
34820,"Myrtle Beach-North Myrtle Beach-Conway, SC Metro Area",2009,110365,41321,18068.0,33705.0,50855.0,76729.0
34820,"Myrtle Beach-North Myrtle Beach-Conway, SC Metro Area",2010,111352,41568,18798.0,31842.0,49469.0,76702.0
34820,"Myrtle Beach-North Myrtle Beach-Conway, SC Metro Area",2011,109447,38775,18284.0,33048.0,47687.0,76854.0
34820,"Myrtle Beach-North Myrtle Beach-Conway, SC Metro Area",2012,118092,40353,17719.0,31561.0,50073.0,77018.0
34820,"Myrtle Beach-Conway-North Myrtle Beach, SC-NC Metro Area",2013,162547,43540,19653.0,34791.0,52786.0,81535.0
34820,"Myrtle Beach-Conway-North Myrtle Beach, SC-NC Metro Area",2014,174999,43993,20587.0,36353.0,52195.0,80922.0
34820,"Myrtle Beach-Conway-North Myrtle Beach, SC-NC Metro Area",2015,174808,47379,19973.0,37431.0,58401.0,85927.0
34820,"Myrtle Beach-Conway-North Myrtle Beach, SC-NC Metro Area",2016,179893,46787,21143.0,37387.0,58422.0,91290.0
34820,"Myrtle Beach-Conway-North Myrtle Beach, SC-NC Metro Area",2017,184898,48727,21762.0,40026.0,59921.0,90374.0
34820,"Myrtle Beach-Conway-North Myrtle Beach, SC-NC Metro Area",2018,187932,51580,23420.0,41404.0,62470.0,95321.0
34820,"Myrtle Beach-Conway-North Myrtle Beach, SC-NC Metro Area",2019,198645,56977,27212.0,47036.0,68658.0,104755.0
34820,"Myrtle Beach-Conway-North Myrtle Beach, SC-NC Metro Area",2021,210672,59073,26924.0,48221.0,71709.0,107497.0
34820,"Myrtle Beach-Conway-North Myrtle Beach, SC-NC Metro Area",2022,231614,64741,29942.0,51678.0,79434.0,122036.0
34820,"Myrtle Beach-Conway-North Myrtle Beach, SC Metro Area",2023,168080,68988,29417.0,54381.0,82735.0,121744.0
34820,"Myrtle Beach-Conway-North Myrtle Beach, SC Metro Area",2024,176383,68534,31562.0,55142.0,83589.0,129410.0
34860,"Nacogdoches, TX Micro Area",2011,23198,39110,12425.0,30944.0,51160.0,81487.0
34860,"Nacogdoches, TX Micro Area",2012,24099,32555,12420.0,26451.0,41533.0,71601.0
34860,"Nacogdoches, TX Micro Area",2013,22687,35587,11828.0,26985.0,47826.0,84542.0
34860,"Nacogdoches, TX Micro Area",2014,24734,39326,14532.0,31056.0,47996.0,73368.0
34860,"Nacogdoches, TX Micro Area",2015,23493,39865,14033.0,29969.0,50551.0,85031.0
34860,"Nacogdoches, TX Micro Area",2016,23080,35562,16379.0,26865.0,46392.0,82774.0
34860,"Nacogdoches, TX Micro Area",2017,22634,47589,19269.0,34838.0,56329.0,100400.0
34860,"Nacogdoches, TX Micro Area",2018,23442,46459,18740.0,36596.0,56742.0,88834.0
34860,"Nacogdoches, TX Micro Area",2019,24722,47572,17313.0,35388.0,56452.0,90033.0
34860,"Nacogdoches, TX Micro Area",2023,25074,51718,19234.0,40857.0,65387.0,115332.0
34860,"Nacogdoches, TX Micro Area",2024,25238,54591,19777.0,40614.0,62609.0,101304.0
34900,"Napa, CA Metro Area",2005,48202,65260,,,,
34900,"Napa, CA Metro Area",2006,47854,66645,25812.0,52565.0,78377.0,120228.0
34900,"Napa, CA Metro Area",2007,49069,62081,29283.0,48970.0,76343.0,121721.0
34900,"Napa, CA Metro Area",2008,46333,65158,28265.0,51675.0,82782.0,126795.0
34900,"Napa, CA Metro Area",2009,49014,68541,32885.0,56369.0,87646.0,136509.0
34900,"Napa, CA Metro Area",2010,49754,64401,25725.0,50336.0,82163.0,120988.0
34900,"Napa, CA Metro Area",2011,49933,61460,27921.0,47384.0,76361.0,120662.0
34900,"Napa, CA Metro Area",2012,48224,68553,31377.0,55207.0,82269.0,130850.0
34900,"Napa, CA Metro Area",2013,47482,70914,28515.0,54028.0,85719.0,131727.0
34900,"Napa, CA Metro Area",2014,50516,74123,30752.0,57015.0,92610.0,145708.0
34900,"Napa, CA Metro Area",2015,49619,75513,31484.0,60909.0,92462.0,155042.0
34900,"Napa, CA Metro Area",2016,49561,75077,34858.0,60565.0,99849.0,150243.0
34900,"Napa, CA Metro Area",2017,47848,86562,38768.0,68992.0,105736.0,162324.0
34900,"Napa, CA Metro Area",2018,47315,87025,36906.0,66497.0,104431.0,166228.0
34900,"Napa, CA Metro Area",2019,48107,92769,43140.0,75864.0,115462.0,183976.0
34900,"Napa, CA Metro Area",2021,49979,97213,40650.0,79630.0,124274.0,191155.0
34900,"Napa, CA Metro Area",2022,51025,100318,41571.0,79646.0,123726.0,194902.0
34900,"Napa, CA Metro Area",2023,51167,104686,43726.0,82840.0,141476.0,203413.0
34900,"Napa, CA Metro Area",2024,49477,122754,52799.0,97468.0,152379.0,242295.0
34940,"Naples-Marco Island, FL Metro Area",2005,121171,52179,,,,
34940,"Naples-Marco Island, FL Metro Area",2006,120963,55888,25000.0,45088.0,69257.0,110835.0
34940,"Naples-Marco Island, FL Metro Area",2007,120309,57653,26191.0,45603.0,71415.0,112022.0
34940,"Naples-Marco Island, FL Metro Area",2008,117344,61165,27214.0,47082.0,75596.0,123411.0
34940,"Naples-Marco Island, FL Metro Area",2009,113378,52988,26002.0,43841.0,65465.0,107613.0
34940,"Naples-Marco Island, FL Metro Area",2010,118258,52730,24656.0,42417.0,65254.0,105601.0
34940,"Naples-Marco Island, FL Metro Area",2011,123949,50564,23528.0,41682.0,62084.0,105449.0
34940,"Naples-Marco Island, FL Metro Area",2012,123714,54126,24868.0,42412.0,68688.0,112218.0
34940,"Naples-Immokalee-Marco Island, FL Metro Area",2013,130614,54406,25174.0,43003.0,68410.0,112169.0
34940,"Naples-Immokalee-Marco Island, FL Metro Area",2014,133162,58026,28297.0,48981.0,73346.0,119254.0
34940,"Naples-Immokalee-Marco Island, FL Metro Area",2015,134906,62126,29142.0,50748.0,77392.0,130015.0
34940,"Naples-Immokalee-Marco Island, FL Metro Area",2016,139522,61228,27759.0,50632.0,77687.0,129581.0
34940,"Naples-Immokalee-Marco Island, FL Metro Area",2017,144354,66048,30519.0,51730.0,82095.0,136175.0
34940,"Naples-Immokalee-Marco Island, FL Metro Area",2018,144172,69867,31103.0,53817.0,87244.0,148284.0
34940,"Naples-Marco Island, FL Metro Area",2019,140578,76025,31453.0,57781.0,94413.0,151893.0
34940,"Naples-Marco Island, FL Metro Area",2021,163943,74215,32812.0,61008.0,93239.0,164196.0
34940,"Naples-Marco Island, FL Metro Area",2022,166206,80815,35657.0,63378.0,102313.0,173838.0
34940,"Naples-Marco Island, FL Metro Area",2023,166192,90072,39443.0,69969.0,109266.0,180150.0
34940,"Naples-Marco Island, FL Metro Area",2024,170126,95862,40710.0,76143.0,117104.0,193015.0
34980,"Nashville-Davidson--Murfreesboro, TN Metro Area",2005,566146,45543,,,,
34980,"Nashville-Davidson--Murfreesboro, TN Metro Area",2006,574954,47699,20946.0,37760.0,59125.0,90219.0
34980,"Nashville-Davidson--Murfreesboro--Franklin, TN Metro Area",2007,585076,50760,23263.0,41355.0,61445.0,93878.0
34980,"Nashville-Davidson--Murfreesboro--Franklin, TN Metro Area",2008,604174,51841,23644.0,41734.0,63531.0,100011.0
34980,"Nashville-Davidson--Murfreesboro--Franklin, TN Metro Area",2009,598055,51066,23029.0,41782.0,62675.0,95358.0
34980,"Nashville-Davidson--Murfreesboro--Franklin, TN Metro Area",2010,599775,47975,20672.0,38623.0,60102.0,93977.0
34980,"Nashville-Davidson--Murfreesboro--Franklin, TN Metro Area",2011,613496,49992,21639.0,40218.0,61261.0,98700.0
34980,"Nashville-Davidson--Murfreesboro--Franklin, TN Metro Area",2012,616606,51500,22599.0,40931.0,63194.0,100289.0
34980,"Nashville-Davidson--Murfreesboro--Franklin, TN Metro Area",2013,662187,51996,23537.0,42072.0,65343.0,100540.0
34980,"Nashville-Davidson--Murfreesboro--Franklin, TN Metro Area",2014,674665,52640,23357.0,42129.0,66377.0,104868.0
34980,"Nashville-Davidson--Murfreesboro--Franklin, TN Metro Area",2015,686640,57985,25771.0,46467.0,71083.0,110262.0
34980,"Nashville-Davidson--Murfreesboro--Franklin, TN Metro Area",2016,706627,60030,27172.0,47616.0,73984.0,114600.0
34980,"Nashville-Davidson--Murfreesboro--Franklin, TN Metro Area",2017,717370,63939,29528.0,52433.0,77680.0,120565.0
34980,"Nashville-Davidson--Murfreesboro--Franklin, TN Metro Area",2018,730709,65919,30403.0,52434.0,80978.0,125057.0
34980,"Nashville-Davidson--Murfreesboro--Franklin, TN Metro Area",2019,733787,70262,32361.0,56727.0,85886.0,132600.0
34980,"Nashville-Davidson--Murfreesboro--Franklin, TN Metro Area",2021,794373,72725,33718.0,58925.0,90095.0,142037.0
34980,"Nashville-Davidson--Murfreesboro--Franklin, TN Metro Area",2022,831347,80034,37806.0,64272.0,97357.0,153950.0
34980,"Nashville-Davidson--Murfreesboro--Franklin, TN Metro Area",2023,863464,84685,40203.0,67338.0,103972.0,158888.0
34980,"Nashville-Davidson--Murfreesboro--Franklin, TN Metro Area",2024,869185,88800,41443.0,71336.0,108541.0,172267.0
35100,"New Bern, NC Micro Area",2005,46440,38178,,,,
35100,"New Bern, NC Micro Area",2006,49071,39656,19701.0,32704.0,50186.0,77434.0
35100,"New Bern, NC Micro Area",2007,49496,44692,18014.0,33815.0,56557.0,82118.0
35100,"New Bern, NC Micro Area",2008,50822,45496,21074.0,37711.0,53824.0,81360.0
35100,"New Bern, NC Micro Area",2009,49627,37416,17738.0,29915.0,48819.0,80178.0
35100,"New Bern, NC Micro Area",2010,49840,41059,17566.0,31882.0,49466.0,77052.0
35100,"New Bern, NC Micro Area",2011,48282,49224,23072.0,41740.0,60846.0,84292.0
35100,"New Bern, NC Micro Area",2012,50760,45421,17456.0,35638.0,55357.0,81653.0
35100,"New Bern, NC Metro Area",2013,48962,44560,20630.0,37259.0,56131.0,86495.0
35100,"New Bern, NC Metro Area",2014,49335,42819,21627.0,34236.0,51881.0,80081.0
35100,"New Bern, NC Metro Area",2015,51013,45971,21229.0,38203.0,56181.0,86849.0
35100,"New Bern, NC Metro Area",2016,49233,47710,18827.0,38357.0,57192.0,93707.0
35100,"New Bern, NC Metro Area",2017,49667,50977,21324.0,40274.0,61474.0,93611.0
35100,"New Bern, NC Metro Area",2018,49527,48557,20564.0,36897.0,59591.0,95144.0
35100,"New Bern, NC Metro Area",2019,52345,52355,24048.0,39534.0,66462.0,106757.0
35100,"New Bern, NC Metro Area",2021,51021,55390,23756.0,44354.0,69025.0,103368.0
35100,"New Bern, NC Metro Area",2022,51749,62942,25839.0,51558.0,78120.0,122071.0
35100,"New Bern, NC Micro Area",2023,51068,58567,23565.0,48266.0,74761.0,119318.0
35100,"New Bern, NC Micro Area",2024,55979,61364,26895.0,48712.0,77224.0,121381.0
35260,"New Castle, PA Micro Area",2005,36623,39940,,,,
35260,"New Castle, PA Micro Area",2006,35630,39412,18068.0,31206.0,50073.0,73775.0
35260,"New Castle, PA Micro Area",2007,36348,40749,16481.0,32180.0,47456.0,72749.0
35260,"New Castle, PA Micro Area",2008,35369,42151,18017.0,32758.0,50882.0,79259.0
35260,"New Castle, PA Micro Area",2009,36615,43232,19115.0,33675.0,51521.0,80702.0
35260,"New Castle, PA Micro Area",2010,36484,38192,16158.0,29276.0,46944.0,76092.0
35260,"New Castle, PA Micro Area",2011,36278,41606,17213.0,32848.0,51204.0,79758.0
35260,"New Castle, PA Micro Area",2012,37154,43558,17793.0,34697.0,53598.0,83756.0
35260,"New Castle, PA Micro Area",2013,36354,43425,19705.0,33665.0,53672.0,84190.0
35260,"New Castle, PA Micro Area",2014,35935,45356,17567.0,34522.0,56539.0,87249.0
35260,"New Castle, PA Micro Area",2015,36138,42921,17816.0,34090.0,55168.0,88010.0
35260,"New Castle, PA Micro Area",2016,35861,46918,18827.0,37429.0,59059.0,96705.0
35260,"New Castle, PA Micro Area",2017,37341,49967,20685.0,37930.0,62119.0,96066.0
35260,"New Castle, PA Micro Area",2018,37497,47853,19402.0,37014.0,60398.0,93467.0
35260,"New Castle, PA Micro Area",2019,37282,50547,22687.0,38761.0,63841.0,98181.0
35260,"New Castle, PA Micro Area",2021,36286,59536,24155.0,46286.0,74295.0,108658.0
35260,"New Castle, PA Micro Area",2022,35694,58908,24426.0,46731.0,72514.0,110217.0
35300,"New Haven-Milford, CT Metro Area",2005,324546,53591,,,,
35300,"New Haven-Milford, CT Metro Area",2006,320838,56840,23086.0,44090.0,70207.0,105508.0
35300,"New Haven-Milford, CT Metro Area",2007,321203,59916,24641.0,47551.0,74035.0,112782.0
35300,"New Haven-Milford, CT Metro Area",2008,322436,61579,24753.0,48976.0,77106.0,118999.0
35300,"New Haven-Milford, CT Metro Area",2009,321692,60601,23247.0,46830.0,75736.0,119787.0
35300,"New Haven-Milford, CT Metro Area",2010,329595,57056,22309.0,44546.0,72494.0,113922.0
35300,"New Haven-Milford, CT Metro Area",2011,326523,59245,23013.0,46037.0,73620.0,118318.0
35300,"New Haven-Milford, CT Metro Area",2012,330054,59271,21815.0,45060.0,75200.0,119417.0
35300,"New Haven-Milford, CT Metro Area",2013,321048,58571,22938.0,45962.0,75491.0,121925.0
35300,"New Haven-Milford, CT Metro Area",2014,326050,60391,22652.0,46218.0,76627.0,123727.0
35300,"New Haven-Milford, CT Metro Area",2015,323270,61760,24443.0,48937.0,78633.0,127275.0
35300,"New Haven-Milford, CT Metro Area",2016,327560,66176,26169.0,50783.0,82278.0,130919.0
35300,"New Haven-Milford, CT Metro Area",2017,324837,66863,28631.0,52330.0,83592.0,134508.0
35300,"New Haven-Milford, CT Metro Area",2018,335539,67845,26811.0,52789.0,85214.0,139943.0
35300,"New Haven-Milford, CT Metro Area",2019,329006,69751,25205.0,52339.0,86646.0,141293.0
35300,"New Haven-Milford, CT Metro Area",2021,349089,75295,29118.0,58427.0,95712.0,151729.0
35300,"New Haven-Milford, CT Metro Area",2022,345632,81998,30964.0,62877.0,102968.0,162890.0
35300,"New Haven, CT Metro Area",2023,233004,80733,31418.0,64337.0,102025.0,168490.0
35300,"New Haven, CT Metro Area",2024,234206,89645,36609.0,70796.0,111864.0,183127.0
35340,"New Iberia, LA Micro Area",2005,25359,35476,,,,
35340,"New Iberia, LA Micro Area",2006,26152,37819,13915.0,30838.0,43762.0,69964.0
35340,"New Iberia, LA Micro Area",2007,26511,40137,14345.0,29764.0,47962.0,83272.0
35340,"New Iberia, LA Micro Area",2008,26649,40869,15410.0,31381.0,48816.0,80077.0
35340,"New Iberia, LA Micro Area",2009,27306,43204,14587.0,32352.0,49912.0,86585.0
35340,"New Iberia, LA Micro Area",2010,26130,41709,16908.0,32564.0,54013.0,83305.0
35340,"New Iberia, LA Micro Area",2011,26740,42488,17309.0,35099.0,55066.0,88495.0
35340,"New Iberia, LA Micro Area",2012,26359,43869,16146.0,33387.0,56019.0,94290.0
35340,"New Iberia, LA Micro Area",2023,26439,53352,17099.0,39179.0,71112.0,117348.0
35340,"New Iberia, LA Micro Area",2024,26899,48688,21350.0,37641.0,67048.0,116897.0
35380,"New Orleans-Metairie-Kenner, LA Metro Area",2005,479852,39879,,,,
35380,"New Orleans-Metairie-Kenner, LA Metro Area",2006,353386,46459,19180.0,36277.0,59174.0,91117.0
35380,"New Orleans-Metairie-Kenner, LA Metro Area",2007,367100,48109,19907.0,37782.0,60335.0,95646.0
35380,"New Orleans-Metairie-Kenner, LA Metro Area",2008,383802,47585,20385.0,38358.0,60614.0,96762.0
35380,"New Orleans-Metairie-Kenner, LA Metro Area",2009,435086,46219,19072.0,36045.0,58730.0,95238.0
35380,"New Orleans-Metairie-Kenner, LA Metro Area",2010,451411,46134,18039.0,36100.0,58527.0,95329.0
35380,"New Orleans-Metairie-Kenner, LA Metro Area",2011,456878,44004,16325.0,33693.0,56908.0,94537.0
35380,"New Orleans-Metairie-Kenner, LA Metro Area",2012,463402,44379,16973.0,33711.0,57118.0,95438.0
35380,"New Orleans-Metairie, LA Metro Area",2013,479366,45981,17364.0,35280.0,58543.0,98328.0
35380,"New Orleans-Metairie, LA Metro Area",2014,474715,46784,18173.0,36097.0,60775.0,101675.0
35380,"New Orleans-Metairie, LA Metro Area",2015,481754,48343,18675.0,37263.0,61873.0,101256.0
35380,"New Orleans-Metairie, LA Metro Area",2016,482980,48804,18644.0,36865.0,62249.0,103960.0
35380,"New Orleans-Metairie, LA Metro Area",2017,481828,50528,18299.0,38244.0,64395.0,106968.0
35380,"New Orleans-Metairie, LA Metro Area",2018,482442,50301,19037.0,38023.0,64510.0,110240.0
35380,"New Orleans-Metairie, LA Metro Area",2019,485267,55710,20758.0,42385.0,70781.0,116093.0
35380,"New Orleans-Metairie, LA Metro Area",2021,507992,56837,20703.0,44240.0,71351.0,119985.0
35380,"New Orleans-Metairie, LA Metro Area",2022,499885,61602,23747.0,48068.0,80437.0,132582.0
35380,"New Orleans-Metairie, LA Metro Area",2023,399198,61000,22112.0,46003.0,77431.0,131449.0
35380,"New Orleans-Metairie, LA Metro Area",2024,403456,62373,23839.0,49788.0,80408.0,132143.0
35420,"New Philadelphia-Dover, OH Micro Area",2005,35137,39411,,,,
35420,"New Philadelphia-Dover, OH Micro Area",2006,35255,37560,17266.0,30952.0,46091.0,67273.0
35420,"New Philadelphia-Dover, OH Micro Area",2007,36089,40699,18059.0,31211.0,50164.0,79236.0
35420,"New Philadelphia-Dover, OH Micro Area",2008,34982,42992,20560.0,35595.0,53901.0,77445.0
35420,"New Philadelphia-Dover, OH Micro Area",2009,35459,40801,17772.0,30753.0,47915.0,72078.0
35420,"New Philadelphia-Dover, OH Micro Area",2010,34310,38882,18625.0,32479.0,47513.0,72558.0
35420,"New Philadelphia-Dover, OH Micro Area",2011,37151,42082,17574.0,31677.0,50793.0,80494.0
35420,"New Philadelphia-Dover, OH Micro Area",2012,36699,43702,20170.0,36020.0,53115.0,80437.0
35420,"New Philadelphia-Dover, OH Micro Area",2013,34949,44130,18953.0,36908.0,52382.0,78118.0
35420,"New Philadelphia-Dover, OH Micro Area",2014,37516,46253,18988.0,37724.0,56032.0,80145.0
35420,"New Philadelphia-Dover, OH Micro Area",2015,36511,47331,21023.0,40084.0,60777.0,91804.0
35420,"New Philadelphia-Dover, OH Micro Area",2016,34968,50440,22700.0,38552.0,61330.0,84547.0
35420,"New Philadelphia-Dover, OH Micro Area",2017,37446,51386,21448.0,41597.0,61298.0,87998.0
35420,"New Philadelphia-Dover, OH Micro Area",2018,36740,49658,23501.0,40043.0,60504.0,102386.0
35420,"New Philadelphia-Dover, OH Micro Area",2019,36788,53616,24744.0,42708.0,64804.0,93757.0
35420,"New Philadelphia-Dover, OH Micro Area",2021,38684,58060,27845.0,45344.0,70033.0,110972.0
35420,"New Philadelphia-Dover, OH Micro Area",2022,38476,58588,26378.0,47530.0,71331.0,105102.0
35420,"New Philadelphia-Dover, OH Micro Area",2023,39110,60604,21563.0,45557.0,75925.0,110657.0
35420,"New Philadelphia-Dover, OH Micro Area",2024,38922,65805,30395.0,55588.0,76938.0,123172.0
35620,"New York-Northern New Jersey-Long Island, NY-NJ-PA Metro Area",2005,6728463,56120,,,,
35620,"New York-Northern New Jersey-Long Island, NY-NJ-PA Metro Area",2006,6709151,59281,21946.0,45841.0,74915.0,120408.0
35620,"New York-Northern New Jersey-Long Island, NY-NJ-PA Metro Area",2007,6721841,61554,23287.0,47988.0,77747.0,126499.0
35620,"New York-Northern New Jersey-Long Island, NY-NJ-PA Metro Area",2008,6760231,64747,24347.0,50054.0,81694.0,132754.0
35620,"New York-Northern New Jersey-Long Island, NY-NJ-PA Metro Area",2009,6787155,62887,23638.0,48860.0,80178.0,130327.0
35620,"New York-Northern New Jersey-Long Island, NY-NJ-PA Metro Area",2010,6800883,61927,23009.0,47784.0,79440.0,129725.0
35620,"New York-Northern New Jersey-Long Island, NY-NJ-PA Metro Area",2011,6789943,62322,22469.0,47584.0,80527.0,132634.0
35620,"New York-Northern New Jersey-Long Island, NY-NJ-PA Metro Area",2012,6872526,63982,22847.0,49184.0,81824.0,134759.0
35620,"New York-Newark-Jersey City, NY-NJ-PA Metro Area",2013,7080691,65786,23516.0,50227.0,84547.0,139565.0
35620,"New York-Newark-Jersey City, NY-NJ-PA Metro Area",2014,7152760,67066,23853.0,51046.0,85879.0,141842.0
35620,"New York-Newark-Jersey City, NY-NJ-PA Metro Area",2015,7125065,68743,24591.0,52011.0,88090.0,146566.0
35620,"New York-Newark-Jersey City, NY-NJ-PA Metro Area",2016,7118024,71897,25717.0,54230.0,92167.0,152890.0
35620,"New York-Newark-Jersey City, NY-NJ-PA Metro Area",2017,7204800,75368,26688.0,56957.0,96468.0,159795.0
35620,"New York-Newark-Jersey City, NY-NJ-PA Metro Area",2018,7282923,78478,27441.0,60006.0,100654.0,165648.0
35620,"New York-Newark-Jersey City, NY-NJ-PA Metro Area",2019,7102817,83160,30551.0,63889.0,105948.0,175810.0
35620,"New York-Newark-Jersey City, NY-NJ-PA Metro Area",2021,7347700,84409,30056.0,64626.0,107889.0,182831.0
35620,"New York-Newark-Jersey City, NY-NJ-PA Metro Area",2022,7478571,91562,32200.0,69918.0,117421.0,196642.0
35620,"New York-Newark-Jersey City, NY-NJ Metro Area",2023,7490498,95220,33489.0,72521.0,121966.0,204692.0
35620,"New York-Newark-Jersey City, NY-NJ Metro Area",2024,7486828,99852,35718.0,76392.0,126828.0,212518.0
35660,"Niles-Benton Harbor, MI Metro Area",2005,64423,39419,,,,
35660,"Niles-Benton Harbor, MI Metro Area",2006,61974,41875,18238.0,33382.0,52656.0,80904.0
35660,"Niles-Benton Harbor, MI Metro Area",2007,63645,42079,16941.0,31294.0,52708.0,83117.0
35660,"Niles-Benton Harbor, MI Metro Area",2008,63978,42512,17896.0,33237.0,53670.0,85630.0
35660,"Niles-Benton Harbor, MI Metro Area",2009,63898,39508,16159.0,30242.0,49823.0,78975.0
35660,"Niles-Benton Harbor, MI Metro Area",2010,59915,40329,18455.0,31153.0,51581.0,80595.0
35660,"Niles-Benton Harbor, MI Metro Area",2011,56676,40831,18147.0,32120.0,51938.0,85448.0
35660,"Niles-Benton Harbor, MI Metro Area",2012,60223,43526,17712.0,34196.0,54034.0,85292.0
35660,"Niles-Benton Harbor, MI Metro Area",2013,59239,44747,18910.0,35448.0,57159.0,88670.0
35660,"Niles-Benton Harbor, MI Metro Area",2014,62984,44031,19732.0,35012.0,57953.0,93251.0
35660,"Niles-Benton Harbor, MI Metro Area",2015,64279,46649,19961.0,35878.0,58581.0,96722.0
35660,"Niles-Benton Harbor, MI Metro Area",2016,62538,47083,20683.0,37015.0,59300.0,99909.0
35660,"Niles-Benton Harbor, MI Metro Area",2017,64166,48629,20192.0,38569.0,58541.0,94552.0
35660,"Niles-Benton Harbor, MI Metro Area",2018,64783,51262,20731.0,40593.0,65414.0,102849.0
35660,"Niles, MI Metro Area",2019,61809,50153,22529.0,41235.0,65347.0,111470.0
35660,"Niles, MI Metro Area",2021,65764,57535,23058.0,43318.0,72973.0,120155.0
35660,"Niles, MI Metro Area",2022,63311,61333,25988.0,48394.0,78116.0,124649.0
35660,"Niles, MI Metro Area",2023,65129,62460,28664.0,48918.0,75892.0,128650.0
35660,"Niles, MI Metro Area",2024,62987,68984,28234.0,56187.0,83831.0,129422.0
35840,"North Port-Bradenton-Sarasota, FL Metro Area",2010,289448,45283,20524.0,36139.0,55130.0,87402.0
35840,"North Port-Bradenton-Sarasota, FL Metro Area",2011,307727,45559,20651.0,37178.0,56297.0,90407.0
35840,"North Port-Bradenton-Sarasota, FL Metro Area",2012,303355,47813,21169.0,36820.0,58911.0,92784.0
35840,"North Port-Sarasota-Bradenton, FL Metro Area",2013,302518,48283,21750.0,39216.0,60306.0,96519.0
35840,"North Port-Sarasota-Bradenton, FL Metro Area",2014,313576,52077,22579.0,41458.0,63982.0,102120.0
35840,"North Port-Sarasota-Bradenton, FL Metro Area",2015,312497,53698,24984.0,42600.0,66652.0,104116.0
35840,"North Port-Sarasota-Bradenton, FL Metro Area",2016,318656,53625,25150.0,42478.0,66118.0,109076.0
35840,"North Port-Sarasota-Bradenton, FL Metro Area",2017,328943,56817,25738.0,45866.0,70991.0,113843.0
35840,"North Port-Sarasota-Bradenton, FL Metro Area",2018,334535,60921,27315.0,48813.0,74717.0,119611.0
35840,"North Port-Sarasota-Bradenton, FL Metro Area",2019,332582,65526,31836.0,52921.0,81133.0,125871.0
35840,"North Port-Sarasota-Bradenton, FL Metro Area",2021,367538,70095,30491.0,55845.0,86058.0,135120.0
35840,"North Port-Sarasota-Bradenton, FL Metro Area",2022,391897,75631,32674.0,58829.0,92413.0,144932.0
35840,"North Port-Bradenton-Sarasota, FL Metro Area",2023,408101,78914,35543.0,62290.0,97992.0,152744.0
35840,"North Port-Bradenton-Sarasota, FL Metro Area",2024,421244,82106,36968.0,66047.0,103288.0,160074.0
35900,"North Wilkesboro, NC Micro Area",2005,26290,33257,,,,
35900,"North Wilkesboro, NC Micro Area",2006,25748,32453,16137.0,26214.0,46372.0,70261.0
35900,"North Wilkesboro, NC Micro Area",2007,26967,35705,16109.0,29870.0,48602.0,75510.0
35900,"North Wilkesboro, NC Micro Area",2008,27564,29705,12204.0,22221.0,37403.0,62599.0
35900,"North Wilkesboro, NC Micro Area",2009,26557,33883,14053.0,24222.0,44829.0,64232.0
35900,"North Wilkesboro, NC Micro Area",2010,27062,31869,14837.0,25129.0,38977.0,63767.0
35900,"North Wilkesboro, NC Micro Area",2011,27853,30181,13839.0,24074.0,40263.0,65411.0
35900,"North Wilkesboro, NC Micro Area",2012,28646,33022,13629.0,24715.0,41157.0,69262.0
35900,"North Wilkesboro, NC Micro Area",2013,27557,31135,13387.0,23841.0,37063.0,64666.0
35900,"North Wilkesboro, NC Micro Area",2014,27257,30743,13615.0,23473.0,41011.0,68050.0
35900,"North Wilkesboro, NC Micro Area",2015,27540,40919,17037.0,29960.0,50226.0,76727.0
35900,"North Wilkesboro, NC Micro Area",2016,28771,41332,16447.0,31380.0,52038.0,76672.0
35900,"North Wilkesboro, NC Micro Area",2017,28377,40995,16219.0,30738.0,52278.0,80179.0
35900,"North Wilkesboro, NC Micro Area",2018,30123,43466,18521.0,32089.0,51136.0,75101.0
35900,"North Wilkesboro, NC Micro Area",2019,28376,43290,20089.0,35193.0,56134.0,92498.0
35900,"North Wilkesboro, NC Micro Area",2021,26770,43933,20667.0,34497.0,57496.0,91550.0
35900,"North Wilkesboro, NC Micro Area",2022,26947,45508,20818.0,38230.0,51996.0,83822.0
35900,"North Wilkesboro, NC Micro Area",2023,26154,47022,25765.0,38950.0,62937.0,99008.0
35900,"North Wilkesboro, NC Micro Area",2024,27692,53189,21997.0,43497.0,63778.0,104989.0
35980,"Norwich-New London, CT Metro Area",2005,105026,59268,,,,
35980,"Norwich-New London, CT Metro Area",2006,103662,59719,30116.0,47591.0,71826.0,109996.0
35980,"Norwich-New London, CT Metro Area",2007,102995,61044,29863.0,50428.0,74379.0,110637.0
35980,"Norwich-New London, CT Metro Area",2008,103401,68622,32531.0,55035.0,80635.0,118445.0
35980,"Norwich-New London, CT Metro Area",2009,103623,64148,31512.0,53132.0,77862.0,119783.0
35980,"Norwich-New London, CT Metro Area",2010,106808,62349,27933.0,49864.0,76166.0,117394.0
35980,"Norwich-New London, CT Metro Area",2011,108239,64788,26855.0,49826.0,79872.0,117692.0
35980,"Norwich-New London, CT Metro Area",2012,105801,66603,27862.0,51621.0,81808.0,123429.0
35980,"Norwich-New London, CT Metro Area",2013,106886,62883,30162.0,52532.0,78756.0,125076.0
35980,"Norwich-New London, CT Metro Area",2014,105504,66148,27404.0,52255.0,81018.0,125855.0
35980,"Norwich-New London, CT Metro Area",2015,105376,65764,26867.0,52057.0,80986.0,126433.0
35980,"Norwich-New London, CT Metro Area",2016,105113,70699,30273.0,56261.0,88477.0,138835.0
35980,"Norwich-New London, CT Metro Area",2017,107229,71987,32204.0,60163.0,86393.0,133053.0
35980,"Norwich-New London, CT Metro Area",2018,108098,67197,29530.0,56167.0,87500.0,135087.0
35980,"Norwich-New London, CT Metro Area",2019,109752,75633,33760.0,60661.0,92096.0,140980.0
35980,"Norwich-New London, CT Metro Area",2021,110950,78828,31960.0,63676.0,100432.0,149723.0
35980,"Norwich-New London, CT Metro Area",2022,112629,83819,33151.0,68095.0,101733.0,161669.0
35980,"Norwich-New London-Willimantic, CT Metro Area",2023,114156,82652,31872.0,66585.0,99825.0,160912.0
35980,"Norwich-New London-Willimantic, CT Metro Area",2024,118558,89431,40079.0,72295.0,107066.0,164264.0
36020,"Oak Harbor, WA Micro Area",2005,29323,46695,,,,
36020,"Oak Harbor, WA Micro Area",2006,30966,49022,23701.0,40305.0,60881.0,85416.0
36020,"Oak Harbor, WA Micro Area",2007,31359,58857,26466.0,46009.0,69946.0,95485.0
36020,"Oak Harbor, WA Micro Area",2008,32250,55525,24778.0,45234.0,68015.0,96316.0
36020,"Oak Harbor, WA Micro Area",2009,31710,55787,27420.0,43763.0,67290.0,94237.0
36020,"Oak Harbor, WA Micro Area",2010,32685,54839,24733.0,47005.0,63140.0,95702.0
36020,"Oak Harbor, WA Micro Area",2011,32932,59467,27728.0,48090.0,73407.0,105308.0
36020,"Oak Harbor, WA Micro Area",2012,32954,57381,27446.0,46199.0,71250.0,102227.0
36020,"Oak Harbor, WA Micro Area",2013,32990,51893,25217.0,44807.0,67504.0,102236.0
36020,"Oak Harbor, WA Micro Area",2014,32464,59934,26711.0,48149.0,74280.0,110747.0
36020,"Oak Harbor, WA Micro Area",2015,32939,60532,27223.0,49281.0,72625.0,105992.0
36020,"Oak Harbor, WA Micro Area",2016,33365,64813,29878.0,52100.0,76100.0,117546.0
36020,"Oak Harbor, WA Micro Area",2017,34537,59644,28492.0,47480.0,72044.0,114006.0
36020,"Oak Harbor, WA Micro Area",2018,34572,64793,32477.0,54720.0,80231.0,120518.0
36020,"Oak Harbor, WA Micro Area",2019,35586,72066,37370.0,59827.0,81515.0,126951.0
36020,"Oak Harbor, WA Micro Area",2021,35976,76505,38445.0,64220.0,94577.0,148402.0
36020,"Oak Harbor, WA Micro Area",2022,37109,81783,42669.0,68437.0,99238.0,138333.0
36020,"Oak Harbor, WA Micro Area",2023,35431,90308,39007.0,74276.0,107250.0,153297.0
36020,"Oak Harbor, WA Micro Area",2024,37042,87695,41546.0,72188.0,108537.0,163249.0
36100,"Ocala, FL Metro Area",2005,125805,36116,,,,
36100,"Ocala, FL Metro Area",2006,130130,40062,18414.0,31902.0,47768.0,69607.0
36100,"Ocala, FL Metro Area",2007,128822,39294,18691.0,31407.0,47843.0,72589.0
36100,"Ocala, FL Metro Area",2008,136226,40170,18287.0,32395.0,49439.0,72434.0
36100,"Ocala, FL Metro Area",2009,134545,39035,18224.0,32288.0,46525.0,70264.0
36100,"Ocala, FL Metro Area",2010,131753,37044,17670.0,30614.0,44237.0,67645.0
36100,"Ocala, FL Metro Area",2011,133433,36255,17732.0,30661.0,44916.0,69610.0
36100,"Ocala, FL Metro Area",2012,133910,37098,17897.0,30417.0,46153.0,71405.0
36100,"Ocala, FL Metro Area",2013,133098,38695,17025.0,30247.0,47708.0,75478.0
36100,"Ocala, FL Metro Area",2014,132275,39958,19436.0,33546.0,49949.0,75642.0
36100,"Ocala, FL Metro Area",2015,125227,40050,18579.0,31776.0,50756.0,73495.0
36100,"Ocala, FL Metro Area",2016,134239,39383,20157.0,32231.0,48739.0,76346.0
36100,"Ocala, FL Metro Area",2017,140620,43910,21014.0,36112.0,53836.0,79581.0
36100,"Ocala, FL Metro Area",2018,143441,44576,20239.0,35883.0,55311.0,90469.0
36100,"Ocala, FL Metro Area",2019,145622,49576,21867.0,40467.0,60180.0,90532.0
36100,"Ocala, FL Metro Area",2021,157348,55161,25527.0,43931.0,67991.0,104334.0
36100,"Ocala, FL Metro Area",2022,163513,54190,24967.0,41895.0,69018.0,107469.0
36100,"Ocala, FL Metro Area",2023,171369,58606,27949.0,48759.0,72360.0,110524.0
36100,"Ocala, FL Metro Area",2024,176194,64410,29095.0,50966.0,78954.0,117090.0
36140,"Ocean City, NJ Metro Area",2005,43616,51744,,,,
36140,"Ocean City, NJ Metro Area",2006,45715,50024,22580.0,40671.0,62980.0,95201.0
36140,"Ocean City, NJ Metro Area",2007,46717,51995,25170.0,44317.0,62602.0,96920.0
36140,"Ocean City, NJ Metro Area",2008,47356,60176,28593.0,46928.0,72434.0,106582.0
36140,"Ocean City, NJ Metro Area",2009,46989,50184,23176.0,39580.0,61146.0,94948.0
36140,"Ocean City, NJ Metro Area",2010,42763,53392,22858.0,43764.0,70780.0,112558.0
36140,"Ocean City, NJ Metro Area",2011,41082,53256,24448.0,41936.0,67055.0,105461.0
36140,"Ocean City, NJ Metro Area",2012,40470,57001,25362.0,46812.0,68918.0,107305.0
36140,"Ocean City, NJ Metro Area",2013,38210,60560,26024.0,46635.0,73886.0,114627.0
36140,"Ocean City, NJ Metro Area",2014,40779,56899,24298.0,44681.0,73713.0,115521.0
36140,"Ocean City, NJ Metro Area",2015,38708,57116,25003.0,46212.0,71422.0,112768.0
36140,"Ocean City, NJ Metro Area",2016,38895,62548,25780.0,49834.0,77779.0,122944.0
36140,"Ocean City, NJ Metro Area",2017,39526,66953,29822.0,56438.0,81878.0,122099.0
36140,"Ocean City, NJ Metro Area",2018,39208,67007,29781.0,53163.0,82004.0,137123.0
36140,"Ocean City, NJ Metro Area",2019,40939,69980,31507.0,56888.0,89248.0,148268.0
36140,"Ocean City, NJ Metro Area",2021,48860,78657,33248.0,63337.0,92592.0,140304.0
36140,"Ocean City, NJ Metro Area",2022,48563,84870,37723.0,68733.0,105809.0,164431.0
36220,"Odessa, TX Metro Area",2005,45068,35978,,,,
36220,"Odessa, TX Metro Area",2006,45526,40348,17436.0,30503.0,49680.0,74460.0
36220,"Odessa, TX Metro Area",2007,45936,46575,17381.0,38478.0,59298.0,88359.0
36220,"Odessa, TX Metro Area",2008,46053,50241,20078.0,38591.0,62881.0,93493.0
36220,"Odessa, TX Metro Area",2009,48671,44097,20088.0,35088.0,54813.0,82401.0
36220,"Odessa, TX Metro Area",2010,48630,42282,16233.0,31111.0,54731.0,79886.0
36220,"Odessa, TX Metro Area",2011,49905,49967,21390.0,40210.0,62029.0,91428.0
36220,"Odessa, TX Metro Area",2012,49382,51946,21825.0,40912.0,64017.0,96944.0
36220,"Odessa, TX Metro Area",2013,51962,55710,28145.0,45510.0,69939.0,110155.0
36220,"Odessa, TX Metro Area",2014,50724,58701,24588.0,46745.0,75339.0,114638.0
36220,"Odessa, TX Metro Area",2015,52023,65454,26930.0,51269.0,79032.0,119311.0
36220,"Odessa, TX Metro Area",2016,51012,53254,21757.0,42121.0,69875.0,105491.0
36220,"Odessa, TX Metro Area",2017,51388,55380,27769.0,45160.0,67248.0,100642.0
36220,"Odessa, TX Metro Area",2018,54326,64165,30233.0,52042.0,81340.0,124212.0
36220,"Odessa, TX Metro Area",2019,53155,67205,27359.0,53497.0,85315.0,130835.0
36220,"Odessa, TX Metro Area",2021,64169,57473,25516.0,45459.0,70101.0,115078.0
36220,"Odessa, TX Metro Area",2022,63738,68071,25864.0,52518.0,81451.0,122685.0
36220,"Odessa, TX Metro Area",2023,66937,66608,34272.0,53077.0,83647.0,132348.0
36220,"Odessa, TX Metro Area",2024,68318,78058,32483.0,60198.0,96239.0,143786.0
36260,"Ogden-Clearfield, UT Metro Area",2005,157508,53023,,,,
36260,"Ogden-Clearfield, UT Metro Area",2006,158848,55839,28136.0,47011.0,65073.0,94367.0
36260,"Ogden-Clearfield, UT Metro Area",2007,163994,59002,30802.0,50193.0,70791.0,102238.0
36260,"Ogden-Clearfield, UT Metro Area",2008,169217,59241,30841.0,49712.0,69664.0,102828.0
36260,"Ogden-Clearfield, UT Metro Area",2009,171744,60208,29983.0,50019.0,70731.0,102818.0
36260,"Ogden-Clearfield, UT Metro Area",2010,177989,59171,29907.0,49418.0,70554.0,103916.0
36260,"Ogden-Clearfield, UT Metro Area",2011,178441,60922,28770.0,50339.0,72742.0,106506.0
36260,"Ogden-Clearfield, UT Metro Area",2012,179915,61834,30025.0,50966.0,73165.0,106212.0
36260,"Ogden-Clearfield, UT Metro Area",2013,195180,62785,30005.0,52116.0,75224.0,106664.0
36260,"Ogden-Clearfield, UT Metro Area",2014,199206,64301,31422.0,53467.0,76706.0,110298.0
36260,"Ogden-Clearfield, UT Metro Area",2015,201165,65538,32264.0,54069.0,78061.0,112266.0
36260,"Ogden-Clearfield, UT Metro Area",2016,203877,70227,35545.0,57971.0,83594.0,119274.0
36260,"Ogden-Clearfield, UT Metro Area",2017,209577,71629,36218.0,60632.0,84442.0,120318.0
36260,"Ogden-Clearfield, UT Metro Area",2018,211332,76653,37754.0,62691.0,90172.0,126573.0
36260,"Ogden-Clearfield, UT Metro Area",2019,218724,79251,41014.0,66307.0,92732.0,131897.0
36260,"Ogden-Clearfield, UT Metro Area",2021,230356,81364,39325.0,67499.0,101673.0,149075.0
36260,"Ogden-Clearfield, UT Metro Area",2022,235531,92600,45842.0,76196.0,109317.0,160289.0
36260,"Ogden, UT Metro Area",2023,220388,100461,49570.0,83303.0,119389.0,169332.0
36260,"Ogden, UT Metro Area",2024,219283,98456,48902.0,81506.0,115891.0,168459.0
36300,"Ogdensburg-Massena, NY Micro Area",2005,39401,37542,,,,
36300,"Ogdensburg-Massena, NY Micro Area",2006,40886,38566,16459.0,30874.0,46624.0,69175.0
36300,"Ogdensburg-Massena, NY Micro Area",2007,40472,39443,17670.0,31291.0,49334.0,70544.0
36300,"Ogdensburg-Massena, NY Micro Area",2008,42592,41963,16908.0,34510.0,52428.0,78305.0
36300,"Ogdensburg-Massena, NY Micro Area",2009,41645,42654,17756.0,32081.0,51193.0,80202.0
36300,"Ogdensburg-Massena, NY Micro Area",2010,43123,40163,18565.0,31493.0,51539.0,83520.0
36300,"Ogdensburg-Massena, NY Micro Area",2011,40937,43578,17170.0,34018.0,53252.0,81892.0
36300,"Ogdensburg-Massena, NY Micro Area",2012,42436,42010,17186.0,32434.0,52335.0,80733.0
36300,"Ogdensburg-Massena, NY Micro Area",2013,41299,45157,17449.0,35921.0,53136.0,81634.0
36300,"Ogdensburg-Massena, NY Micro Area",2014,40286,43758,18505.0,33321.0,55841.0,86002.0
36300,"Ogdensburg-Massena, NY Micro Area",2015,42771,42144,17705.0,33589.0,53222.0,83629.0
36300,"Ogdensburg-Massena, NY Micro Area",2016,40479,51592,21128.0,39141.0,61932.0,92126.0
36300,"Ogdensburg-Massena, NY Micro Area",2017,41008,50325,21156.0,39754.0,61371.0,95002.0
36300,"Ogdensburg-Massena, NY Micro Area",2018,41680,49681,20105.0,40343.0,61808.0,102313.0
36300,"Ogdensburg-Massena, NY Micro Area",2019,42832,52108,18813.0,37878.0,66464.0,109061.0
36300,"Ogdensburg-Massena, NY Micro Area",2021,42298,55775,22938.0,43592.0,66527.0,103656.0
36300,"Ogdensburg-Massena, NY Micro Area",2022,41906,59683,24542.0,49671.0,72493.0,110678.0
36420,"Oklahoma City, OK Metro Area",2005,459617,40058,,,,
36420,"Oklahoma City, OK Metro Area",2006,457291,42036,18681.0,33361.0,51549.0,81149.0
36420,"Oklahoma City, OK Metro Area",2007,462867,45247,20272.0,35935.0,55784.0,87592.0
36420,"Oklahoma City, OK Metro Area",2008,464491,47696,20560.0,37901.0,58118.0,90715.0
36420,"Oklahoma City, OK Metro Area",2009,472088,45109,19928.0,35863.0,56794.0,89224.0
36420,"Oklahoma City, OK Metro Area",2010,474558,46238,19974.0,36408.0,57025.0,90817.0
36420,"Oklahoma City, OK Metro Area",2011,483385,47023,19725.0,36659.0,57946.0,91603.0
36420,"Oklahoma City, OK Metro Area",2012,484733,48557,20603.0,38196.0,60670.0,95143.0
36420,"Oklahoma City, OK Metro Area",2013,493315,50136,22744.0,40493.0,61905.0,97260.0
36420,"Oklahoma City, OK Metro Area",2014,499878,52416,22924.0,41391.0,64918.0,102973.0
36420,"Oklahoma City, OK Metro Area",2015,505074,52221,22809.0,42082.0,65130.0,101914.0
36420,"Oklahoma City, OK Metro Area",2016,510666,55065,23150.0,42935.0,67890.0,104941.0
36420,"Oklahoma City, OK Metro Area",2017,511242,56260,24730.0,44492.0,69268.0,109072.0
36420,"Oklahoma City, OK Metro Area",2018,522039,57485,25492.0,46132.0,70774.0,109554.0
36420,"Oklahoma City, OK Metro Area",2019,523919,60605,26433.0,48732.0,75481.0,118186.0
36420,"Oklahoma City, OK Metro Area",2021,565309,61815,26430.0,49518.0,76541.0,119769.0
36420,"Oklahoma City, OK Metro Area",2022,569766,66301,27642.0,52266.0,82836.0,131876.0
36420,"Oklahoma City, OK Metro Area",2023,581140,69895,30206.0,55235.0,87110.0,133592.0
36420,"Oklahoma City, OK Metro Area",2024,588886,72930,31665.0,58907.0,90792.0,140351.0
36460,"Olean, NY Micro Area",2005,32656,37580,,,,
36460,"Olean, NY Micro Area",2006,32792,39066,16318.0,30879.0,47788.0,71652.0
36460,"Olean, NY Micro Area",2007,32070,41060,17246.0,32716.0,48860.0,68845.0
36460,"Olean, NY Micro Area",2008,32582,43495,19596.0,36337.0,50058.0,72426.0
36460,"Olean, NY Micro Area",2009,33727,38551,16480.0,30385.0,48299.0,72561.0
36460,"Olean, NY Micro Area",2010,32183,41578,19847.0,32877.0,50984.0,76489.0
36460,"Olean, NY Micro Area",2011,31938,38932,16073.0,29972.0,48338.0,76316.0
36460,"Olean, NY Micro Area",2012,32347,43468,19116.0,35451.0,52241.0,76414.0
36460,"Olean, NY Micro Area",2013,32271,40362,19233.0,32549.0,49755.0,81295.0
36460,"Olean, NY Micro Area",2014,30735,44320,19284.0,35106.0,56796.0,84398.0
36460,"Olean, NY Micro Area",2015,31174,40016,18660.0,31861.0,51437.0,78032.0
36460,"Olean, NY Micro Area",2016,31409,46842,19736.0,37612.0,57437.0,89725.0
36460,"Olean, NY Micro Area",2017,32360,48484,18810.0,37644.0,58667.0,88536.0
36460,"Olean, NY Micro Area",2018,32079,48179,21407.0,37920.0,58868.0,91157.0
36460,"Olean, NY Micro Area",2019,33056,50912,20928.0,39227.0,61903.0,94148.0
36460,"Olean, NY Micro Area",2021,32562,55153,21413.0,42952.0,69181.0,103170.0
36460,"Olean, NY Micro Area",2022,32016,50508,21790.0,41488.0,64207.0,106001.0
36460,"Olean, NY Micro Area",2023,32376,54250,21820.0,40814.0,67051.0,104329.0
36460,"Olean, NY Micro Area",2024,32721,61327,25708.0,50392.0,74207.0,111961.0
36500,"Olympia, WA Metro Area",2005,89061,48080,,,,
36500,"Olympia, WA Metro Area",2006,92293,52935,24337.0,42632.0,62532.0,92092.0
36500,"Olympia, WA Metro Area",2007,94855,57773,26975.0,47429.0,70953.0,103174.0
36500,"Olympia, WA Metro Area",2008,97122,62506,28974.0,51059.0,74006.0,105933.0
36500,"Olympia, WA Metro Area",2009,96702,58541,24986.0,48676.0,69914.0,107269.0
36500,"Olympia, WA Metro Area",2010,99869,61011,25650.0,47441.0,72996.0,104244.0
36500,"Olympia, WA Metro Area",2011,101970,60061,27832.0,49302.0,70847.0,99800.0
36500,"Olympia, WA Metro Area",2012,102335,58239,26658.0,47473.0,69930.0,105201.0
36500,"Olympia-Tumwater, WA Metro Area",2013,99815,59785,25909.0,48016.0,72211.0,105265.0
36500,"Olympia-Tumwater, WA Metro Area",2014,103319,61609,29590.0,51747.0,74280.0,112915.0
36500,"Olympia-Tumwater, WA Metro Area",2015,105159,62137,27584.0,51536.0,75378.0,112603.0
36500,"Olympia-Tumwater, WA Metro Area",2016,105863,65783,29526.0,53928.0,79400.0,116735.0
36500,"Olympia-Tumwater, WA Metro Area",2017,112075,71765,33572.0,57198.0,84221.0,119422.0
36500,"Olympia-Tumwater, WA Metro Area",2018,110713,72703,35701.0,59100.0,87605.0,130169.0
36500,"Olympia-Lacey-Tumwater, WA Metro Area",2019,112909,78512,33330.0,61962.0,92700.0,135607.0
36500,"Olympia-Lacey-Tumwater, WA Metro Area",2021,117186,81659,36793.0,65759.0,95262.0,144201.0
36500,"Olympia-Lacey-Tumwater, WA Metro Area",2022,118571,88853,42593.0,73127.0,105662.0,150488.0
36500,"Olympia-Lacey-Tumwater, WA Metro Area",2023,119786,93170,46794.0,78464.0,109580.0,155722.0
36500,"Olympia-Lacey-Tumwater, WA Metro Area",2024,122533,98264,46002.0,77414.0,116842.0,170576.0
36540,"Omaha-Council Bluffs, NE-IA Metro Area",2005,313041,49215,,,,
36540,"Omaha-Council Bluffs, NE-IA Metro Area",2006,319229,51627,23309.0,41401.0,63085.0,93765.0
36540,"Omaha-Council Bluffs, NE-IA Metro Area",2007,320097,52924,24376.0,42752.0,65821.0,96921.0
36540,"Omaha-Council Bluffs, NE-IA Metro Area",2008,328004,54989,24395.0,43613.0,66604.0,99959.0
36540,"Omaha-Council Bluffs, NE-IA Metro Area",2009,328042,52277,24053.0,42057.0,64309.0,97659.0
36540,"Omaha-Council Bluffs, NE-IA Metro Area",2010,334319,54060,23357.0,42195.0,66520.0,100106.0
36540,"Omaha-Council Bluffs, NE-IA Metro Area",2011,334671,55089,23525.0,43425.0,67343.0,103121.0
36540,"Omaha-Council Bluffs, NE-IA Metro Area",2012,341740,54158,23636.0,43185.0,67273.0,102077.0
36540,"Omaha-Council Bluffs, NE-IA Metro Area",2013,343054,55382,24587.0,44667.0,67790.0,104797.0
36540,"Omaha-Council Bluffs, NE-IA Metro Area",2014,346283,57527,25963.0,46483.0,71413.0,107232.0
36540,"Omaha-Council Bluffs, NE-IA Metro Area",2015,351446,61024,26712.0,48450.0,75256.0,114607.0
36540,"Omaha-Council Bluffs, NE-IA Metro Area",2016,352723,62247,27789.0,49465.0,77386.0,119671.0
36540,"Omaha-Council Bluffs, NE-IA Metro Area",2017,359372,65619,30637.0,52247.0,80043.0,121146.0
36540,"Omaha-Council Bluffs, NE-IA Metro Area",2018,362764,66241,28707.0,52587.0,81827.0,124494.0
36540,"Omaha-Council Bluffs, NE-IA Metro Area",2019,367037,70373,31129.0,56647.0,85123.0,127447.0
36540,"Omaha-Council Bluffs, NE-IA Metro Area",2021,385487,73720,31398.0,58797.0,91491.0,142040.0
36540,"Omaha-Council Bluffs, NE-IA Metro Area",2022,392615,79638,33750.0,62612.0,98481.0,151031.0
36540,"Omaha, NE-IA Metro Area",2023,397769,81376,37193.0,64640.0,101365.0,155517.0
36540,"Omaha, NE-IA Metro Area",2024,400079,84524,37518.0,67075.0,103649.0,158576.0
36660,"Opelousas-Eunice, LA Micro Area",2005,32649,22460,,,,
36660,"Opelousas-Eunice, LA Micro Area",2006,31608,23119,8562.0,17344.0,31520.0,60385.0
36660,"Opelousas-Eunice, LA Micro Area",2007,31720,26275,11036.0,19026.0,35046.0,65630.0
36660,"Opelousas-Eunice, LA Micro Area",2008,33097,33138,12001.0,22521.0,42216.0,72859.0
36660,"Opelousas-Eunice, LA Micro Area",2009,33317,34559,11839.0,24689.0,41953.0,70760.0
36660,"Opelousas-Eunice, LA Micro Area",2010,30518,33388,11029.0,24480.0,42482.0,76326.0
36660,"Opelousas-Eunice, LA Micro Area",2011,31238,34337,13190.0,26511.0,44555.0,73766.0
36660,"Opelousas-Eunice, LA Micro Area",2012,30937,35765,13366.0,24615.0,47240.0,81683.0
36660,"Opelousas, LA Micro Area",2013,31698,31955,11551.0,22764.0,45237.0,76316.0
36660,"Opelousas, LA Micro Area",2014,28739,27753,11250.0,20961.0,36319.0,70555.0
36660,"Opelousas, LA Micro Area",2015,30512,30286,10699.0,22361.0,41431.0,71033.0
36660,"Opelousas, LA Micro Area",2016,30302,31207,12386.0,23968.0,41865.0,76342.0
36660,"Opelousas, LA Micro Area",2017,30136,34462,14598.0,26493.0,43234.0,73695.0
36660,"Opelousas, LA Micro Area",2018,29965,32867,9891.0,23953.0,42362.0,78003.0
36660,"Opelousas, LA Micro Area",2019,30441,38681,15219.0,31451.0,48047.0,88201.0
36660,"Opelousas, LA Micro Area",2021,32213,38599,13599.0,28221.0,49814.0,88430.0
36660,"Opelousas, LA Micro Area",2022,32021,41976,15704.0,32093.0,51309.0,91002.0
36660,"Opelousas, LA Micro Area",2023,34635,41393,14265.0,34007.0,52948.0,86107.0
36660,"Opelousas, LA Micro Area",2024,33015,47168,16692.0,36290.0,61529.0,109199.0
36700,"Orangeburg, SC Micro Area",2005,34812,30195,,,,
36700,"Orangeburg, SC Micro Area",2006,33207,29700,9678.0,23487.0,36798.0,56422.0
36700,"Orangeburg, SC Micro Area",2007,34010,31877,12215.0,24984.0,41745.0,65437.0
36700,"Orangeburg, SC Micro Area",2008,34326,30177,9767.0,22355.0,37746.0,74873.0
36700,"Orangeburg, SC Micro Area",2009,33746,34199,12059.0,27098.0,41849.0,66176.0
36700,"Orangeburg, SC Micro Area",2010,33789,31979,9815.0,22347.0,40416.0,63894.0
36700,"Orangeburg, SC Micro Area",2011,33275,31031,11347.0,25549.0,40065.0,63505.0
36700,"Orangeburg, SC Micro Area",2012,34286,34185,12146.0,26233.0,42733.0,67372.0
36700,"Orangeburg, SC Micro Area",2013,32915,31230,12885.0,24385.0,40561.0,68137.0
36700,"Orangeburg, SC Micro Area",2014,31350,28680,10238.0,20554.0,36845.0,63822.0
36700,"Orangeburg, SC Micro Area",2015,33175,38596,12980.0,29812.0,46298.0,68818.0
36700,"Orangeburg, SC Micro Area",2016,33449,32450,11059.0,25601.0,42127.0,65934.0
36700,"Orangeburg, SC Micro Area",2017,31870,35947,15191.0,26379.0,45565.0,79689.0
36700,"Orangeburg, SC Micro Area",2018,33561,36536,13206.0,28404.0,45579.0,67903.0
36700,"Orangeburg, SC Micro Area",2019,32129,37701,11801.0,27753.0,45966.0,80897.0
36700,"Orangeburg, SC Micro Area",2021,32017,34685,12884.0,25988.0,44068.0,81736.0
36700,"Orangeburg, SC Micro Area",2022,33632,40016,13697.0,30503.0,48907.0,95313.0
36700,"Orangeburg, SC Micro Area",2023,34120,51863,14822.0,40143.0,61334.0,106097.0
36700,"Orangeburg, SC Micro Area",2024,33365,53885,21801.0,41599.0,68212.0,117774.0
36740,"Orlando-Kissimmee, FL Metro Area",2005,745070,44543,,,,
36740,"Orlando-Kissimmee, FL Metro Area",2006,749928,48934,23225.0,39285.0,59883.0,91509.0
36740,"Orlando-Kissimmee, FL Metro Area",2007,759218,50893,24288.0,41069.0,61344.0,95233.0
36740,"Orlando-Kissimmee, FL Metro Area",2008,749772,50375,23644.0,40356.0,61020.0,96178.0
36740,"Orlando-Kissimmee, FL Metro Area",2009,740669,46946,22419.0,37879.0,57745.0,91651.0
36740,"Orlando-Kissimmee-Sanford, FL Metro Area",2010,748210,46478,21321.0,36945.0,57656.0,90495.0
36740,"Orlando-Kissimmee-Sanford, FL Metro Area",2011,765469,46123,21214.0,36772.0,56343.0,88405.0
36740,"Orlando-Kissimmee-Sanford, FL Metro Area",2012,778693,46020,20208.0,36612.0,57437.0,91809.0
36740,"Orlando-Kissimmee-Sanford, FL Metro Area",2013,780174,46962,21425.0,37668.0,58281.0,91907.0
36740,"Orlando-Kissimmee-Sanford, FL Metro Area",2014,800299,48270,21507.0,38831.0,58980.0,95571.0
36740,"Orlando-Kissimmee-Sanford, FL Metro Area",2015,845295,51077,22689.0,40460.0,62507.0,98958.0
36740,"Orlando-Kissimmee-Sanford, FL Metro Area",2016,862521,52385,23845.0,42211.0,65121.0,102250.0
36740,"Orlando-Kissimmee-Sanford, FL Metro Area",2017,875259,55089,23773.0,43432.0,67902.0,110019.0
36740,"Orlando-Kissimmee-Sanford, FL Metro Area",2018,876502,58610,25988.0,46688.0,71955.0,112475.0
36740,"Orlando-Kissimmee-Sanford, FL Metro Area",2019,889822,61876,29030.0,50277.0,75618.0,119949.0
36740,"Orlando-Kissimmee-Sanford, FL Metro Area",2021,990500,64936,28141.0,51935.0,79953.0,126847.0
36740,"Orlando-Kissimmee-Sanford, FL Metro Area",2022,1054342,71857,31968.0,57063.0,88645.0,140805.0
36740,"Orlando-Kissimmee-Sanford, FL Metro Area",2023,1073662,77378,34190.0,61416.0,94740.0,146313.0
36740,"Orlando-Kissimmee-Sanford, FL Metro Area",2024,1095333,81044,36387.0,65345.0,98308.0,152939.0
36780,"Oshkosh-Neenah, WI Metro Area",2005,66482,46322,,,,
36780,"Oshkosh-Neenah, WI Metro Area",2006,66874,49043,21702.0,38853.0,57956.0,82802.0
36780,"Oshkosh-Neenah, WI Metro Area",2007,64415,50442,22103.0,40650.0,60604.0,86987.0
36780,"Oshkosh-Neenah, WI Metro Area",2008,63144,53157,24094.0,40772.0,64976.0,93127.0
36780,"Oshkosh-Neenah, WI Metro Area",2009,67425,46558,21996.0,37501.0,56784.0,85176.0
36780,"Oshkosh-Neenah, WI Metro Area",2010,67793,48177,23053.0,39663.0,57820.0,84261.0
36780,"Oshkosh-Neenah, WI Metro Area",2011,68069,47763,20634.0,37758.0,58848.0,88085.0
36780,"Oshkosh-Neenah, WI Metro Area",2012,67627,51458,23789.0,42140.0,62886.0,94913.0
36780,"Oshkosh-Neenah, WI Metro Area",2013,68985,49776,21416.0,38536.0,59955.0,92792.0
36780,"Oshkosh-Neenah, WI Metro Area",2014,69417,52387,23281.0,41670.0,63379.0,94000.0
36780,"Oshkosh-Neenah, WI Metro Area",2015,69636,52136,25275.0,43397.0,64260.0,93973.0
36780,"Oshkosh-Neenah, WI Metro Area",2016,69943,56754,25672.0,46815.0,71007.0,105371.0
36780,"Oshkosh-Neenah, WI Metro Area",2017,70008,56678,25044.0,45547.0,68831.0,105170.0
36780,"Oshkosh-Neenah, WI Metro Area",2018,71332,56589,25853.0,45562.0,69759.0,102825.0
36780,"Oshkosh-Neenah, WI Metro Area",2019,71238,58347,27349.0,47148.0,72932.0,108518.0
36780,"Oshkosh-Neenah, WI Metro Area",2021,72794,64095,29901.0,51585.0,79708.0,115903.0
36780,"Oshkosh-Neenah, WI Metro Area",2022,72135,69405,32867.0,55122.0,83274.0,124560.0
36780,"Oshkosh-Neenah, WI Metro Area",2023,71563,69957,33072.0,55944.0,87400.0,129941.0
36780,"Oshkosh-Neenah, WI Metro Area",2024,74123,71146,34578.0,58441.0,88852.0,126113.0
36837,"Ottawa, IL Micro Area",2019,61983,58980,25448.0,45390.0,71651.0,108220.0
36837,"Ottawa, IL Micro Area",2021,61265,63157,24505.0,50891.0,79253.0,122004.0
36837,"Ottawa, IL Micro Area",2022,61687,63508,26337.0,49703.0,79694.0,123921.0
36837,"Ottawa, IL Micro Area",2023,61172,70313,33012.0,56291.0,86681.0,130491.0
36837,"Ottawa, IL Micro Area",2024,63061,73050,29489.0,57539.0,91338.0,139605.0
36860,"Ottawa-Streator, IL Micro Area",2005,61258,41528,,,,
36860,"Ottawa-Streator, IL Micro Area",2006,63287,45758,20042.0,36051.0,54655.0,84440.0
36860,"Ottawa-Streator, IL Micro Area",2007,62962,47439,20066.0,38518.0,56398.0,80866.0
36860,"Ottawa-Streator, IL Micro Area",2008,62077,48747,22186.0,39310.0,61067.0,88585.0
36860,"Ottawa-Streator, IL Micro Area",2009,60667,51705,21959.0,41324.0,61266.0,87982.0
36860,"Ottawa-Streator, IL Micro Area",2010,59975,47898,20348.0,39035.0,60258.0,86480.0
36860,"Ottawa-Streator, IL Micro Area",2011,59879,48116,20915.0,38348.0,58408.0,91431.0
36860,"Ottawa-Streator, IL Micro Area",2012,61510,48860,20741.0,38269.0,59292.0,90997.0
36860,"Ottawa-Peru, IL Micro Area",2013,59498,48290,21500.0,38351.0,61288.0,95990.0
36860,"Ottawa-Peru, IL Micro Area",2014,59853,51204,20406.0,40481.0,63568.0,96919.0
36860,"Ottawa-Peru, IL Micro Area",2015,61678,51496,22036.0,40833.0,63831.0,96863.0
36860,"Ottawa-Peru, IL Micro Area",2016,60800,56879,24673.0,43604.0,68986.0,100608.0
36860,"Ottawa-Peru, IL Micro Area",2017,60116,56804,26899.0,46138.0,67218.0,102887.0
36860,"Ottawa-Peru, IL Micro Area",2018,60404,52572,23203.0,41333.0,65832.0,106484.0
36980,"Owensboro, KY Metro Area",2005,45738,37183,,,,
36980,"Owensboro, KY Metro Area",2006,45767,40582,15595.0,30974.0,50660.0,75855.0
36980,"Owensboro, KY Metro Area",2007,46296,41735,17749.0,31203.0,51851.0,77701.0
36980,"Owensboro, KY Metro Area",2008,46817,41640,16546.0,31868.0,50019.0,75284.0
36980,"Owensboro, KY Metro Area",2009,45397,42254,18065.0,33395.0,51765.0,81294.0
36980,"Owensboro, KY Metro Area",2010,44507,41021,17206.0,31806.0,50220.0,72492.0
36980,"Owensboro, KY Metro Area",2011,43107,45529,18611.0,34960.0,57664.0,84630.0
36980,"Owensboro, KY Metro Area",2012,46026,44032,17377.0,33483.0,55186.0,83749.0
36980,"Owensboro, KY Metro Area",2013,45776,46268,20405.0,36989.0,57998.0,90171.0
36980,"Owensboro, KY Metro Area",2014,46540,41827,20088.0,35008.0,52080.0,88511.0
36980,"Owensboro, KY Metro Area",2015,46415,47751,21131.0,37229.0,59698.0,92057.0
36980,"Owensboro, KY Metro Area",2016,46803,52328,20283.0,41463.0,64859.0,97294.0
36980,"Owensboro, KY Metro Area",2017,48691,48550,20395.0,40945.0,63078.0,95654.0
36980,"Owensboro, KY Metro Area",2018,46687,51459,22784.0,41236.0,63302.0,100775.0
36980,"Owensboro, KY Metro Area",2019,48419,52201,21450.0,41662.0,66991.0,99912.0
36980,"Owensboro, KY Metro Area",2021,48574,60189,27289.0,49055.0,78956.0,120665.0
36980,"Owensboro, KY Metro Area",2022,47897,66211,23803.0,49201.0,80757.0,117550.0
36980,"Owensboro, KY Metro Area",2023,45814,61761,25473.0,47304.0,75678.0,120090.0
36980,"Owensboro, KY Metro Area",2024,47412,67068,26633.0,52862.0,79209.0,128703.0
37020,"Owosso, MI Micro Area",2005,28310,43011,,,,
37020,"Owosso, MI Micro Area",2006,27440,41813,20333.0,34897.0,53174.0,81617.0
37020,"Owosso, MI Micro Area",2007,28256,43127,18789.0,34327.0,52907.0,80866.0
37020,"Owosso, MI Micro Area",2008,27595,45568,20494.0,37009.0,55334.0,84253.0
37020,"Owosso, MI Micro Area",2009,27353,41083,18615.0,33466.0,52541.0,76923.0
37020,"Owosso, MI Micro Area",2010,27134,46528,20809.0,37081.0,56058.0,79724.0
37020,"Owosso, MI Micro Area",2011,27333,47775,21670.0,39891.0,58029.0,88127.0
37020,"Owosso, MI Micro Area",2012,27132,41221,17788.0,33902.0,52519.0,79294.0
37020,"Owosso, MI Micro Area",2013,28093,41892,19355.0,34010.0,51117.0,77284.0
37020,"Owosso, MI Micro Area",2014,27285,48523,21175.0,37239.0,57023.0,88984.0
37020,"Owosso, MI Micro Area",2015,27036,51839,23008.0,43256.0,61233.0,90369.0
37020,"Owosso, MI Micro Area",2016,28071,53244,24884.0,41687.0,62342.0,93753.0
37020,"Owosso, MI Micro Area",2017,27277,53361,23902.0,42229.0,67855.0,96267.0
37020,"Owosso, MI Micro Area",2018,28218,54456,28820.0,45532.0,64022.0,97241.0
37020,"Owosso, MI Micro Area",2023,26950,62093,26500.0,47715.0,79027.0,123691.0
37020,"Owosso, MI Micro Area",2024,29163,71526,32285.0,58633.0,85414.0,128595.0
37060,"Oxford, MS Micro Area",2023,24167,70973,30432.0,58340.0,86871.0,135042.0
37060,"Oxford, MS Micro Area",2024,26202,64676,21315.0,47921.0,90153.0,153000.0
37100,"Oxnard-Thousand Oaks-Ventura, CA Metro Area",2005,252679,66859,,,,
37100,"Oxnard-Thousand Oaks-Ventura, CA Metro Area",2006,259093,72107,31513.0,57714.0,87604.0,130026.0
37100,"Oxnard-Thousand Oaks-Ventura, CA Metro Area",2007,255668,73250,32384.0,58790.0,88148.0,134152.0
37100,"Oxnard-Thousand Oaks-Ventura, CA Metro Area",2008,256944,76860,32790.0,61239.0,94904.0,140077.0
37100,"Oxnard-Thousand Oaks-Ventura, CA Metro Area",2009,260249,71723,30244.0,56802.0,87268.0,131857.0
37100,"Oxnard-Thousand Oaks-Ventura, CA Metro Area",2010,265904,71864,30916.0,57135.0,88596.0,136003.0
37100,"Oxnard-Thousand Oaks-Ventura, CA Metro Area",2011,265492,74623,30589.0,57739.0,92169.0,139507.0
37100,"Oxnard-Thousand Oaks-Ventura, CA Metro Area",2012,267877,71517,31637.0,57354.0,87527.0,136484.0
37100,"Oxnard-Thousand Oaks-Ventura, CA Metro Area",2013,265788,77363,32143.0,61311.0,95924.0,146979.0
37100,"Oxnard-Thousand Oaks-Ventura, CA Metro Area",2014,269869,75449,32320.0,60706.0,91163.0,140790.0
37100,"Oxnard-Thousand Oaks-Ventura, CA Metro Area",2015,269566,80032,35499.0,63170.0,98807.0,151187.0
37100,"Oxnard-Thousand Oaks-Ventura, CA Metro Area",2016,268091,80135,34721.0,63930.0,100326.0,152241.0
37100,"Oxnard-Thousand Oaks-Ventura, CA Metro Area",2017,272085,82857,36303.0,66371.0,100278.0,156442.0
37100,"Oxnard-Thousand Oaks-Ventura, CA Metro Area",2018,271980,84566,36795.0,68718.0,102937.0,162544.0
37100,"Oxnard-Thousand Oaks-Ventura, CA Metro Area",2019,268524,92236,41790.0,76909.0,111233.0,171177.0
37100,"Oxnard-Thousand Oaks-Ventura, CA Metro Area",2021,279168,96454,40658.0,77237.0,116187.0,177236.0
37100,"Oxnard-Thousand Oaks-Ventura, CA Metro Area",2022,278631,102569,43871.0,82781.0,127319.0,196035.0
37100,"Oxnard-Thousand Oaks-Ventura, CA Metro Area",2023,283718,107667,44385.0,84873.0,133787.0,206371.0
37100,"Oxnard-Thousand Oaks-Ventura, CA Metro Area",2024,282950,114238,49025.0,91603.0,139739.0,208518.0
37140,"Paducah, KY-IL Micro Area",2005,41565,37596,,,,
37140,"Paducah, KY-IL Micro Area",2006,41494,35849,14719.0,28288.0,43483.0,69956.0
37140,"Paducah, KY-IL Micro Area",2007,40863,40489,16409.0,30596.0,49418.0,78614.0
37140,"Paducah, KY-IL Micro Area",2008,41520,40050,16292.0,31322.0,50573.0,81506.0
37140,"Paducah, KY-IL Micro Area",2009,42119,41127,18629.0,32271.0,49178.0,80374.0
37140,"Paducah, KY-IL Micro Area",2010,39182,41137,15567.0,31602.0,51866.0,85714.0
37140,"Paducah, KY-IL Micro Area",2011,39595,42306,18426.0,32639.0,50334.0,78770.0
37140,"Paducah, KY-IL Micro Area",2012,41442,41811,17523.0,31269.0,52124.0,84283.0
37140,"Paducah, KY-IL Micro Area",2013,38938,41137,15592.0,33616.0,51017.0,80747.0
37140,"Paducah, KY-IL Micro Area",2014,41394,38484,16210.0,29256.0,50606.0,86946.0
37140,"Paducah, KY-IL Micro Area",2015,40905,48358,20341.0,36117.0,61214.0,91843.0
37140,"Paducah, KY-IL Micro Area",2016,41521,40126,15241.0,30952.0,53233.0,87689.0
37140,"Paducah, KY-IL Micro Area",2017,39666,47598,20413.0,36021.0,61098.0,97016.0
37140,"Paducah, KY-IL Micro Area",2018,39679,47346,19726.0,37048.0,58073.0,92486.0
37140,"Paducah, KY-IL Micro Area",2019,40073,48856,21336.0,37587.0,61029.0,90239.0
37140,"Paducah, KY-IL Micro Area",2021,38018,61870,21855.0,46705.0,75174.0,114915.0
37140,"Paducah, KY-IL Micro Area",2022,40100,57266,25535.0,44764.0,73484.0,121396.0
37140,"Paducah, KY-IL Metro Area",2023,43021,61699,25003.0,49641.0,76241.0,122798.0
37140,"Paducah, KY-IL Metro Area",2024,44062,64271,25272.0,49584.0,81741.0,132977.0
37260,"Palatka, FL Micro Area",2005,27923,31260,,,,
37260,"Palatka, FL Micro Area",2006,27612,30771,13048.0,25020.0,39317.0,59057.0
37260,"Palatka, FL Micro Area",2007,28237,32621,14374.0,26085.0,42138.0,63920.0
37260,"Palatka, FL Micro Area",2008,27298,36162,13173.0,27003.0,44061.0,70005.0
37260,"Palatka, FL Micro Area",2009,27062,30278,13947.0,24910.0,38978.0,63449.0
37260,"Palatka, FL Micro Area",2010,29093,33842,13163.0,25923.0,42836.0,68587.0
37260,"Palatka, FL Micro Area",2011,28353,30440,13292.0,22427.0,37035.0,64741.0
37260,"Palatka, FL Micro Area",2012,28230,34025,15611.0,26198.0,42196.0,67198.0
37260,"Palatka, FL Micro Area",2013,25806,32295,11723.0,25210.0,42122.0,67136.0
37260,"Palatka, FL Micro Area",2014,26580,30765,13450.0,22440.0,38196.0,67590.0
37260,"Palatka, FL Micro Area",2015,28165,31483,11876.0,23889.0,38272.0,65318.0
37260,"Palatka, FL Micro Area",2016,28025,38239,19365.0,30801.0,43854.0,69835.0
37260,"Palatka, FL Micro Area",2017,29444,33790,14000.0,25885.0,41625.0,65942.0
37260,"Palatka, FL Micro Area",2018,27927,41608,17763.0,32057.0,50384.0,81341.0
37260,"Palatka, FL Micro Area",2019,30866,42899,19432.0,35127.0,53192.0,74919.0
37260,"Palatka, FL Micro Area",2021,29765,33370,14279.0,27688.0,42308.0,74857.0
37260,"Palatka, FL Micro Area",2022,31087,46161,19861.0,34711.0,56692.0,98950.0
37260,"Palatka, FL Micro Area",2023,32487,52256,23849.0,45387.0,62475.0,101882.0
37260,"Palatka, FL Micro Area",2024,33349,51293,19612.0,36701.0,66669.0,102315.0
37340,"Palm Bay-Melbourne-Titusville, FL Metro Area",2005,218052,43281,,,,
37340,"Palm Bay-Melbourne-Titusville, FL Metro Area",2006,220587,46335,20742.0,36938.0,56786.0,88858.0
37340,"Palm Bay-Melbourne-Titusville, FL Metro Area",2007,216879,50354,22626.0,40446.0,60805.0,95057.0
37340,"Palm Bay-Melbourne-Titusville, FL Metro Area",2008,217467,49411,22671.0,39313.0,60065.0,89662.0
37340,"Palm Bay-Melbourne-Titusville, FL Metro Area",2009,220290,45391,20963.0,37335.0,55797.0,87011.0
37340,"Palm Bay-Melbourne-Titusville, FL Metro Area",2010,221945,46262,21273.0,37742.0,58392.0,92379.0
37340,"Palm Bay-Melbourne-Titusville, FL Metro Area",2011,216180,46429,21332.0,37269.0,57372.0,91467.0
37340,"Palm Bay-Melbourne-Titusville, FL Metro Area",2012,218094,46162,19729.0,35913.0,57378.0,91596.0
37340,"Palm Bay-Melbourne-Titusville, FL Metro Area",2013,218325,46472,20538.0,37093.0,56841.0,91197.0
37340,"Palm Bay-Melbourne-Titusville, FL Metro Area",2014,225226,47907,20946.0,38830.0,59958.0,92749.0
37340,"Palm Bay-Melbourne-Titusville, FL Metro Area",2015,225682,50416,23077.0,41362.0,62025.0,94747.0
37340,"Palm Bay-Melbourne-Titusville, FL Metro Area",2016,226021,51184,22052.0,40558.0,62245.0,103468.0
37340,"Palm Bay-Melbourne-Titusville, FL Metro Area",2017,228385,52540,24161.0,41603.0,64001.0,106021.0
37340,"Palm Bay-Melbourne-Titusville, FL Metro Area",2018,226363,57888,25358.0,46571.0,71851.0,111713.0
37340,"Palm Bay-Melbourne-Titusville, FL Metro Area",2019,230043,57305,29398.0,46995.0,71618.0,115373.0
37340,"Palm Bay-Melbourne-Titusville, FL Metro Area",2021,254314,65333,26724.0,49590.0,80193.0,128283.0
37340,"Palm Bay-Melbourne-Titusville, FL Metro Area",2022,255723,75320,32724.0,60126.0,93919.0,144586.0
37340,"Palm Bay-Melbourne-Titusville, FL Metro Area",2023,258656,78575,32937.0,61402.0,95075.0,148553.0
37340,"Palm Bay-Melbourne-Titusville, FL Metro Area",2024,267461,78196,34606.0,62561.0,94211.0,148798.0
37380,"Palm Coast, FL Micro Area",2005,33009,44971,,,,
37380,"Palm Coast, FL Micro Area",2006,38022,44461,22717.0,36321.0,54469.0,73672.0
37380,"Palm Coast, FL Metro Area",2007,37935,41830,20442.0,35057.0,52505.0,81614.0
37380,"Palm Coast, FL Metro Area",2008,37383,46609,24922.0,40494.0,55376.0,80851.0
37380,"Palm Coast, FL Metro Area",2009,35459,50180,23548.0,40101.0,55798.0,84750.0
37380,"Palm Coast, FL Metro Area",2010,35218,43993,20476.0,35880.0,54035.0,80100.0
37380,"Palm Coast, FL Metro Area",2011,34434,46232,17993.0,34993.0,57733.0,86597.0
37380,"Palm Coast, FL Metro Area",2012,36358,42856,20593.0,36161.0,50366.0,81781.0
37460,"Panama City-Lynn Haven, FL Metro Area",2005,69342,40701,,,,
37460,"Panama City-Lynn Haven, FL Metro Area",2006,72304,45098,19462.0,35587.0,54543.0,82643.0
37460,"Panama City-Lynn Haven, FL Metro Area",2007,71993,48985,22445.0,39379.0,60740.0,93432.0
37460,"Panama City-Lynn Haven, FL Metro Area",2008,69693,45736,20159.0,37382.0,55478.0,81299.0
37460,"Panama City-Lynn Haven-Panama City Beach, FL Metro Area",2009,65948,44357,21174.0,35880.0,53819.0,74995.0
37460,"Panama City-Lynn Haven-Panama City Beach, FL Metro Area",2010,63654,44881,19786.0,37421.0,55376.0,81160.0
37460,"Panama City-Lynn Haven-Panama City Beach, FL Metro Area",2011,69884,44310,20540.0,36925.0,55700.0,84008.0
37460,"Panama City-Lynn Haven-Panama City Beach, FL Metro Area",2012,68653,46005,20795.0,37347.0,57291.0,85957.0
37460,"Panama City, FL Metro Area",2013,69032,45620,20843.0,36446.0,54669.0,86736.0
37460,"Panama City, FL Metro Area",2014,71161,44638,20559.0,35841.0,56166.0,90341.0
37460,"Panama City, FL Metro Area",2015,74276,48066,21122.0,39509.0,60730.0,93142.0
37460,"Panama City, FL Metro Area",2016,75906,47548,20017.0,37359.0,60120.0,93125.0
37460,"Panama City, FL Metro Area",2017,76386,51594,23025.0,40782.0,65827.0,99250.0
37460,"Panama City, FL Metro Area",2018,80447,51842,24031.0,44297.0,65415.0,97906.0
37460,"Panama City, FL Metro Area",2019,69195,59450,28974.0,51059.0,72295.0,110034.0
37460,"Panama City, FL Metro Area",2021,79532,60557,30672.0,51598.0,70821.0,120062.0
37460,"Panama City, FL Metro Area",2022,79044,66245,34010.0,52723.0,81202.0,123895.0
37460,"Panama City-Panama City Beach, FL Metro Area",2023,89699,69690,30515.0,57309.0,82825.0,130825.0
37460,"Panama City-Panama City Beach, FL Metro Area",2024,94228,77625,36091.0,61437.0,96007.0,137995.0
37620,"Parkersburg-Marietta-Vienna, WV-OH Metro Area",2005,68796,33739,,,,
37620,"Parkersburg-Marietta-Vienna, WV-OH Metro Area",2006,66058,36677,15182.0,29180.0,47579.0,72825.0
37620,"Parkersburg-Marietta-Vienna, WV-OH Metro Area",2007,67351,39701,16302.0,32331.0,50273.0,72237.0
37620,"Parkersburg-Marietta-Vienna, WV-OH Metro Area",2008,67315,42266,16149.0,32517.0,51158.0,74511.0
37620,"Parkersburg-Marietta-Vienna, WV-OH Metro Area",2009,65300,39370,17949.0,31099.0,50978.0,77025.0
37620,"Parkersburg-Marietta-Vienna, WV-OH Metro Area",2010,65240,40352,16931.0,32183.0,51228.0,79851.0
37620,"Parkersburg-Marietta-Vienna, WV-OH Metro Area",2011,64404,39314,17798.0,30790.0,50093.0,82408.0
37620,"Parkersburg-Marietta-Vienna, WV-OH Metro Area",2012,66271,42398,18397.0,33669.0,50557.0,79737.0
37620,"Parkersburg-Vienna, WV Metro Area",2013,38799,40945,18405.0,32167.0,50389.0,78255.0
37620,"Parkersburg-Vienna, WV Metro Area",2014,38667,41793,19181.0,32409.0,50344.0,79652.0
37620,"Parkersburg-Vienna, WV Metro Area",2015,39349,40547,17984.0,33140.0,50645.0,80591.0
37620,"Parkersburg-Vienna, WV Metro Area",2016,37097,46594,19010.0,35081.0,58867.0,90652.0
37620,"Parkersburg-Vienna, WV Metro Area",2017,36629,43648,15952.0,34498.0,60353.0,95783.0
37620,"Parkersburg-Vienna, WV Metro Area",2018,38995,44054,18996.0,34147.0,55532.0,90657.0
37620,"Parkersburg-Vienna, WV Metro Area",2019,36946,48680,18013.0,37360.0,59463.0,92020.0
37620,"Parkersburg-Vienna, WV Metro Area",2021,37656,54284,20460.0,42517.0,72236.0,110621.0
37620,"Parkersburg-Vienna, WV Metro Area",2022,39716,55222,23124.0,41961.0,70312.0,106522.0
37620,"Parkersburg-Vienna, WV Metro Area",2023,38866,54906,23960.0,44106.0,65571.0,106481.0
37620,"Parkersburg-Vienna, WV Metro Area",2024,36983,54861,24945.0,42693.0,71229.0,111027.0
37700,"Pascagoula, MS Metro Area",2005,56996,42198,,,,
37700,"Pascagoula, MS Metro Area",2006,53544,42860,17637.0,34321.0,54038.0,81457.0
37700,"Pascagoula, MS Metro Area",2007,57229,43664,21379.0,34618.0,52933.0,83565.0
37700,"Pascagoula, MS Metro Area",2008,58233,51471,21350.0,42900.0,61020.0,89612.0
37700,"Pascagoula, MS Metro Area",2009,54789,48036,20587.0,39335.0,56783.0,83996.0
37700,"Pascagoula, MS Metro Area",2010,57593,44878,19590.0,35894.0,53238.0,81796.0
37700,"Pascagoula, MS Metro Area",2011,60037,46864,20664.0,36945.0,57523.0,85108.0
37700,"Pascagoula, MS Metro Area",2012,58424,46130,18472.0,34839.0,57889.0,88541.0
37820,"Pendleton-Hermiston, OR Micro Area",2005,30210,39161,,,,
37820,"Pendleton-Hermiston, OR Micro Area",2006,29146,44229,20131.0,37450.0,52194.0,75376.0
37820,"Pendleton-Hermiston, OR Micro Area",2007,30617,39934,20858.0,32573.0,49231.0,72477.0
37820,"Pendleton-Hermiston, OR Micro Area",2008,30081,45204,23283.0,37866.0,54484.0,77574.0
37820,"Pendleton-Hermiston, OR Micro Area",2009,29527,49668,20483.0,38989.0,59829.0,87966.0
37820,"Pendleton-Hermiston, OR Micro Area",2010,30973,43784,17889.0,34357.0,54130.0,83617.0
37820,"Pendleton-Hermiston, OR Micro Area",2011,30915,42775,18346.0,33737.0,54086.0,89300.0
37820,"Pendleton-Hermiston, OR Micro Area",2012,29810,49483,21166.0,37509.0,57511.0,81302.0
37860,"Pensacola-Ferry Pass-Brent, FL Metro Area",2005,169429,42002,,,,
37860,"Pensacola-Ferry Pass-Brent, FL Metro Area",2006,167049,45087,19616.0,35813.0,55572.0,81857.0
37860,"Pensacola-Ferry Pass-Brent, FL Metro Area",2007,167848,44516,19748.0,35115.0,54368.0,84297.0
37860,"Pensacola-Ferry Pass-Brent, FL Metro Area",2008,165965,46251,20802.0,37109.0,57383.0,87691.0
37860,"Pensacola-Ferry Pass-Brent, FL Metro Area",2009,166970,45534,18055.0,36380.0,55894.0,85654.0
37860,"Pensacola-Ferry Pass-Brent, FL Metro Area",2010,165645,43974,18296.0,34922.0,55884.0,86386.0
37860,"Pensacola-Ferry Pass-Brent, FL Metro Area",2011,165343,45900,21990.0,36697.0,56765.0,86970.0
37860,"Pensacola-Ferry Pass-Brent, FL Metro Area",2012,172413,49917,21041.0,39644.0,60831.0,89780.0
37860,"Pensacola-Ferry Pass-Brent, FL Metro Area",2013,172663,47336,21339.0,38025.0,56934.0,87374.0
37860,"Pensacola-Ferry Pass-Brent, FL Metro Area",2014,171179,50003,23452.0,41205.0,60582.0,93372.0
37860,"Pensacola-Ferry Pass-Brent, FL Metro Area",2015,177675,50560,24612.0,41312.0,60686.0,94856.0
37860,"Pensacola-Ferry Pass-Brent, FL Metro Area",2016,180519,50496,24752.0,40421.0,63068.0,97627.0
37860,"Pensacola-Ferry Pass-Brent, FL Metro Area",2017,184622,53378,24676.0,42468.0,65999.0,98984.0
37860,"Pensacola-Ferry Pass-Brent, FL Metro Area",2018,182711,57998,27052.0,46106.0,70945.0,108753.0
37860,"Pensacola-Ferry Pass-Brent, FL Metro Area",2019,186805,56507,24644.0,45220.0,71190.0,110209.0
37860,"Pensacola-Ferry Pass-Brent, FL Metro Area",2021,198702,64877,28131.0,51002.0,79545.0,119877.0
37860,"Pensacola-Ferry Pass-Brent, FL Metro Area",2022,207329,68034,29076.0,54752.0,84310.0,129072.0
37860,"Pensacola-Ferry Pass-Brent, FL Metro Area",2023,204344,78315,35468.0,64950.0,93163.0,141952.0
37860,"Pensacola-Ferry Pass-Brent, FL Metro Area",2024,202898,74248,33211.0,59949.0,90192.0,141977.0
37900,"Peoria, IL Metro Area",2005,148079,47762,,,,
37900,"Peoria, IL Metro Area",2006,148724,47266,21149.0,37916.0,58808.0,89668.0
37900,"Peoria, IL Metro Area",2007,148478,50650,22492.0,40895.0,61263.0,91203.0
37900,"Peoria, IL Metro Area",2008,151183,52510,23025.0,42333.0,65422.0,96589.0
37900,"Peoria, IL Metro Area",2009,150233,49863,21210.0,39856.0,62955.0,96349.0
37900,"Peoria, IL Metro Area",2010,150898,50983,22569.0,41712.0,62120.0,94130.0
37900,"Peoria, IL Metro Area",2011,151769,50009,21722.0,40353.0,61194.0,92952.0
37900,"Peoria, IL Metro Area",2012,152743,53469,22672.0,42612.0,67649.0,100872.0
37900,"Peoria, IL Metro Area",2013,152051,52614,23744.0,41916.0,66369.0,101472.0
37900,"Peoria, IL Metro Area",2014,149515,56186,24857.0,45711.0,69362.0,106178.0
37900,"Peoria, IL Metro Area",2015,150639,56350,25634.0,46349.0,70733.0,105359.0
37900,"Peoria, IL Metro Area",2016,151258,57090,25201.0,46015.0,70759.0,105581.0
37900,"Peoria, IL Metro Area",2017,147367,57453,25413.0,46878.0,72400.0,114597.0
37900,"Peoria, IL Metro Area",2018,147607,58603,23842.0,46567.0,70294.0,110266.0
37900,"Peoria, IL Metro Area",2019,162131,60372,25349.0,47638.0,74478.0,117998.0
37900,"Peoria, IL Metro Area",2021,171067,59760,26619.0,47436.0,74613.0,119835.0
37900,"Peoria, IL Metro Area",2022,169299,68249,29975.0,54384.0,84119.0,134267.0
37900,"Peoria, IL Metro Area",2023,153577,68504,26363.0,53336.0,86459.0,139891.0
37900,"Peoria, IL Metro Area",2024,155721,74352,34115.0,59887.0,94375.0,148177.0
37980,"Philadelphia-Camden-Wilmington, PA-NJ-DE-MD Metro Area",2005,2166166,53555,,,,
37980,"Philadelphia-Camden-Wilmington, PA-NJ-DE-MD Metro Area",2006,2160502,55593,22173.0,43693.0,69535.0,108710.0
37980,"Philadelphia-Camden-Wilmington, PA-NJ-DE-MD Metro Area",2007,2188173,58309,23775.0,45997.0,72754.0,112783.0
37980,"Philadelphia-Camden-Wilmington, PA-NJ-DE-MD Metro Area",2008,2204131,60899,24340.0,47843.0,76258.0,118170.0
37980,"Philadelphia-Camden-Wilmington, PA-NJ-DE-MD Metro Area",2009,2194101,60065,23777.0,47115.0,75283.0,116902.0
37980,"Philadelphia-Camden-Wilmington, PA-NJ-DE-MD Metro Area",2010,2220711,58095,22821.0,45446.0,73149.0,116601.0
37980,"Philadelphia-Camden-Wilmington, PA-NJ-DE-MD Metro Area",2011,2220655,58322,22932.0,45366.0,74007.0,118584.0
37980,"Philadelphia-Camden-Wilmington, PA-NJ-DE-MD Metro Area",2012,2227140,60105,22754.0,46429.0,75752.0,120735.0
37980,"Philadelphia-Camden-Wilmington, PA-NJ-DE-MD Metro Area",2013,2218312,60482,23303.0,46770.0,76599.0,123670.0
37980,"Philadelphia-Camden-Wilmington, PA-NJ-DE-MD Metro Area",2014,2230807,62171,24261.0,48109.0,79047.0,127611.0
37980,"Philadelphia-Camden-Wilmington, PA-NJ-DE-MD Metro Area",2015,2233752,65123,25591.0,50564.0,82317.0,131812.0
37980,"Philadelphia-Camden-Wilmington, PA-NJ-DE-MD Metro Area",2016,2241237,65996,25571.0,51281.0,83694.0,134999.0
37980,"Philadelphia-Camden-Wilmington, PA-NJ-DE-MD Metro Area",2017,2282935,68572,24458.0,52084.0,86926.0,140976.0
37980,"Philadelphia-Camden-Wilmington, PA-NJ-DE-MD Metro Area",2018,2285651,70747,27131.0,55155.0,89144.0,144398.0
37980,"Philadelphia-Camden-Wilmington, PA-NJ-DE-MD Metro Area",2019,2323207,74533,29253.0,58311.0,92956.0,152236.0
37980,"Philadelphia-Camden-Wilmington, PA-NJ-DE-MD Metro Area",2021,2442868,80007,30472.0,61768.0,100947.0,160430.0
37980,"Philadelphia-Camden-Wilmington, PA-NJ-DE-MD Metro Area",2022,2483863,84123,32297.0,65318.0,105622.0,172287.0
37980,"Philadelphia-Camden-Wilmington, PA-NJ-DE-MD Metro Area",2023,2484152,86867,33729.0,67273.0,107860.0,174316.0
37980,"Philadelphia-Camden-Wilmington, PA-NJ-DE-MD Metro Area",2024,2505818,90850,36631.0,71027.0,113517.0,183280.0
38060,"Phoenix-Mesa-Scottsdale, AZ Metro Area",2005,1416169,48124,,,,
38060,"Phoenix-Mesa-Scottsdale, AZ Metro Area",2006,1427108,51862,24234.0,41473.0,63617.0,98757.0
38060,"Phoenix-Mesa-Scottsdale, AZ Metro Area",2007,1449957,54250,24699.0,43862.0,66455.0,100998.0
38060,"Phoenix-Mesa-Scottsdale, AZ Metro Area",2008,1461699,55887,25617.0,45050.0,68142.0,103446.0
38060,"Phoenix-Mesa-Scottsdale, AZ Metro Area",2009,1472149,52796,23790.0,42622.0,65145.0,100223.0
38060,"Phoenix-Mesa-Glendale, AZ Metro Area",2010,1503107,50385,21993.0,40081.0,61786.0,98898.0
38060,"Phoenix-Mesa-Glendale, AZ Metro Area",2011,1529943,50058,21773.0,40089.0,61896.0,98649.0
38060,"Phoenix-Mesa-Glendale, AZ Metro Area",2012,1551267,51359,22583.0,40965.0,64344.0,101377.0
38060,"Phoenix-Mesa-Scottsdale, AZ Metro Area",2013,1553429,51847,22356.0,41455.0,65182.0,102476.0
38060,"Phoenix-Mesa-Scottsdale, AZ Metro Area",2014,1590240,53365,22900.0,42477.0,66503.0,105540.0
38060,"Phoenix-Mesa-Scottsdale, AZ Metro Area",2015,1608722,55547,24158.0,44214.0,68769.0,108595.0
38060,"Phoenix-Mesa-Scottsdale, AZ Metro Area",2016,1653483,58075,25676.0,46536.0,72208.0,115155.0
38060,"Phoenix-Mesa-Scottsdale, AZ Metro Area",2017,1675676,61506,27367.0,49406.0,76133.0,118169.0
38060,"Phoenix-Mesa-Scottsdale, AZ Metro Area",2018,1730400,64427,29609.0,51951.0,80028.0,123656.0
38060,"Phoenix-Mesa-Chandler, AZ Metro Area",2019,1765135,67896,31388.0,55001.0,83380.0,130776.0
38060,"Phoenix-Mesa-Chandler, AZ Metro Area",2021,1863195,75731,34618.0,60980.0,92683.0,141822.0
38060,"Phoenix-Mesa-Chandler, AZ Metro Area",2022,1890835,82884,37944.0,66438.0,100664.0,154756.0
38060,"Phoenix-Mesa-Chandler, AZ Metro Area",2023,1922068,85700,39100.0,68476.0,104105.0,161974.0
38060,"Phoenix-Mesa-Chandler, AZ Metro Area",2024,1967378,90133,41532.0,72804.0,110111.0,169206.0
38210,"Pikeville, KY Micro Area",2023,43108,42361,16589.0,33135.0,59432.0,100204.0
38210,"Pikeville, KY Micro Area",2024,39164,44097,15571.0,32100.0,57270.0,94437.0
38220,"Pine Bluff, AR Metro Area",2005,39615,31846,,,,
38220,"Pine Bluff, AR Metro Area",2006,37495,35324,11938.0,27546.0,42238.0,70924.0
38220,"Pine Bluff, AR Metro Area",2007,36610,34212,11975.0,24927.0,43293.0,68060.0
38220,"Pine Bluff, AR Metro Area",2008,35882,37469,15352.0,29101.0,50004.0,75258.0
38220,"Pine Bluff, AR Metro Area",2009,38151,33226,12448.0,25409.0,40622.0,68371.0
38220,"Pine Bluff, AR Metro Area",2010,35976,33446,15091.0,26622.0,41413.0,73538.0
38220,"Pine Bluff, AR Metro Area",2011,36652,39004,13895.0,27352.0,50497.0,77037.0
38220,"Pine Bluff, AR Metro Area",2012,35581,36127,12251.0,26663.0,46642.0,72610.0
38220,"Pine Bluff, AR Metro Area",2013,35484,34665,15921.0,27252.0,45063.0,73943.0
38220,"Pine Bluff, AR Metro Area",2014,35978,33838,14166.0,25702.0,42568.0,79006.0
38220,"Pine Bluff, AR Metro Area",2015,34059,36538,13479.0,28679.0,46045.0,74874.0
38220,"Pine Bluff, AR Metro Area",2016,33901,37076,14340.0,30124.0,48910.0,73865.0
38220,"Pine Bluff, AR Metro Area",2017,32431,39914,16433.0,31776.0,48650.0,76951.0
38220,"Pine Bluff, AR Metro Area",2018,32467,37314,16506.0,27616.0,50955.0,81242.0
38220,"Pine Bluff, AR Metro Area",2019,34290,41541,14229.0,33784.0,51269.0,90694.0
38220,"Pine Bluff, AR Metro Area",2021,30092,46826,19011.0,38964.0,62697.0,94883.0
38220,"Pine Bluff, AR Metro Area",2022,30449,44263,17547.0,34082.0,57693.0,91059.0
38220,"Pine Bluff, AR Micro Area",2023,27244,47336,16424.0,36925.0,57435.0,93988.0
38220,"Pine Bluff, AR Micro Area",2024,27999,51523,22040.0,38982.0,68614.0,112605.0
38240,"Pinehurst-Southern Pines, NC Micro Area",2013,36502,49959,22882.0,39297.0,63715.0,101551.0
38240,"Pinehurst-Southern Pines, NC Micro Area",2014,37179,51328,20565.0,39665.0,62207.0,98527.0
38240,"Pinehurst-Southern Pines, NC Micro Area",2015,38639,51547,22670.0,41558.0,65060.0,101863.0
38240,"Pinehurst-Southern Pines, NC Micro Area",2016,38786,52279,22972.0,42075.0,68134.0,102820.0
38240,"Pinehurst-Southern Pines, NC Micro Area",2017,39155,64184,25235.0,49457.0,79750.0,126866.0
38240,"Pinehurst-Southern Pines, NC Micro Area",2018,40756,58531,24678.0,48910.0,72806.0,113579.0
38240,"Pinehurst-Southern Pines, NC Micro Area",2019,41530,62469,26193.0,51859.0,76469.0,108385.0
38240,"Pinehurst-Southern Pines, NC Micro Area",2021,43554,67160,28257.0,54049.0,83998.0,149031.0
38240,"Pinehurst-Southern Pines, NC Micro Area",2022,44625,85382,36624.0,69222.0,101333.0,142186.0
38240,"Pinehurst-Southern Pines, NC Metro Area",2023,46385,78057,31655.0,61456.0,97389.0,144628.0
38240,"Pinehurst-Southern Pines, NC Metro Area",2024,47285,85002,32140.0,66344.0,101697.0,150070.0
38300,"Pittsburgh, PA Metro Area",2005,992707,41719,,,,
38300,"Pittsburgh, PA Metro Area",2006,980765,43260,17792.0,33619.0,53709.0,84780.0
38300,"Pittsburgh, PA Metro Area",2007,981110,45630,19129.0,35556.0,57244.0,88460.0
38300,"Pittsburgh, PA Metro Area",2008,987110,47755,19998.0,37498.0,59871.0,93088.0
38300,"Pittsburgh, PA Metro Area",2009,997768,46349,19470.0,36345.0,57546.0,90394.0
38300,"Pittsburgh, PA Metro Area",2010,978959,46700,19779.0,36321.0,58274.0,91605.0
38300,"Pittsburgh, PA Metro Area",2011,980405,48854,19962.0,37769.0,60367.0,96724.0
38300,"Pittsburgh, PA Metro Area",2012,990931,50489,20910.0,39420.0,62158.0,99122.0
38300,"Pittsburgh, PA Metro Area",2013,988106,51291,20676.0,40054.0,64063.0,101522.0
38300,"Pittsburgh, PA Metro Area",2014,991951,52293,21121.0,41116.0,66123.0,103426.0
38300,"Pittsburgh, PA Metro Area",2015,990355,54080,21681.0,42227.0,68272.0,106935.0
38300,"Pittsburgh, PA Metro Area",2016,984297,56063,22973.0,43913.0,70381.0,110876.0
38300,"Pittsburgh, PA Metro Area",2017,996798,58521,23543.0,45708.0,72924.0,115220.0
38300,"Pittsburgh, PA Metro Area",2018,1013812,59710,24453.0,46469.0,75190.0,118400.0
38300,"Pittsburgh, PA Metro Area",2019,1028436,62638,26000.0,49586.0,78554.0,124195.0
38300,"Pittsburgh, PA Metro Area",2021,1025698,66609,26596.0,51584.0,84215.0,133536.0
38300,"Pittsburgh, PA Metro Area",2022,1021314,70607,28914.0,55609.0,87559.0,141065.0
38300,"Pittsburgh, PA Metro Area",2023,1067180,72532,30441.0,57427.0,91658.0,145581.0
38300,"Pittsburgh, PA Metro Area",2024,1071618,77214,31489.0,60493.0,97727.0,152431.0
38340,"Pittsfield, MA Metro Area",2005,54580,48570,,,,
38340,"Pittsfield, MA Metro Area",2006,55272,47562,18621.0,36413.0,58480.0,83513.0
38340,"Pittsfield, MA Metro Area",2007,55946,47302,22213.0,38638.0,58830.0,92228.0
38340,"Pittsfield, MA Metro Area",2008,57455,44797,19198.0,36790.0,57382.0,89302.0
38340,"Pittsfield, MA Metro Area",2009,54148,42290,15730.0,31445.0,56838.0,86190.0
38340,"Pittsfield, MA Metro Area",2010,56517,44190,18208.0,34788.0,54037.0,87719.0
38340,"Pittsfield, MA Metro Area",2011,55230,42969,20052.0,34468.0,55644.0,91161.0
38340,"Pittsfield, MA Metro Area",2012,55420,46509,17650.0,35933.0,58991.0,88495.0
38340,"Pittsfield, MA Metro Area",2013,54963,52514,21296.0,41375.0,65472.0,104358.0
38340,"Pittsfield, MA Metro Area",2014,54706,50211,19996.0,37292.0,63829.0,101093.0
38340,"Pittsfield, MA Metro Area",2015,55497,50765,21377.0,40485.0,63340.0,105101.0
38340,"Pittsfield, MA Metro Area",2016,54204,58418,25126.0,45556.0,71985.0,111695.0
38340,"Pittsfield, MA Metro Area",2017,54193,57054,24859.0,45101.0,72352.0,111935.0
38340,"Pittsfield, MA Metro Area",2018,55212,60476,21493.0,44463.0,74961.0,114225.0
38340,"Pittsfield, MA Metro Area",2019,53792,58895,24769.0,48979.0,74745.0,122602.0
38340,"Pittsfield, MA Metro Area",2021,57765,60749,25016.0,48013.0,75760.0,132276.0
38340,"Pittsfield, MA Metro Area",2022,58370,74176,28298.0,54627.0,92202.0,141209.0
38340,"Pittsfield, MA Metro Area",2023,58807,77498,28239.0,59320.0,94997.0,145922.0
38340,"Pittsfield, MA Metro Area",2024,59606,77682,30349.0,60897.0,97830.0,155242.0
38460,"Plattsburgh, NY Micro Area",2005,30715,44757,,,,
38460,"Plattsburgh, NY Micro Area",2006,29439,42406,20363.0,34441.0,53256.0,77488.0
38460,"Plattsburgh, NY Micro Area",2007,30408,46439,19654.0,38306.0,56084.0,86719.0
38460,"Plattsburgh, NY Micro Area",2008,30082,50960,20279.0,38543.0,59637.0,95724.0
38460,"Plattsburgh, NY Micro Area",2009,31523,46660,19574.0,37748.0,56444.0,86397.0
38460,"Plattsburgh, NY Micro Area",2010,31659,43600,15887.0,33083.0,58561.0,91105.0
38460,"Plattsburgh, NY Micro Area",2011,32323,50872,20700.0,37401.0,61975.0,88222.0
38460,"Plattsburgh, NY Micro Area",2012,32451,52161,20043.0,40382.0,61989.0,98805.0
38460,"Plattsburgh, NY Micro Area",2013,31862,43892,19668.0,34488.0,53985.0,89979.0
38460,"Plattsburgh, NY Micro Area",2014,31426,53575,20821.0,39993.0,63818.0,97293.0
38460,"Plattsburgh, NY Micro Area",2015,31249,45377,19657.0,36887.0,58222.0,88346.0
38460,"Plattsburgh, NY Micro Area",2016,30624,55316,23332.0,43246.0,66116.0,97855.0
38460,"Plattsburgh, NY Micro Area",2017,31493,58234,25188.0,47927.0,70112.0,100613.0
38460,"Plattsburgh, NY Micro Area",2018,31392,56704,25998.0,47669.0,71341.0,109033.0
38460,"Plattsburgh, NY Micro Area",2019,31422,60198,24795.0,48681.0,71968.0,103997.0
38460,"Plattsburgh, NY Micro Area",2021,33860,60285,22861.0,48360.0,73692.0,109821.0
38460,"Plattsburgh, NY Micro Area",2022,33231,66152,25180.0,50997.0,82906.0,135238.0
38460,"Plattsburgh, NY Micro Area",2023,34639,62717,26988.0,51124.0,79734.0,122945.0
38460,"Plattsburgh, NY Micro Area",2024,33995,68526,32078.0,52913.0,87777.0,125513.0
38540,"Pocatello, ID Metro Area",2005,31653,36098,,,,
38540,"Pocatello, ID Metro Area",2006,31450,37336,17140.0,29432.0,50695.0,75734.0
38540,"Pocatello, ID Metro Area",2007,32075,43928,19228.0,36029.0,53800.0,83990.0
38540,"Pocatello, ID Metro Area",2008,31327,49319,20493.0,40338.0,57805.0,84741.0
38540,"Pocatello, ID Metro Area",2009,32698,45418,21079.0,35863.0,54809.0,81119.0
38540,"Pocatello, ID Metro Area",2010,31856,39175,17798.0,33224.0,51294.0,78301.0
38540,"Pocatello, ID Metro Area",2011,32813,40931,16727.0,33183.0,50412.0,75192.0
38540,"Pocatello, ID Metro Area",2012,33239,42409,18087.0,34640.0,53668.0,80362.0
38540,"Pocatello, ID Metro Area",2013,30265,42174,20135.0,33373.0,55535.0,91400.0
38540,"Pocatello, ID Metro Area",2014,30240,44018,19228.0,36161.0,55262.0,88844.0
38540,"Pocatello, ID Metro Area",2015,30174,41530,17091.0,31405.0,54025.0,84067.0
38540,"Pocatello, ID Metro Area",2016,30106,48429,19472.0,39087.0,60049.0,91905.0
38540,"Pocatello, ID Metro Area",2017,31384,51612,21976.0,41359.0,61892.0,98063.0
38540,"Pocatello, ID Metro Area",2018,30635,50748,23304.0,40166.0,61748.0,97500.0
38540,"Pocatello, ID Metro Area",2019,34540,51612,22178.0,39649.0,64732.0,101210.0
38540,"Pocatello, ID Metro Area",2021,36438,60475,26068.0,51086.0,74188.0,112357.0
38540,"Pocatello, ID Metro Area",2022,37564,61566,25809.0,47845.0,76305.0,115062.0
38540,"Pocatello, ID Metro Area",2023,33729,68495,31150.0,51992.0,85617.0,126103.0
38540,"Pocatello, ID Metro Area",2024,33091,69612,30287.0,57797.0,82970.0,131702.0
38660,"Ponce, PR Metro Area",2005,80998,15289,,,,
38660,"Ponce, PR Metro Area",2006,79776,15297,5380.0,11512.0,19855.0,35299.0
38660,"Ponce, PR Metro Area",2007,77532,15766,4833.0,11455.0,22284.0,36896.0
38660,"Ponce, PR Metro Area",2008,77993,16828,5695.0,12468.0,22277.0,38841.0
38660,"Ponce, PR Metro Area",2009,77385,16636,4950.0,12184.0,22492.0,37848.0
38660,"Ponce, PR Metro Area",2010,83824,16745,5218.0,12517.0,21889.0,40494.0
38660,"Ponce, PR Metro Area",2011,82840,16003,4973.0,11379.0,21359.0,39008.0
38660,"Ponce, PR Metro Area",2012,81723,16922,5629.0,12873.0,21908.0,37363.0
38660,"Ponce, PR Metro Area",2013,112269,15550,4717.0,11573.0,20290.0,36590.0
38660,"Ponce, PR Metro Area",2014,107856,16698,5585.0,12579.0,21844.0,38204.0
38660,"Ponce, PR Metro Area",2015,104647,15728,5170.0,11807.0,20558.0,38054.0
38660,"Ponce, PR Metro Area",2016,105240,17533,5658.0,12678.0,23188.0,38576.0
38660,"Ponce, PR Metro Area",2017,103385,16109,4831.0,11658.0,21417.0,37055.0
38660,"Ponce, PR Metro Area",2018,107565,17607,6547.0,13663.0,22473.0,38369.0
38660,"Ponce, PR Metro Area",2019,80104,16061,5802.0,12022.0,22347.0,40549.0
38660,"Ponce, PR Metro Area",2021,75345,19006,6504.0,13843.0,24974.0,45408.0
38660,"Ponce, PR Metro Area",2022,83805,18843,7013.0,14508.0,26297.0,45217.0
38660,"Ponce, PR Metro Area",2023,105603,20978,7066.0,15580.0,29020.0,51583.0
38660,"Ponce, PR Metro Area",2024,103089,23324,8696.0,18025.0,29585.0,49856.0
38820,"Port Angeles, WA Micro Area",2005,30398,43357,,,,
38820,"Port Angeles, WA Micro Area",2006,30789,40672,16234.0,32014.0,49048.0,72926.0
38820,"Port Angeles, WA Micro Area",2007,30700,41008,21286.0,33255.0,50278.0,75495.0
38820,"Port Angeles, WA Micro Area",2008,29587,47721,21773.0,37622.0,58284.0,82158.0
38820,"Port Angeles, WA Micro Area",2009,29997,42583,18470.0,32362.0,50500.0,76048.0
38820,"Port Angeles, WA Micro Area",2010,30430,38841,19269.0,31684.0,50478.0,81627.0
38820,"Port Angeles, WA Micro Area",2011,31458,50161,20850.0,39546.0,61093.0,86379.0
38820,"Port Angeles, WA Micro Area",2012,30044,42485,20019.0,34677.0,50400.0,79989.0
38820,"Port Angeles, WA Micro Area",2013,30606,46566,21638.0,36395.0,55493.0,84468.0
38820,"Port Angeles, WA Micro Area",2014,31361,46469,21761.0,36536.0,58154.0,89600.0
38820,"Port Angeles, WA Micro Area",2015,32231,44929,17604.0,34539.0,53373.0,80485.0
38820,"Port Angeles, WA Micro Area",2016,31837,48587,21425.0,39674.0,58635.0,91076.0
38820,"Port Angeles, WA Micro Area",2017,33233,47907,21005.0,37284.0,59971.0,106078.0
38820,"Port Angeles, WA Micro Area",2018,33265,59001,21804.0,44141.0,68793.0,105655.0
38820,"Port Angeles, WA Micro Area",2019,33022,57126,24130.0,44894.0,72044.0,103954.0
38820,"Port Angeles, WA Micro Area",2021,34773,62695,31808.0,51012.0,75506.0,117596.0
38820,"Port Angeles, WA Micro Area",2022,35527,66139,27423.0,53640.0,83511.0,130555.0
38820,"Port Angeles, WA Micro Area",2023,34807,65990,26277.0,52731.0,81152.0,120494.0
38820,"Port Angeles, WA Micro Area",2024,35453,73993,33199.0,57898.0,96676.0,138794.0
38860,"Portland-South Portland-Biddeford, ME Metro Area",2005,208124,49833,,,,
38860,"Portland-South Portland-Biddeford, ME Metro Area",2006,210844,51114,22885.0,42276.0,61565.0,90307.0
38860,"Portland-South Portland-Biddeford, ME Metro Area",2007,207405,53998,24288.0,44474.0,65433.0,97308.0
38860,"Portland-South Portland-Biddeford, ME Metro Area",2008,212774,54358,23611.0,42334.0,66949.0,100076.0
38860,"Portland-South Portland-Biddeford, ME Metro Area",2009,209432,53849,24344.0,44624.0,65749.0,98726.0
38860,"Portland-South Portland-Biddeford, ME Metro Area",2010,209787,56530,23927.0,44391.0,67170.0,100269.0
38860,"Portland-South Portland-Biddeford, ME Metro Area",2011,211202,55861,22908.0,43727.0,68730.0,103250.0
38860,"Portland-South Portland-Biddeford, ME Metro Area",2012,213459,53701,24437.0,42319.0,66631.0,102439.0
38860,"Portland-South Portland, ME Metro Area",2013,213413,54766,22639.0,43785.0,69393.0,106753.0
38860,"Portland-South Portland, ME Metro Area",2014,215232,59573,25946.0,48662.0,73284.0,112108.0
38860,"Portland-South Portland, ME Metro Area",2015,212240,62074,27127.0,50648.0,76157.0,114237.0
38860,"Portland-South Portland, ME Metro Area",2016,216799,63422,26953.0,50271.0,77093.0,116267.0
38860,"Portland-South Portland, ME Metro Area",2017,216114,68570,29625.0,55909.0,82859.0,122256.0
38860,"Portland-South Portland, ME Metro Area",2018,228248,69980,30641.0,55006.0,85645.0,130044.0
38860,"Portland-South Portland, ME Metro Area",2019,226904,71913,31735.0,56862.0,87545.0,131651.0
38860,"Portland-South Portland, ME Metro Area",2021,237186,78558,35325.0,62119.0,94293.0,145425.0
38860,"Portland-South Portland, ME Metro Area",2022,242440,84312,38200.0,67785.0,104116.0,159047.0
38860,"Portland-South Portland, ME Metro Area",2023,244997,92117,40971.0,74207.0,112197.0,166152.0
38860,"Portland-South Portland, ME Metro Area",2024,248586,93062,40953.0,74296.0,115665.0,175466.0
38900,"Portland-Vancouver-Beaverton, OR-WA Metro Area",2005,803442,49227,,,,
38900,"Portland-Vancouver-Beaverton, OR-WA Metro Area",2006,819196,52480,23613.0,42345.0,64309.0,98187.0
38900,"Portland-Vancouver-Beaverton, OR-WA Metro Area",2007,833728,55387,24951.0,45347.0,67363.0,102021.0
38900,"Portland-Vancouver-Beaverton, OR-WA Metro Area",2008,835028,58758,26210.0,47640.0,71239.0,107439.0
38900,"Portland-Vancouver-Beaverton, OR-WA Metro Area",2009,847989,55521,24910.0,44355.0,68605.0,103281.0
38900,"Portland-Vancouver-Hillsboro, OR-WA Metro Area",2010,857389,53078,23838.0,43285.0,65672.0,101059.0
38900,"Portland-Vancouver-Hillsboro, OR-WA Metro Area",2011,872423,54921,22971.0,43096.0,67883.0,103388.0
38900,"Portland-Vancouver-Hillsboro, OR-WA Metro Area",2012,872878,56978,24406.0,45243.0,71403.0,109597.0
38900,"Portland-Vancouver-Hillsboro, OR-WA Metro Area",2013,881822,59168,25434.0,46861.0,73193.0,111339.0
38900,"Portland-Vancouver-Hillsboro, OR-WA Metro Area",2014,894801,60248,25756.0,47764.0,74191.0,113291.0
38900,"Portland-Vancouver-Hillsboro, OR-WA Metro Area",2015,901402,63850,27540.0,50908.0,78777.0,121788.0
38900,"Portland-Vancouver-Hillsboro, OR-WA Metro Area",2016,918590,68676,30297.0,54609.0,84099.0,129329.0
38900,"Portland-Vancouver-Hillsboro, OR-WA Metro Area",2017,935722,71931,31307.0,57247.0,88603.0,134759.0
38900,"Portland-Vancouver-Hillsboro, OR-WA Metro Area",2018,954947,75599,32892.0,60209.0,92896.0,141737.0
38900,"Portland-Vancouver-Hillsboro, OR-WA Metro Area",2019,964554,78439,35355.0,63147.0,96270.0,147712.0
38900,"Portland-Vancouver-Hillsboro, OR-WA Metro Area",2021,1001984,83943,35608.0,67202.0,102601.0,157373.0
38900,"Portland-Vancouver-Hillsboro, OR-WA Metro Area",2022,1011708,89312,38754.0,71920.0,109181.0,168991.0
38900,"Portland-Vancouver-Hillsboro, OR-WA Metro Area",2023,1028651,94925,41086.0,75957.0,114725.0,177460.0
38900,"Portland-Vancouver-Hillsboro, OR-WA Metro Area",2024,1026663,98994,42451.0,79966.0,120728.0,183927.0
38940,"Port St. Lucie-Fort Pierce, FL Metro Area",2005,154350,43698,,,,
38940,"Port St. Lucie-Fort Pierce, FL Metro Area",2006,157944,46733,21565.0,38004.0,58317.0,88149.0
38940,"Port St. Lucie, FL Metro Area",2007,162151,49679,24435.0,40624.0,60217.0,91248.0
38940,"Port St. Lucie, FL Metro Area",2008,154764,46941,21872.0,38090.0,57112.0,91907.0
38940,"Port St. Lucie, FL Metro Area",2009,155612,46186,20899.0,38023.0,56242.0,89677.0
38940,"Port St. Lucie, FL Metro Area",2010,165072,41346,20857.0,34410.0,52249.0,86477.0
38940,"Port St. Lucie, FL Metro Area",2011,164108,44534,19034.0,34568.0,54210.0,85073.0
38940,"Port St. Lucie, FL Metro Area",2012,170309,42316,18912.0,35486.0,52862.0,90126.0
38940,"Port St. Lucie, FL Metro Area",2013,165882,45322,18795.0,34979.0,56468.0,94466.0
38940,"Port St. Lucie, FL Metro Area",2014,171289,47483,20667.0,37566.0,57225.0,87471.0
38940,"Port St. Lucie, FL Metro Area",2015,173912,48002,20954.0,38295.0,58913.0,92229.0
38940,"Port St. Lucie, FL Metro Area",2016,174593,48746,21458.0,39348.0,59167.0,91165.0
38940,"Port St. Lucie, FL Metro Area",2017,176539,51392,23596.0,42175.0,65032.0,103521.0
38940,"Port St. Lucie, FL Metro Area",2018,181838,55714,24545.0,44367.0,68363.0,109376.0
38940,"Port St. Lucie, FL Metro Area",2019,181914,62608,27589.0,49723.0,76292.0,115258.0
38940,"Port St. Lucie, FL Metro Area",2021,200954,63771,28593.0,50548.0,77405.0,116978.0
38940,"Port St. Lucie, FL Metro Area",2022,201086,68460,28966.0,53926.0,84599.0,128879.0
38940,"Port St. Lucie, FL Metro Area",2023,214904,68316,30540.0,56000.0,83423.0,134383.0
38940,"Port St. Lucie, FL Metro Area",2024,219468,80659,34838.0,63565.0,99903.0,153696.0
39020,"Portsmouth, OH Micro Area",2005,30757,28348,,,,
39020,"Portsmouth, OH Micro Area",2006,30952,29821,10848.0,23049.0,36204.0,60370.0
39020,"Portsmouth, OH Micro Area",2007,30300,31446,13118.0,23240.0,42407.0,66000.0
39020,"Portsmouth, OH Micro Area",2008,30593,38097,13299.0,29697.0,46568.0,76298.0
39020,"Portsmouth, OH Micro Area",2009,30866,29665,13759.0,23370.0,41155.0,69451.0
39020,"Portsmouth, OH Micro Area",2010,29414,36859,15360.0,28892.0,46859.0,74595.0
39020,"Portsmouth, OH Micro Area",2011,28818,29657,11990.0,22459.0,36326.0,65562.0
39020,"Portsmouth, OH Micro Area",2012,28927,36874,14567.0,24949.0,47032.0,74257.0
39020,"Portsmouth, OH Micro Area",2013,29356,37351,14360.0,27205.0,49465.0,82376.0
39020,"Portsmouth, OH Micro Area",2014,30790,38233,13903.0,26882.0,48944.0,81715.0
39020,"Portsmouth, OH Micro Area",2015,30477,35833,13382.0,27223.0,47151.0,83417.0
39020,"Portsmouth, OH Micro Area",2016,29904,39210,14015.0,31156.0,49073.0,83414.0
39020,"Portsmouth, OH Micro Area",2017,30424,43367,16409.0,31744.0,53835.0,91196.0
39020,"Portsmouth, OH Micro Area",2018,28719,37257,13450.0,28748.0,51772.0,85246.0
39020,"Portsmouth, OH Micro Area",2019,29319,45571,16896.0,36729.0,59877.0,94001.0
39020,"Portsmouth, OH Micro Area",2021,27496,40522,15238.0,29156.0,52595.0,95347.0
39020,"Portsmouth, OH Micro Area",2022,29715,46606,15749.0,35548.0,57322.0,100822.0
39020,"Portsmouth, OH Micro Area",2023,30143,52159,19913.0,40754.0,68331.0,114784.0
39020,"Portsmouth, OH Micro Area",2024,29844,54431,16852.0,40488.0,71721.0,120802.0
39060,"Pottsville, PA Micro Area",2005,60984,35610,,,,
39060,"Pottsville, PA Micro Area",2006,61148,38496,16588.0,30293.0,46045.0,67484.0
39060,"Pottsville, PA Micro Area",2007,59183,40839,17548.0,33158.0,50704.0,76091.0
39060,"Pottsville, PA Micro Area",2008,61082,43387,18825.0,32690.0,52626.0,78384.0
39060,"Pottsville, PA Micro Area",2009,61307,41503,17469.0,32325.0,50461.0,74436.0
39060,"Pottsville, PA Micro Area",2010,60449,40265,18015.0,31604.0,50835.0,75971.0
39060,"Pottsville, PA Micro Area",2011,60018,47437,20777.0,36726.0,57935.0,84132.0
39060,"Pottsville, PA Micro Area",2012,59338,45056,19691.0,36350.0,54513.0,83217.0
39060,"Pottsville, PA Micro Area",2013,58467,41114,18557.0,33046.0,53336.0,84485.0
39060,"Pottsville, PA Micro Area",2014,58061,43044,18886.0,34873.0,53805.0,81602.0
39060,"Pottsville, PA Micro Area",2015,57392,45810,20105.0,36631.0,58222.0,89823.0
39060,"Pottsville, PA Micro Area",2016,58149,50684,21505.0,40421.0,61024.0,89574.0
39060,"Pottsville, PA Micro Area",2017,57492,49559,22629.0,38883.0,60009.0,91550.0
39060,"Pottsville, PA Micro Area",2018,58458,48458,19442.0,37486.0,61199.0,94937.0
39060,"Pottsville, PA Micro Area",2019,58242,56295,23672.0,44865.0,69531.0,101043.0
39060,"Pottsville, PA Micro Area",2021,58212,58614,26260.0,48047.0,70557.0,112662.0
39060,"Pottsville, PA Micro Area",2022,58222,64160,27361.0,52262.0,76043.0,117609.0
39060,"Pottsville, PA Micro Area",2023,58809,64276,23399.0,49880.0,80534.0,116978.0
39060,"Pottsville, PA Micro Area",2024,59469,69320,31372.0,56529.0,82611.0,127090.0
39100,"Poughkeepsie-Newburgh-Middletown, NY Metro Area",2005,225718,62433,,,,
39100,"Poughkeepsie-Newburgh-Middletown, NY Metro Area",2006,226176,65367,28055.0,52366.0,78512.0,111303.0
39100,"Poughkeepsie-Newburgh-Middletown, NY Metro Area",2007,225258,65945,29373.0,53164.0,79715.0,118866.0
39100,"Poughkeepsie-Newburgh-Middletown, NY Metro Area",2008,225437,70757,30671.0,55383.0,87098.0,126036.0
39100,"Poughkeepsie-Newburgh-Middletown, NY Metro Area",2009,228996,69148,28614.0,54194.0,85321.0,126475.0
39100,"Poughkeepsie-Newburgh-Middletown, NY Metro Area",2010,231561,67269,29694.0,54760.0,82317.0,122078.0
39100,"Poughkeepsie-Newburgh-Middletown, NY Metro Area",2011,232906,66734,26042.0,52429.0,82204.0,127574.0
39100,"Poughkeepsie-Newburgh-Middletown, NY Metro Area",2012,232334,66612,27198.0,53102.0,83617.0,129001.0
39100,"Poughkeepsie-Newburgh-Middletown, NY Metro Area",2019,241950,85152,31961.0,66342.0,105246.0,159331.0
39100,"Poughkeepsie-Newburgh-Middletown, NY Metro Area",2021,255736,89033,36068.0,69276.0,109645.0,167002.0
39100,"Poughkeepsie-Newburgh-Middletown, NY Metro Area",2022,256785,89826,35359.0,70212.0,110913.0,173936.0
39140,"Prescott, AZ Metro Area",2005,81771,40746,,,,
39140,"Prescott, AZ Metro Area",2006,85244,40649,19040.0,34278.0,48305.0,74108.0
39140,"Prescott, AZ Metro Area",2007,85295,44408,21747.0,37056.0,53522.0,81790.0
39140,"Prescott, AZ Metro Area",2008,88550,41804,21082.0,34747.0,50394.0,80932.0
39140,"Prescott, AZ Metro Area",2009,87846,40402,18804.0,33073.0,49787.0,80178.0
39140,"Prescott, AZ Metro Area",2010,90607,40274,17702.0,32529.0,47818.0,76050.0
39140,"Prescott, AZ Metro Area",2011,91407,41719,18382.0,31379.0,53524.0,79723.0
39140,"Prescott, AZ Metro Area",2012,93697,44035,20594.0,36208.0,54013.0,82400.0
39140,"Prescott, AZ Metro Area",2013,91064,39895,17167.0,31781.0,49138.0,74656.0
39140,"Prescott, AZ Metro Area",2014,90584,44255,20050.0,36409.0,53839.0,82857.0
39140,"Prescott, AZ Metro Area",2015,94920,48105,23157.0,38338.0,58626.0,86652.0
39140,"Prescott, AZ Metro Area",2016,94962,50420,20404.0,39053.0,61186.0,94075.0
39140,"Prescott, AZ Metro Area",2017,98369,50041,21537.0,40799.0,61626.0,91006.0
39140,"Prescott, AZ Metro Area",2018,100836,48148,21765.0,39588.0,58136.0,91485.0
39150,"Prescott Valley-Prescott, AZ Metro Area",2019,102784,53816,23819.0,43026.0,67638.0,103298.0
39150,"Prescott Valley-Prescott, AZ Metro Area",2021,112075,57230,26059.0,46669.0,70835.0,111613.0
39150,"Prescott Valley-Prescott, AZ Metro Area",2022,110928,63936,28770.0,51206.0,78172.0,123502.0
39150,"Prescott Valley-Prescott, AZ Metro Area",2023,113784,67245,29056.0,53499.0,80871.0,135983.0
39150,"Prescott Valley-Prescott, AZ Metro Area",2024,114986,74788,31994.0,60182.0,87268.0,134063.0
39300,"Providence-New Bedford-Fall River, RI-MA Metro Area",2005,614431,51310,,,,
39300,"Providence-New Bedford-Fall River, RI-MA Metro Area",2006,613641,51797,20255.0,40773.0,64356.0,98008.0
39300,"Providence-New Bedford-Fall River, RI-MA Metro Area",2007,612509,54039,20535.0,41660.0,68071.0,104167.0
39300,"Providence-New Bedford-Fall River, RI-MA Metro Area",2008,603561,55938,21703.0,43169.0,70067.0,106733.0
39300,"Providence-New Bedford-Fall River, RI-MA Metro Area",2009,612182,54202,20925.0,42976.0,68873.0,105365.0
39300,"Providence-New Bedford-Fall River, RI-MA Metro Area",2010,612291,51935,19612.0,40112.0,65619.0,102525.0
39300,"Providence-New Bedford-Fall River, RI-MA Metro Area",2011,621515,53553,20909.0,41916.0,68925.0,108109.0
39300,"Providence-New Bedford-Fall River, RI-MA Metro Area",2012,622066,54243,20063.0,41916.0,68588.0,109578.0
39300,"Providence-Warwick, RI-MA Metro Area",2013,618975,55055,20793.0,42440.0,70750.0,111505.0
39300,"Providence-Warwick, RI-MA Metro Area",2014,622555,55836,21242.0,42666.0,71949.0,114142.0
39300,"Providence-Warwick, RI-MA Metro Area",2015,622607,58965,21831.0,45336.0,74966.0,115740.0
39300,"Providence-Warwick, RI-MA Metro Area",2016,622471,61948,22981.0,46592.0,78564.0,121747.0
39300,"Providence-Warwick, RI-MA Metro Area",2017,627318,65226,23830.0,50295.0,81888.0,128849.0
39300,"Providence-Warwick, RI-MA Metro Area",2018,621705,65083,24999.0,51384.0,81637.0,129816.0
39300,"Providence-Warwick, RI-MA Metro Area",2019,627702,70967,26694.0,54148.0,86982.0,136521.0
39300,"Providence-Warwick, RI-MA Metro Area",2021,673701,73788,27651.0,57443.0,93753.0,144748.0
39300,"Providence-Warwick, RI-MA Metro Area",2022,679882,81784,31274.0,63719.0,102920.0,157827.0
39300,"Providence-Warwick, RI-MA Metro Area",2023,677970,83330,31847.0,65692.0,102779.0,163063.0
39300,"Providence-Warwick, RI-MA Metro Area",2024,683183,82870,32548.0,65372.0,105418.0,168279.0
39340,"Provo-Orem, UT Metro Area",2005,122997,47229,,,,
39340,"Provo-Orem, UT Metro Area",2006,130458,50583,24158.0,40809.0,61213.0,86445.0
39340,"Provo-Orem, UT Metro Area",2007,133842,57270,29000.0,48146.0,67590.0,97328.0
39340,"Provo-Orem, UT Metro Area",2008,137542,59482,28385.0,48886.0,70862.0,103137.0
39340,"Provo-Orem, UT Metro Area",2009,139271,57476,28298.0,47515.0,69880.0,101687.0
39340,"Provo-Orem, UT Metro Area",2010,143324,54201,24710.0,44774.0,63600.0,95767.0
39340,"Provo-Orem, UT Metro Area",2011,146320,58398,25731.0,47181.0,67815.0,100845.0
39340,"Provo-Orem, UT Metro Area",2012,147329,58218,26806.0,47335.0,69764.0,101752.0
39340,"Provo-Orem, UT Metro Area",2013,149549,60051,27391.0,48982.0,73062.0,105518.0
39340,"Provo-Orem, UT Metro Area",2014,154567,60890,30497.0,50725.0,73655.0,106243.0
39340,"Provo-Orem, UT Metro Area",2015,158270,65092,31447.0,54095.0,77551.0,114467.0
39340,"Provo-Orem, UT Metro Area",2016,160979,69288,31575.0,56302.0,81795.0,120591.0
39340,"Provo-Orem, UT Metro Area",2017,167853,70196,34129.0,57192.0,84353.0,123988.0
39340,"Provo-Orem, UT Metro Area",2018,174426,75344,36525.0,61904.0,88184.0,128507.0
39340,"Provo-Orem, UT Metro Area",2019,182219,79152,37845.0,63928.0,94328.0,139266.0
39340,"Provo-Orem, UT Metro Area",2021,197599,86629,43121.0,71963.0,104267.0,155620.0
39340,"Provo-Orem, UT Metro Area",2022,208607,95687,48554.0,78269.0,113073.0,163498.0
39340,"Provo-Orem-Lehi, UT Metro Area",2023,219263,100791,48856.0,82969.0,120025.0,173124.0
39340,"Provo-Orem-Lehi, UT Metro Area",2024,222541,101014,50496.0,84017.0,123587.0,180881.0
39380,"Pueblo, CO Metro Area",2005,58659,37305,,,,
39380,"Pueblo, CO Metro Area",2006,59314,36834,16130.0,28424.0,46278.0,72617.0
39380,"Pueblo, CO Metro Area",2007,59093,41564,16453.0,32218.0,50600.0,77592.0
39380,"Pueblo, CO Metro Area",2008,60786,42628,17535.0,34003.0,51234.0,77869.0
39380,"Pueblo, CO Metro Area",2009,59987,38780,16562.0,29886.0,49205.0,78282.0
39380,"Pueblo, CO Metro Area",2010,62686,38326,13909.0,29354.0,48036.0,76268.0
39380,"Pueblo, CO Metro Area",2011,62181,40965,18299.0,31176.0,52383.0,81124.0
39380,"Pueblo, CO Metro Area",2012,62388,41262,18269.0,32891.0,50354.0,77933.0
39380,"Pueblo, CO Metro Area",2013,62604,41218,16493.0,32038.0,52095.0,79062.0
39380,"Pueblo, CO Metro Area",2014,63385,41047,17516.0,32922.0,51741.0,84402.0
39380,"Pueblo, CO Metro Area",2015,61876,40050,16608.0,32590.0,51253.0,87651.0
39380,"Pueblo, CO Metro Area",2016,62275,44677,18425.0,35982.0,55842.0,90945.0
39380,"Pueblo, CO Metro Area",2017,65098,43148,17898.0,34279.0,55313.0,85590.0
39380,"Pueblo, CO Metro Area",2018,64954,48468,17855.0,36689.0,60443.0,89792.0
39380,"Pueblo, CO Metro Area",2019,66111,51276,20998.0,40200.0,63766.0,97525.0
39380,"Pueblo, CO Metro Area",2021,69078,56689,18468.0,43029.0,70546.0,112180.0
39380,"Pueblo, CO Metro Area",2022,67840,58723,24009.0,47506.0,72682.0,114158.0
39380,"Pueblo, CO Metro Area",2023,68732,65161,27570.0,51655.0,80789.0,129113.0
39380,"Pueblo, CO Metro Area",2024,70476,62128,25250.0,50445.0,79078.0,128128.0
39460,"Punta Gorda, FL Metro Area",2005,70838,39091,,,,
39460,"Punta Gorda, FL Metro Area",2006,71026,44166,22288.0,37048.0,50946.0,77870.0
39460,"Punta Gorda, FL Metro Area",2007,70871,46707,22618.0,36349.0,55296.0,79684.0
39460,"Punta Gorda, FL Metro Area",2008,73937,46404,21211.0,37292.0,54756.0,82241.0
39460,"Punta Gorda, FL Metro Area",2009,75902,40362,19832.0,33594.0,49123.0,73725.0
39460,"Punta Gorda, FL Metro Area",2010,69176,42031,19443.0,34114.0,50716.0,76096.0
39460,"Punta Gorda, FL Metro Area",2011,68252,41190,20688.0,35358.0,51029.0,81245.0
39460,"Punta Gorda, FL Metro Area",2012,71811,45247,21449.0,35558.0,55287.0,79017.0
39460,"Punta Gorda, FL Metro Area",2013,69035,43698,20631.0,35984.0,52292.0,80362.0
39460,"Punta Gorda, FL Metro Area",2014,75234,43039,19894.0,34933.0,52751.0,81422.0
39460,"Punta Gorda, FL Metro Area",2015,72671,45492,20853.0,35565.0,55052.0,87538.0
39460,"Punta Gorda, FL Metro Area",2016,75147,44200,21586.0,36280.0,53761.0,85576.0
39460,"Punta Gorda, FL Metro Area",2017,76056,52070,24750.0,42087.0,60081.0,95111.0
39460,"Punta Gorda, FL Metro Area",2018,74975,52927,23021.0,44462.0,62583.0,94815.0
39460,"Punta Gorda, FL Metro Area",2019,76589,54652,23576.0,42355.0,66432.0,107450.0
39460,"Punta Gorda, FL Metro Area",2021,88988,59285,26360.0,47549.0,69957.0,108225.0
39460,"Punta Gorda, FL Metro Area",2022,90457,64860,29463.0,52888.0,75708.0,117468.0
39460,"Punta Gorda, FL Metro Area",2023,90367,71806,31138.0,58594.0,89355.0,131029.0
39460,"Punta Gorda, FL Metro Area",2024,93137,72868,32663.0,61961.0,91448.0,140748.0
39480,"Putnam, CT Micro Area",2023,40349,88806,41780.0,72762.0,107880.0,151245.0
39480,"Putnam, CT Micro Area",2024,40106,97453,45998.0,80406.0,119377.0,166572.0
39500,"Quincy, IL-MO Micro Area",2005,30843,40683,,,,
39500,"Quincy, IL-MO Micro Area",2006,32155,40200,19328.0,31473.0,48824.0,72490.0
39500,"Quincy, IL-MO Micro Area",2007,30934,43355,20048.0,32374.0,54340.0,82451.0
39500,"Quincy, IL-MO Micro Area",2008,30314,44670,19456.0,36630.0,55202.0,82779.0
39500,"Quincy, IL-MO Micro Area",2009,32854,39804,17015.0,31580.0,49025.0,72689.0
39500,"Quincy, IL-MO Micro Area",2010,30272,39564,18031.0,31180.0,50039.0,74986.0
39500,"Quincy, IL-MO Micro Area",2011,29967,42254,18891.0,32218.0,51902.0,78130.0
39500,"Quincy, IL-MO Micro Area",2012,30703,46077,21897.0,37207.0,57826.0,84372.0
39500,"Quincy, IL-MO Micro Area",2013,30647,41349,15250.0,32856.0,51530.0,79379.0
39500,"Quincy, IL-MO Micro Area",2014,31347,45337,20367.0,36954.0,54433.0,81806.0
39500,"Quincy, IL-MO Micro Area",2015,30421,46854,21801.0,36288.0,56890.0,84740.0
39500,"Quincy, IL-MO Micro Area",2016,30899,50753,22740.0,41134.0,60931.0,98352.0
39500,"Quincy, IL-MO Micro Area",2017,30305,48710,21615.0,38424.0,60632.0,101623.0
39500,"Quincy, IL-MO Micro Area",2018,30277,54948,24535.0,44508.0,69375.0,97337.0
39500,"Quincy, IL-MO Micro Area",2019,30178,53334,26940.0,44275.0,69099.0,97263.0
39500,"Quincy, IL-MO Micro Area",2021,30610,57020,25387.0,42784.0,69859.0,101673.0
39500,"Quincy, IL-MO Micro Area",2022,32163,59825,23290.0,45883.0,72350.0,118399.0
39500,"Quincy, IL-MO Micro Area",2023,30888,61447,25827.0,48620.0,77590.0,117579.0
39500,"Quincy, IL-MO Micro Area",2024,30911,68315,29794.0,55351.0,81918.0,125087.0
39540,"Racine, WI Metro Area",2005,74839,50465,,,,
39540,"Racine, WI Metro Area",2006,75154,50758,22082.0,40116.0,61151.0,90256.0
39540,"Racine, WI Metro Area",2007,74524,51375,23184.0,40723.0,61788.0,92839.0
39540,"Racine, WI Metro Area",2008,75062,54541,25700.0,44651.0,65270.0,100419.0
39540,"Racine, WI Metro Area",2009,76016,51743,23357.0,40359.0,62577.0,94580.0
39540,"Racine, WI Metro Area",2010,74808,51377,20566.0,37681.0,62475.0,96194.0
39540,"Racine, WI Metro Area",2011,75903,52582,24385.0,42394.0,64522.0,96125.0
39540,"Racine, WI Metro Area",2012,75752,51904,22580.0,41567.0,62788.0,98533.0
39540,"Racine, WI Metro Area",2013,72057,54209,23848.0,43532.0,67701.0,106126.0
39540,"Racine, WI Metro Area",2014,75876,54525,23500.0,45762.0,66522.0,100746.0
39540,"Racine, WI Metro Area",2015,74960,57232,24739.0,47683.0,72986.0,106947.0
39540,"Racine, WI Metro Area",2016,75921,55706,24261.0,44016.0,67111.0,102037.0
39540,"Racine, WI Metro Area",2017,77473,60897,25055.0,48638.0,77985.0,121083.0
39540,"Racine, WI Metro Area",2018,76808,59759,24673.0,47455.0,74998.0,115906.0
39540,"Racine, WI Metro Area",2019,78905,60779,25670.0,47948.0,78342.0,122713.0
39540,"Racine, WI Metro Area",2021,79068,68758,30785.0,55671.0,82642.0,125997.0
39540,"Racine, WI Metro Area",2022,78571,71788,33002.0,59941.0,86619.0,133150.0
39540,"Racine-Mount Pleasant, WI Metro Area",2023,79066,73978,33858.0,60841.0,89953.0,133560.0
39540,"Racine-Mount Pleasant, WI Metro Area",2024,83022,77830,34736.0,60728.0,93849.0,152552.0
39580,"Raleigh-Cary, NC Metro Area",2005,360906,53216,,,,
39580,"Raleigh-Cary, NC Metro Area",2006,369171,56150,25093.0,44877.0,70309.0,106102.0
39580,"Raleigh-Cary, NC Metro Area",2007,393260,58111,26740.0,46151.0,71662.0,112585.0
39580,"Raleigh-Cary, NC Metro Area",2008,401412,61862,28593.0,50048.0,76275.0,117981.0
39580,"Raleigh-Cary, NC Metro Area",2009,409166,59316,27101.0,47833.0,73868.0,113936.0
39580,"Raleigh-Cary, NC Metro Area",2010,421955,57840,25222.0,46168.0,71310.0,110261.0
39580,"Raleigh-Cary, NC Metro Area",2011,425406,59197,26305.0,46912.0,73383.0,117228.0
39580,"Raleigh-Cary, NC Metro Area",2012,441987,60319,27145.0,47926.0,75407.0,117352.0
39580,"Raleigh, NC Metro Area",2013,449589,61710,27990.0,49237.0,76472.0,118581.0
39580,"Raleigh, NC Metro Area",2014,457547,62313,26870.0,49369.0,79124.0,123888.0
39580,"Raleigh, NC Metro Area",2015,470527,65778,30012.0,52189.0,81067.0,126241.0
39580,"Raleigh, NC Metro Area",2016,477920,71685,31873.0,56033.0,86938.0,132092.0
39580,"Raleigh, NC Metro Area",2017,493879,72576,33671.0,58946.0,90668.0,137485.0
39580,"Raleigh, NC Metro Area",2018,504854,75165,34676.0,60681.0,92555.0,144176.0
39580,"Raleigh-Cary, NC Metro Area",2019,519648,80096,34644.0,62012.0,98617.0,151238.0
39580,"Raleigh-Cary, NC Metro Area",2021,548713,85303,34825.0,67045.0,104142.0,164551.0
39580,"Raleigh-Cary, NC Metro Area",2022,559173,92739,41758.0,72711.0,113749.0,177923.0
39580,"Raleigh-Cary, NC Metro Area",2023,600306,96096,42749.0,76623.0,120621.0,189131.0
39580,"Raleigh-Cary, NC Metro Area",2024,623704,102144,46292.0,80198.0,124537.0,197719.0
39660,"Rapid City, SD Metro Area",2005,47292,41828,,,,
39660,"Rapid City, SD Metro Area",2006,47127,44214,18623.0,35452.0,52717.0,79713.0
39660,"Rapid City, SD Metro Area",2007,47930,44449,23130.0,36634.0,51210.0,78329.0
39660,"Rapid City, SD Metro Area",2008,50824,44770,21933.0,36540.0,55578.0,79806.0
39660,"Rapid City, SD Metro Area",2009,49151,46243,22361.0,38154.0,54420.0,82207.0
39660,"Rapid City, SD Metro Area",2010,51016,47074,21744.0,37101.0,58262.0,89247.0
39660,"Rapid City, SD Metro Area",2011,49819,50364,22501.0,38675.0,60871.0,88438.0
39660,"Rapid City, SD Metro Area",2012,50646,50383,24053.0,41123.0,60843.0,91864.0
39660,"Rapid City, SD Metro Area",2013,55969,48641,22416.0,40284.0,60383.0,90977.0
39660,"Rapid City, SD Metro Area",2014,56274,49808,23658.0,40352.0,60858.0,92807.0
39660,"Rapid City, SD Metro Area",2015,58598,52809,23955.0,44038.0,65227.0,95100.0
39660,"Rapid City, SD Metro Area",2016,56614,51097,21357.0,41226.0,61730.0,92805.0
39660,"Rapid City, SD Metro Area",2017,58171,56318,23574.0,44632.0,67920.0,100256.0
39660,"Rapid City, SD Metro Area",2018,58509,59833,27805.0,47348.0,72111.0,103300.0
39660,"Rapid City, SD Metro Area",2019,56456,58361,23361.0,46518.0,72241.0,112591.0
39660,"Rapid City, SD Metro Area",2021,57532,63342,27737.0,51138.0,74901.0,115678.0
39660,"Rapid City, SD Metro Area",2022,59768,67468,28552.0,52925.0,79803.0,117266.0
39660,"Rapid City, SD Metro Area",2023,65028,77164,35849.0,61611.0,93434.0,133611.0
39660,"Rapid City, SD Metro Area",2024,63791,78056,40385.0,60900.0,95549.0,148150.0
39740,"Reading, PA Metro Area",2005,149068,50871,,,,
39740,"Reading, PA Metro Area",2006,151380,50039,23155.0,40809.0,59125.0,87765.0
39740,"Reading, PA Metro Area",2007,148639,52787,23223.0,41632.0,64182.0,93648.0
39740,"Reading, PA Metro Area",2008,150091,54616,24614.0,43543.0,65922.0,96821.0
39740,"Reading, PA Metro Area",2009,150942,53485,24733.0,42625.0,64045.0,95656.0
39740,"Reading, PA Metro Area",2010,155329,51759,21938.0,40136.0,62751.0,97505.0
39740,"Reading, PA Metro Area",2011,155425,52307,22959.0,42723.0,64916.0,97669.0
39740,"Reading, PA Metro Area",2012,151291,52022,21983.0,42103.0,64023.0,97724.0
39740,"Reading, PA Metro Area",2013,153271,56043,22783.0,43386.0,70766.0,106548.0
39740,"Reading, PA Metro Area",2014,152908,56059,23373.0,43544.0,68298.0,103855.0
39740,"Reading, PA Metro Area",2015,151792,56122,23102.0,45141.0,68956.0,104166.0
39740,"Reading, PA Metro Area",2016,150402,59286,25610.0,46950.0,74384.0,111868.0
39740,"Reading, PA Metro Area",2017,155154,61058,26684.0,49377.0,74754.0,113197.0
39740,"Reading, PA Metro Area",2018,157006,62564,27247.0,51233.0,78249.0,119845.0
39740,"Reading, PA Metro Area",2019,154696,67708,30521.0,52567.0,82377.0,123644.0
39740,"Reading, PA Metro Area",2021,164312,68658,28838.0,55537.0,84040.0,132972.0
39740,"Reading, PA Metro Area",2022,162183,72070,30711.0,60014.0,88398.0,139733.0
39740,"Reading, PA Metro Area",2023,163307,75675,31947.0,60216.0,93816.0,141303.0
39740,"Reading, PA Metro Area",2024,165017,78074,32371.0,60976.0,98079.0,147081.0
39780,"Red Bluff, CA Micro Area",2019,25310,53475,20426.0,40160.0,70012.0,113801.0
39780,"Red Bluff, CA Micro Area",2021,23950,48810,16703.0,36854.0,60926.0,101066.0
39780,"Red Bluff, CA Micro Area",2022,24625,58884,24813.0,47165.0,75422.0,112280.0
39820,"Redding, CA Metro Area",2005,68152,42227,,,,
39820,"Redding, CA Metro Area",2006,68385,44120,18238.0,35384.0,53205.0,81226.0
39820,"Redding, CA Metro Area",2007,69474,41901,19952.0,33667.0,55209.0,79577.0
39820,"Redding, CA Metro Area",2008,70067,42065,15728.0,32890.0,52876.0,82825.0
39820,"Redding, CA Metro Area",2009,69738,42889,18934.0,35038.0,53846.0,84696.0
39820,"Redding, CA Metro Area",2010,67909,41023,17874.0,32972.0,50766.0,79266.0
39820,"Redding, CA Metro Area",2011,69102,42062,17036.0,32492.0,51961.0,83261.0
39820,"Redding, CA Metro Area",2012,68165,45442,20312.0,36815.0,55488.0,89028.0
39820,"Redding, CA Metro Area",2013,69729,40332,18064.0,31435.0,50735.0,82081.0
39820,"Redding, CA Metro Area",2014,68542,43706,19459.0,34808.0,56145.0,88775.0
39820,"Redding, CA Metro Area",2015,69799,46693,19628.0,36950.0,59268.0,92661.0
39820,"Redding, CA Metro Area",2016,72095,46724,19811.0,36720.0,58675.0,91236.0
39820,"Redding, CA Metro Area",2017,71968,52439,20791.0,41603.0,66256.0,105132.0
39820,"Redding, CA Metro Area",2018,68198,56280,22332.0,44256.0,70513.0,114561.0
39820,"Redding, CA Metro Area",2019,72714,63091,23004.0,47606.0,79237.0,124020.0
39820,"Redding, CA Metro Area",2021,71506,61125,25320.0,49319.0,78099.0,119349.0
39820,"Redding, CA Metro Area",2022,71213,68276,25307.0,52753.0,83045.0,123866.0
39820,"Redding, CA Metro Area",2023,72320,75949,30837.0,58487.0,91936.0,145537.0
39820,"Redding, CA Metro Area",2024,72380,71140,28813.0,55036.0,86111.0,141695.0
39900,"Reno-Sparks, NV Metro Area",2005,154704,48974,,,,
39900,"Reno-Sparks, NV Metro Area",2006,157618,52297,23512.0,42099.0,65636.0,94678.0
39900,"Reno-Sparks, NV Metro Area",2007,158395,54322,27212.0,45613.0,66712.0,102193.0
39900,"Reno-Sparks, NV Metro Area",2008,157204,57673,25700.0,47386.0,70274.0,106842.0
39900,"Reno-Sparks, NV Metro Area",2009,159496,52737,22583.0,41977.0,65164.0,104103.0
39900,"Reno-Sparks, NV Metro Area",2010,164809,50699,21434.0,39065.0,62269.0,100956.0
39900,"Reno-Sparks, NV Metro Area",2011,162548,50768,22603.0,41033.0,62738.0,101004.0
39900,"Reno-Sparks, NV Metro Area",2012,165964,49108,19820.0,38170.0,61076.0,98464.0
39900,"Reno, NV Metro Area",2013,166432,53948,21087.0,41572.0,66657.0,106662.0
39900,"Reno, NV Metro Area",2014,168863,52728,21672.0,41488.0,65300.0,100165.0
39900,"Reno, NV Metro Area",2015,174571,56611,25281.0,44277.0,70357.0,107057.0
39900,"Reno, NV Metro Area",2016,176627,58056,25900.0,45724.0,72166.0,115755.0
39900,"Reno, NV Metro Area",2017,182846,61360,28688.0,50787.0,75672.0,117668.0
39900,"Reno, NV Metro Area",2018,187724,63466,30841.0,52192.0,77397.0,123640.0
39900,"Reno, NV Metro Area",2019,192402,72132,30965.0,58327.0,89126.0,131347.0
39900,"Reno, NV Metro Area",2021,199715,76182,32208.0,61956.0,95089.0,143242.0
39900,"Reno, NV Metro Area",2022,200436,80333,35732.0,64485.0,98734.0,147971.0
39900,"Reno, NV Metro Area",2023,227132,83759,38546.0,68433.0,103185.0,156091.0
39900,"Reno, NV Metro Area",2024,234814,89159,38091.0,71757.0,107050.0,168823.0
39940,"Rexburg, ID Micro Area",2021,17186,59729,26984.0,48358.0,69038.0,116229.0
39940,"Rexburg, ID Micro Area",2022,18181,50370,24789.0,41792.0,59398.0,93588.0
39940,"Rexburg, ID Micro Area",2023,18854,59033,24100.0,45533.0,71992.0,114748.0
39940,"Rexburg, ID Micro Area",2024,20268,56390,29654.0,48566.0,76056.0,118361.0
39980,"Richmond, IN Micro Area",2005,27003,34384,,,,
39980,"Richmond, IN Micro Area",2006,27476,40183,18327.0,31865.0,48424.0,72833.0
39980,"Richmond, IN Micro Area",2007,27947,39082,16453.0,31907.0,48674.0,75828.0
39980,"Richmond, IN Micro Area",2008,26872,41453,18017.0,32592.0,51156.0,73326.0
39980,"Richmond, IN Micro Area",2009,27958,39598,15657.0,31485.0,46638.0,71727.0
39980,"Richmond, IN Micro Area",2010,28374,36079,15734.0,27406.0,44575.0,70711.0
39980,"Richmond, IN Micro Area",2011,28274,36358,16807.0,28791.0,43858.0,71758.0
39980,"Richmond, IN Micro Area",2012,27849,33385,13620.0,26184.0,41264.0,68625.0
39980,"Richmond, IN Micro Area",2013,27425,34745,15321.0,27378.0,47089.0,73914.0
39980,"Richmond, IN Micro Area",2014,26937,41204,16543.0,31400.0,51324.0,79775.0
39980,"Richmond, IN Micro Area",2015,24238,42160,19719.0,32567.0,51014.0,82548.0
39980,"Richmond, IN Micro Area",2016,26538,43401,19309.0,35799.0,55310.0,84142.0
39980,"Richmond, IN Micro Area",2017,26521,45017,20479.0,33205.0,57033.0,89535.0
39980,"Richmond, IN Micro Area",2018,28338,44928,22087.0,36432.0,51971.0,81863.0
39980,"Richmond, IN Micro Area",2019,27561,47944,22483.0,39640.0,59563.0,87343.0
39980,"Richmond, IN Micro Area",2021,26452,50138,18009.0,41194.0,60515.0,90027.0
39980,"Richmond, IN Micro Area",2022,27536,49024,21655.0,38920.0,63924.0,97996.0
39980,"Richmond, IN Micro Area",2023,26843,51798,20327.0,41551.0,68363.0,99242.0
39980,"Richmond, IN Micro Area",2024,26771,50363,21147.0,39887.0,61893.0,102947.0
40060,"Richmond, VA Metro Area",2005,454988,52524,,,,
40060,"Richmond, VA Metro Area",2006,458695,53416,25053.0,43362.0,65986.0,100212.0
40060,"Richmond, VA Metro Area",2007,469044,56739,26305.0,46203.0,68205.0,102572.0
40060,"Richmond, VA Metro Area",2008,467002,58662,26053.0,47014.0,72234.0,109628.0
40060,"Richmond, VA Metro Area",2009,468076,55609,25168.0,44843.0,68151.0,105079.0
40060,"Richmond, VA Metro Area",2010,475685,55325,25396.0,44492.0,69801.0,107264.0
40060,"Richmond, VA Metro Area",2011,474191,54798,24529.0,44918.0,69538.0,107086.0
40060,"Richmond, VA Metro Area",2012,476759,56769,25104.0,45516.0,69871.0,108917.0
40060,"Richmond, VA Metro Area",2013,467399,57286,24280.0,45522.0,70477.0,110519.0
40060,"Richmond, VA Metro Area",2014,474003,60936,26546.0,49084.0,75910.0,115542.0
40060,"Richmond, VA Metro Area",2015,483127,60713,26323.0,47539.0,75756.0,119924.0
40060,"Richmond, VA Metro Area",2016,486877,62929,27601.0,50348.0,79034.0,121660.0
40060,"Richmond, VA Metro Area",2017,481559,67633,29270.0,53575.0,83603.0,128227.0
40060,"Richmond, VA Metro Area",2018,497416,67703,29033.0,53406.0,83387.0,127721.0
40060,"Richmond, VA Metro Area",2019,491891,68324,30350.0,54206.0,86168.0,136681.0
40060,"Richmond, VA Metro Area",2021,521067,74151,31223.0,58355.0,92154.0,145964.0
40060,"Richmond, VA Metro Area",2022,538478,81388,34223.0,64590.0,102171.0,156184.0
40060,"Richmond, VA Metro Area",2023,536542,84332,38750.0,68561.0,104457.0,160993.0
40060,"Richmond, VA Metro Area",2024,554412,83460,37642.0,66440.0,105269.0,167986.0
40080,"Richmond-Berea, KY Micro Area",2005,35814,35159,,,,
40080,"Richmond-Berea, KY Micro Area",2006,35081,35922,13299.0,27774.0,44175.0,73356.0
40080,"Richmond-Berea, KY Micro Area",2007,34665,35505,13371.0,28092.0,46356.0,74832.0
40080,"Richmond-Berea, KY Micro Area",2008,35928,39131,14013.0,30669.0,52884.0,80713.0
40080,"Richmond-Berea, KY Micro Area",2009,37110,38628,15933.0,30067.0,49862.0,78254.0
40080,"Richmond-Berea, KY Micro Area",2010,37878,40866,15171.0,31919.0,51025.0,80975.0
40080,"Richmond-Berea, KY Micro Area",2011,37723,37130,11667.0,28030.0,45593.0,75090.0
40080,"Richmond-Berea, KY Micro Area",2012,37098,35206,15198.0,27627.0,47033.0,77303.0
40080,"Richmond-Berea, KY Micro Area",2013,39116,42366,17196.0,35022.0,52305.0,83510.0
40080,"Richmond-Berea, KY Micro Area",2014,39682,42027,15929.0,31337.0,54333.0,90795.0
40080,"Richmond-Berea, KY Micro Area",2015,38730,41899,16670.0,34645.0,52457.0,84499.0
40080,"Richmond-Berea, KY Micro Area",2016,39499,43687,15981.0,32222.0,53206.0,87635.0
40080,"Richmond-Berea, KY Micro Area",2017,39736,49610,18527.0,37126.0,61354.0,96338.0
40080,"Richmond-Berea, KY Micro Area",2018,39908,50333,19926.0,37722.0,61516.0,100572.0
40080,"Richmond-Berea, KY Micro Area",2019,39462,47540,18327.0,33714.0,58323.0,93449.0
40080,"Richmond-Berea, KY Micro Area",2021,41825,51237,22025.0,39775.0,66997.0,104620.0
40080,"Richmond-Berea, KY Micro Area",2022,43996,55171,26081.0,43836.0,71146.0,110760.0
40080,"Richmond-Berea, KY Micro Area",2023,50352,62323,25896.0,48734.0,75604.0,114317.0
40080,"Richmond-Berea, KY Micro Area",2024,51475,60365,22168.0,47246.0,75157.0,117569.0
40090,"Rifle, CO Micro Area",2023,31304,98105,45144.0,82925.0,112323.0,185547.0
40090,"Rifle, CO Micro Area",2024,32813,91683,45285.0,74103.0,113870.0,164119.0
40100,"Rio Grande City-Roma, TX Micro Area",2021,19460,33367,10648.0,22420.0,44709.0,76930.0
40100,"Rio Grande City-Roma, TX Micro Area",2022,19082,33871,11729.0,25948.0,40119.0,82489.0
40100,"Rio Grande City-Roma, TX Micro Area",2023,19004,41566,16928.0,27190.0,54252.0,99644.0
40100,"Rio Grande City-Roma, TX Micro Area",2024,20099,32157,13148.0,22443.0,44516.0,78387.0
40140,"Riverside-San Bernardino-Ontario, CA Metro Area",2005,1211929,50756,,,,
40140,"Riverside-San Bernardino-Ontario, CA Metro Area",2006,1235889,53243,23899.0,42970.0,64941.0,99547.0
40140,"Riverside-San Bernardino-Ontario, CA Metro Area",2007,1242312,57298,25499.0,45869.0,70671.0,106106.0
40140,"Riverside-San Bernardino-Ontario, CA Metro Area",2008,1227804,56472,24672.0,45003.0,70006.0,105834.0
40140,"Riverside-San Bernardino-Ontario, CA Metro Area",2009,1241712,53815,22987.0,42846.0,66759.0,103010.0
40140,"Riverside-San Bernardino-Ontario, CA Metro Area",2010,1265050,53548,23019.0,42236.0,66371.0,101924.0
40140,"Riverside-San Bernardino-Ontario, CA Metro Area",2011,1294496,52042,21856.0,41125.0,65139.0,102438.0
40140,"Riverside-San Bernardino-Ontario, CA Metro Area",2012,1285948,51695,21708.0,41081.0,64490.0,101074.0
40140,"Riverside-San Bernardino-Ontario, CA Metro Area",2013,1297675,53220,22429.0,42184.0,66493.0,104511.0
40140,"Riverside-San Bernardino-Ontario, CA Metro Area",2014,1317650,54586,22298.0,42471.0,68433.0,106741.0
40140,"Riverside-San Bernardino-Ontario, CA Metro Area",2015,1343526,56087,23835.0,44329.0,70185.0,108339.0
40140,"Riverside-San Bernardino-Ontario, CA Metro Area",2016,1348213,58236,24267.0,45775.0,72524.0,113223.0
40140,"Riverside-San Bernardino-Ontario, CA Metro Area",2017,1344956,61994,26130.0,49402.0,77468.0,120684.0
40140,"Riverside-San Bernardino-Ontario, CA Metro Area",2018,1366750,65671,26640.0,51492.0,81249.0,126149.0
40140,"Riverside-San Bernardino-Ontario, CA Metro Area",2019,1379706,70954,30273.0,56222.0,86690.0,132668.0
40140,"Riverside-San Bernardino-Ontario, CA Metro Area",2021,1441602,77018,32472.0,61555.0,94455.0,142132.0
40140,"Riverside-San Bernardino-Ontario, CA Metro Area",2022,1443666,82803,34976.0,65997.0,102006.0,154578.0
40140,"Riverside-San Bernardino-Ontario, CA Metro Area",2023,1474564,87843,36451.0,70014.0,106089.0,163877.0
40140,"Riverside-San Bernardino-Ontario, CA Metro Area",2024,1484661,91013,39790.0,72032.0,111208.0,170622.0
40220,"Roanoke, VA Metro Area",2005,120962,41526,,,,
40220,"Roanoke, VA Metro Area",2006,122394,45825,21314.0,35828.0,54838.0,82087.0
40220,"Roanoke, VA Metro Area",2007,127562,46896,21030.0,38851.0,58257.0,86718.0
40220,"Roanoke, VA Metro Area",2008,127825,46441,19534.0,37262.0,58918.0,89456.0
40220,"Roanoke, VA Metro Area",2009,124873,46326,21562.0,38355.0,56794.0,83442.0
40220,"Roanoke, VA Metro Area",2010,129280,45569,20701.0,36700.0,56513.0,88141.0
40220,"Roanoke, VA Metro Area",2011,124612,50246,22564.0,40210.0,60605.0,92126.0
40220,"Roanoke, VA Metro Area",2012,129023,46974,19751.0,36281.0,57383.0,88597.0
40220,"Roanoke, VA Metro Area",2013,128318,47890,20743.0,38075.0,59655.0,92889.0
40220,"Roanoke, VA Metro Area",2014,129528,51318,21841.0,41060.0,62764.0,94671.0
40220,"Roanoke, VA Metro Area",2015,127273,50571,23019.0,40872.0,61442.0,94122.0
40220,"Roanoke, VA Metro Area",2016,127319,50551,21504.0,40014.0,62231.0,98304.0
40220,"Roanoke, VA Metro Area",2017,130863,54233,20891.0,43476.0,66918.0,101410.0
40220,"Roanoke, VA Metro Area",2018,126687,55151,22805.0,44596.0,71380.0,111176.0
40220,"Roanoke, VA Metro Area",2019,126469,60471,24418.0,48573.0,73634.0,112860.0
40220,"Roanoke, VA Metro Area",2021,131211,59630,23980.0,46696.0,76019.0,118349.0
40220,"Roanoke, VA Metro Area",2022,133108,64596,26535.0,50476.0,79156.0,122834.0
40220,"Roanoke, VA Metro Area",2023,134105,65537,29382.0,51684.0,80403.0,124462.0
40220,"Roanoke, VA Metro Area",2024,132167,72557,31206.0,59308.0,89921.0,133703.0
40260,"Roanoke Rapids, NC Micro Area",2005,29248,29388,,,,
40260,"Roanoke Rapids, NC Micro Area",2006,29903,26349,10048.0,19496.0,32848.0,55939.0
40260,"Roanoke Rapids, NC Micro Area",2007,28245,28423,11464.0,21352.0,38401.0,65858.0
40260,"Roanoke Rapids, NC Micro Area",2008,28663,29951,15437.0,23800.0,40559.0,66238.0
40260,"Roanoke Rapids, NC Micro Area",2009,29918,29102,11543.0,21473.0,38697.0,64965.0
40260,"Roanoke Rapids, NC Micro Area",2010,29975,30888,12800.0,23953.0,40415.0,67013.0
40260,"Roanoke Rapids, NC Micro Area",2011,31877,30728,12967.0,24871.0,38197.0,61956.0
40260,"Roanoke Rapids, NC Micro Area",2012,29081,29930,10428.0,22530.0,39932.0,64789.0
40260,"Roanoke Rapids, NC Micro Area",2013,29579,31053,10357.0,23413.0,39054.0,63238.0
40260,"Roanoke Rapids, NC Micro Area",2014,28010,30834,13133.0,23169.0,39093.0,71490.0
40260,"Roanoke Rapids, NC Micro Area",2015,28239,31115,12230.0,24512.0,40435.0,76427.0
40260,"Roanoke Rapids, NC Micro Area",2016,30670,33866,15604.0,27959.0,39398.0,67250.0
40260,"Roanoke Rapids, NC Micro Area",2017,29439,33645,12141.0,26036.0,45571.0,67716.0
40260,"Roanoke Rapids, NC Micro Area",2018,27118,37027,15360.0,30683.0,45002.0,71760.0
40260,"Roanoke Rapids, NC Micro Area",2019,28652,41044,14699.0,29659.0,50410.0,84349.0
40260,"Roanoke Rapids, NC Micro Area",2021,27397,35618,13432.0,26657.0,44376.0,78813.0
40260,"Roanoke Rapids, NC Micro Area",2022,28787,46830,18149.0,35546.0,57524.0,90641.0
40260,"Roanoke Rapids, NC Micro Area",2024,29776,49275,16121.0,37166.0,66963.0,107511.0
40340,"Rochester, MN Metro Area",2005,68992,56781,,,,
40340,"Rochester, MN Metro Area",2006,70613,60189,28454.0,48565.0,70460.0,102321.0
40340,"Rochester, MN Metro Area",2007,71828,58743,27810.0,48199.0,71453.0,103704.0
40340,"Rochester, MN Metro Area",2008,71851,63842,30117.0,52004.0,76425.0,110720.0
40340,"Rochester, MN Metro Area",2009,72201,62465,28062.0,50189.0,74573.0,110478.0
40340,"Rochester, MN Metro Area",2010,72998,59702,27191.0,48296.0,73605.0,109848.0
40340,"Rochester, MN Metro Area",2011,73410,65564,28457.0,52198.0,79972.0,117410.0
40340,"Rochester, MN Metro Area",2012,73900,63733,28645.0,51303.0,76687.0,110600.0
40340,"Rochester, MN Metro Area",2013,82956,62645,28550.0,50597.0,78001.0,117080.0
40340,"Rochester, MN Metro Area",2014,83812,66214,30311.0,54972.0,81636.0,120422.0
40340,"Rochester, MN Metro Area",2015,83418,65627,28572.0,53072.0,79062.0,120740.0
40340,"Rochester, MN Metro Area",2016,85948,70078,30796.0,54509.0,82110.0,125596.0
40340,"Rochester, MN Metro Area",2017,85994,71985,32190.0,59799.0,87031.0,130734.0
40340,"Rochester, MN Metro Area",2018,88644,72129,33168.0,56567.0,89591.0,130584.0
40340,"Rochester, MN Metro Area",2019,92282,75926,35613.0,61648.0,95439.0,141769.0
40340,"Rochester, MN Metro Area",2021,90956,80434,36476.0,66084.0,99378.0,149371.0
40340,"Rochester, MN Metro Area",2022,95252,85369,39544.0,69335.0,104551.0,157875.0
40340,"Rochester, MN Metro Area",2023,92141,85213,40482.0,67680.0,105239.0,163391.0
40340,"Rochester, MN Metro Area",2024,94844,90584,43359.0,72159.0,112715.0,171884.0
40380,"Rochester, NY Metro Area",2005,402660,46074,,,,
40380,"Rochester, NY Metro Area",2006,397836,47749,20582.0,37717.0,58382.0,90191.0
40380,"Rochester, NY Metro Area",2007,399705,50493,20534.0,40132.0,61870.0,93248.0
40380,"Rochester, NY Metro Area",2008,398469,52382,22008.0,41109.0,63500.0,97090.0
40380,"Rochester, NY Metro Area",2009,405429,50346,22027.0,40087.0,62225.0,94260.0
40380,"Rochester, NY Metro Area",2010,414096,50211,21276.0,40002.0,61640.0,95174.0
40380,"Rochester, NY Metro Area",2011,418779,50579,20974.0,39669.0,62651.0,96533.0
40380,"Rochester, NY Metro Area",2012,419798,50701,21176.0,40458.0,62223.0,98858.0
40380,"Rochester, NY Metro Area",2013,425603,51857,21728.0,40753.0,63890.0,100514.0
40380,"Rochester, NY Metro Area",2014,428750,51086,22114.0,40086.0,63904.0,100497.0
40380,"Rochester, NY Metro Area",2015,427520,53667,22394.0,42595.0,67604.0,105398.0
40380,"Rochester, NY Metro Area",2016,430873,55134,23364.0,43730.0,68752.0,106693.0
40380,"Rochester, NY Metro Area",2017,433400,56969,23080.0,44309.0,70902.0,110246.0
40380,"Rochester, NY Metro Area",2018,430682,60190,24006.0,46788.0,74860.0,116677.0
40380,"Rochester, NY Metro Area",2019,437296,62104,25761.0,49796.0,77393.0,120908.0
40380,"Rochester, NY Metro Area",2021,454044,66516,28575.0,53567.0,81578.0,127364.0
40380,"Rochester, NY Metro Area",2022,456391,69580,27902.0,53620.0,86205.0,136935.0
40380,"Rochester, NY Metro Area",2023,446704,73294,31571.0,58112.0,91840.0,140807.0
40380,"Rochester, NY Metro Area",2024,449215,76453,31326.0,60254.0,95328.0,150546.0
40420,"Rockford, IL Metro Area",2005,126138,44809,,,,
40420,"Rockford, IL Metro Area",2006,125340,45473,19240.0,36352.0,56112.0,85695.0
40420,"Rockford, IL Metro Area",2007,129361,49691,20448.0,38315.0,61075.0,89914.0
40420,"Rockford, IL Metro Area",2008,127576,49754,21445.0,39150.0,61129.0,91061.0
40420,"Rockford, IL Metro Area",2009,132323,45728,18931.0,36369.0,59894.0,88990.0
40420,"Rockford, IL Metro Area",2010,129937,45457,18661.0,35673.0,57037.0,86679.0
40420,"Rockford, IL Metro Area",2011,129301,45191,18318.0,34806.0,56122.0,86712.0
40420,"Rockford, IL Metro Area",2012,130401,50647,20749.0,39469.0,62013.0,91795.0
40420,"Rockford, IL Metro Area",2013,131292,48027,20910.0,38881.0,59806.0,91413.0
40420,"Rockford, IL Metro Area",2014,133136,48385,20340.0,37454.0,60091.0,93163.0
40420,"Rockford, IL Metro Area",2015,132190,51036,22451.0,41643.0,62661.0,96028.0
40420,"Rockford, IL Metro Area",2016,133670,50324,21973.0,39825.0,61740.0,97036.0
40420,"Rockford, IL Metro Area",2017,132479,55484,24103.0,45639.0,66959.0,103116.0
40420,"Rockford, IL Metro Area",2018,133049,55829,23060.0,43205.0,69912.0,108702.0
40420,"Rockford, IL Metro Area",2019,133538,61078,24996.0,47422.0,74080.0,117530.0
40420,"Rockford, IL Metro Area",2021,134008,56746,24577.0,44697.0,73158.0,112475.0
40420,"Rockford, IL Metro Area",2022,134011,65805,28090.0,52088.0,81197.0,127713.0
40420,"Rockford, IL Metro Area",2023,135255,66960,29143.0,53336.0,80705.0,128206.0
40420,"Rockford, IL Metro Area",2024,137941,70111,29501.0,54723.0,85427.0,131684.0
40580,"Rocky Mount, NC Metro Area",2005,56821,33870,,,,
40580,"Rocky Mount, NC Metro Area",2006,56322,35933,15009.0,29779.0,44154.0,71625.0
40580,"Rocky Mount, NC Metro Area",2007,58577,41037,15102.0,31850.0,49380.0,79062.0
40580,"Rocky Mount, NC Metro Area",2008,59421,39201,13361.0,30371.0,51053.0,84941.0
40580,"Rocky Mount, NC Metro Area",2009,60465,36420,14733.0,28908.0,43841.0,72262.0
40580,"Rocky Mount, NC Metro Area",2010,59832,38077,15718.0,31245.0,49194.0,76668.0
40580,"Rocky Mount, NC Metro Area",2011,57369,39765,17026.0,30924.0,49894.0,76786.0
40580,"Rocky Mount, NC Metro Area",2012,55868,37319,14731.0,29378.0,46465.0,72961.0
40580,"Rocky Mount, NC Metro Area",2013,58462,36949,16512.0,30197.0,48305.0,74828.0
40580,"Rocky Mount, NC Metro Area",2014,58714,40407,15916.0,29519.0,47701.0,73350.0
40580,"Rocky Mount, NC Metro Area",2015,57450,37324,15313.0,29549.0,48537.0,80221.0
40580,"Rocky Mount, NC Metro Area",2016,56153,38972,14289.0,31047.0,51008.0,84425.0
40580,"Rocky Mount, NC Metro Area",2017,57083,42784,15540.0,31232.0,52226.0,80993.0
40580,"Rocky Mount, NC Metro Area",2018,58844,46733,19824.0,38558.0,59999.0,94291.0
40580,"Rocky Mount, NC Metro Area",2019,58531,46466,19844.0,36470.0,57335.0,91136.0
40580,"Rocky Mount, NC Metro Area",2021,56840,51769,21408.0,39705.0,66434.0,102669.0
40580,"Rocky Mount, NC Metro Area",2022,58696,53896,23757.0,42564.0,64311.0,111070.0
40580,"Rocky Mount, NC Metro Area",2023,59997,61388,24071.0,50110.0,73679.0,111478.0
40580,"Rocky Mount, NC Metro Area",2024,62120,57802,26474.0,47354.0,71902.0,115302.0
40660,"Rome, GA Metro Area",2005,35445,35980,,,,
40660,"Rome, GA Metro Area",2006,34763,37882,14849.0,28698.0,48315.0,77771.0
40660,"Rome, GA Metro Area",2007,33472,42972,14722.0,31817.0,50600.0,75510.0
40660,"Rome, GA Metro Area",2008,35247,41618,18977.0,33139.0,51404.0,85333.0
40660,"Rome, GA Metro Area",2009,34566,38957,16563.0,30687.0,49821.0,74786.0
40660,"Rome, GA Metro Area",2010,35634,36934,15970.0,28745.0,47615.0,72513.0
40660,"Rome, GA Metro Area",2011,34919,40963,15352.0,30829.0,50735.0,80922.0
40660,"Rome, GA Metro Area",2012,34373,37841,14886.0,29081.0,48252.0,80814.0
40660,"Rome, GA Metro Area",2013,33099,37296,14546.0,29743.0,48156.0,79172.0
40660,"Rome, GA Metro Area",2014,36177,41752,16105.0,32976.0,52649.0,87612.0
40660,"Rome, GA Metro Area",2015,34931,40510,17109.0,32004.0,50366.0,88970.0
40660,"Rome, GA Metro Area",2016,35411,49865,23419.0,37488.0,60555.0,89625.0
40660,"Rome, GA Metro Area",2017,36927,45854,20156.0,34277.0,58079.0,89874.0
40660,"Rome, GA Metro Area",2018,34672,38462,17454.0,31405.0,53501.0,91723.0
40660,"Rome, GA Metro Area",2019,35443,50880,21658.0,38395.0,62523.0,100613.0
40660,"Rome, GA Metro Area",2021,35417,60825,26510.0,48688.0,68951.0,115076.0
40660,"Rome, GA Metro Area",2022,38087,56420,23294.0,44945.0,72038.0,121444.0
40660,"Rome, GA Metro Area",2023,37835,62098,24241.0,49170.0,76687.0,123720.0
40660,"Rome, GA Metro Area",2024,36462,66459,30380.0,51844.0,81534.0,137059.0
40700,"Roseburg, OR Micro Area",2005,41865,36576,,,,
40700,"Roseburg, OR Micro Area",2006,42554,38222,17133.0,30696.0,46442.0,69773.0
40700,"Roseburg, OR Micro Area",2007,41824,38841,19462.0,32728.0,47433.0,72815.0
40700,"Roseburg, OR Micro Area",2008,40993,39285,18071.0,33924.0,47750.0,73540.0
40700,"Roseburg, OR Micro Area",2009,42259,39076,17444.0,31459.0,47973.0,74091.0
40700,"Roseburg, OR Micro Area",2010,44191,36510,17679.0,29624.0,43564.0,70416.0
40700,"Roseburg, OR Micro Area",2011,43401,38502,17342.0,31446.0,45813.0,75171.0
40700,"Roseburg, OR Micro Area",2012,43348,39757,17523.0,31286.0,50120.0,76857.0
40700,"Roseburg, OR Micro Area",2013,43389,40605,18631.0,32183.0,50657.0,75750.0
40700,"Roseburg, OR Micro Area",2014,43290,42000,17415.0,33624.0,53840.0,81478.0
40700,"Roseburg, OR Micro Area",2015,44046,41428,17508.0,33358.0,50875.0,79145.0
40700,"Roseburg, OR Micro Area",2016,43818,42889,18703.0,32468.0,53158.0,86062.0
40700,"Roseburg, OR Micro Area",2017,45379,47746,21799.0,38448.0,59314.0,92702.0
40700,"Roseburg, OR Micro Area",2018,45647,47004,22188.0,38597.0,59014.0,89703.0
40700,"Roseburg, OR Micro Area",2019,46186,48585,26394.0,41472.0,57479.0,91205.0
40700,"Roseburg, OR Micro Area",2021,45981,51166,18798.0,39411.0,63722.0,100491.0
40700,"Roseburg, OR Micro Area",2022,47263,54387,23474.0,44430.0,69213.0,116589.0
40700,"Roseburg, OR Micro Area",2023,47733,60889,25515.0,44557.0,78426.0,118338.0
40700,"Roseburg, OR Micro Area",2024,49106,60930,28627.0,50091.0,76862.0,114960.0
40740,"Roswell, NM Micro Area",2008,23568,33623,15980.0,29290.0,41156.0,66458.0
40740,"Roswell, NM Micro Area",2009,22276,35043,15639.0,26999.0,41759.0,61251.0
40740,"Roswell, NM Micro Area",2010,23859,34325,17305.0,28906.0,44517.0,72323.0
40740,"Roswell, NM Micro Area",2011,23447,36282,20584.0,31189.0,45761.0,78398.0
40740,"Roswell, NM Micro Area",2012,22944,42382,15774.0,33577.0,53044.0,85615.0
40740,"Roswell, NM Micro Area",2013,23806,45753,20322.0,33715.0,56560.0,84561.0
40740,"Roswell, NM Micro Area",2014,23747,39696,15961.0,31037.0,49167.0,85763.0
40740,"Roswell, NM Micro Area",2015,22665,38044,16779.0,27783.0,51269.0,81141.0
40740,"Roswell, NM Micro Area",2016,22516,40960,15321.0,28767.0,48474.0,80794.0
40740,"Roswell, NM Micro Area",2017,23002,44899,18902.0,36536.0,52944.0,79539.0
40740,"Roswell, NM Micro Area",2018,22616,43941,20560.0,35394.0,56202.0,81714.0
40740,"Roswell, NM Micro Area",2019,24671,42003,17422.0,33875.0,52498.0,91716.0
40780,"Russellville, AR Micro Area",2005,29513,31597,,,,
40780,"Russellville, AR Micro Area",2006,29320,36483,17515.0,27459.0,43152.0,68355.0
40780,"Russellville, AR Micro Area",2007,30255,37402,18985.0,31218.0,45613.0,76853.0
40780,"Russellville, AR Micro Area",2008,30360,40213,15286.0,31502.0,46180.0,70214.0
40780,"Russellville, AR Micro Area",2009,29026,37989,16943.0,30961.0,46478.0,72738.0
40780,"Russellville, AR Micro Area",2010,29950,38388,17135.0,29961.0,46084.0,73990.0
40780,"Russellville, AR Micro Area",2011,31478,35879,15171.0,28970.0,46078.0,69735.0
40780,"Russellville, AR Micro Area",2012,29533,41724,19773.0,32944.0,51353.0,80506.0
40780,"Russellville, AR Micro Area",2013,31676,37037,16385.0,30361.0,45668.0,74333.0
40780,"Russellville, AR Micro Area",2014,30488,38363,18287.0,32085.0,47061.0,77759.0
40780,"Russellville, AR Micro Area",2015,30171,36768,14966.0,30311.0,47856.0,76484.0
40780,"Russellville, AR Micro Area",2016,30654,39926,15790.0,30581.0,51161.0,86930.0
40780,"Russellville, AR Micro Area",2017,30132,44839,19268.0,34267.0,57025.0,92088.0
40780,"Russellville, AR Micro Area",2018,29267,43886,20505.0,36225.0,51493.0,78482.0
40780,"Russellville, AR Micro Area",2019,29438,44382,20176.0,35538.0,60677.0,102368.0
40780,"Russellville, AR Micro Area",2021,32502,44410,19529.0,34575.0,53991.0,86932.0
40780,"Russellville, AR Micro Area",2022,33013,58249,20978.0,42867.0,73774.0,108182.0
40780,"Russellville, AR Micro Area",2023,32342,56186,25482.0,47493.0,68537.0,102459.0
40780,"Russellville, AR Micro Area",2024,32843,60358,26174.0,49444.0,73137.0,114293.0
40900,"Sacramento--Arden-Arcade--Roseville, CA Metro Area",2005,745740,53890,,,,
40900,"Sacramento--Arden-Arcade--Roseville, CA Metro Area",2006,753246,56953,25121.0,45452.0,70700.0,107944.0
40900,"Sacramento--Arden-Arcade--Roseville, CA Metro Area",2007,766216,59694,26642.0,47842.0,73432.0,110498.0
40900,"Sacramento--Arden-Arcade--Roseville, CA Metro Area",2008,764628,61029,27334.0,49177.0,74101.0,112008.0
40900,"Sacramento--Arden-Arcade--Roseville, CA Metro Area",2009,766713,57361,24955.0,45591.0,70917.0,110339.0
40900,"Sacramento--Arden-Arcade--Roseville, CA Metro Area",2010,781425,56233,23875.0,44207.0,70295.0,107400.0
40900,"Sacramento--Arden-Arcade--Roseville, CA Metro Area",2011,782019,55151,22717.0,43205.0,69419.0,109765.0
40900,"Sacramento--Arden-Arcade--Roseville, CA Metro Area",2012,786864,56813,23089.0,43856.0,71106.0,112187.0
40900,"Sacramento--Roseville--Arden-Arcade, CA Metro Area",2013,792639,57027,22944.0,44667.0,71386.0,112827.0
40900,"Sacramento--Roseville--Arden-Arcade, CA Metro Area",2014,797624,60015,23847.0,46779.0,75449.0,120861.0
40900,"Sacramento--Roseville--Arden-Arcade, CA Metro Area",2015,809295,62813,24390.0,49859.0,78627.0,124338.0
40900,"Sacramento--Roseville--Arden-Arcade, CA Metro Area",2016,816902,64052,26571.0,51021.0,81429.0,129704.0
40900,"Sacramento--Roseville--Arden-Arcade, CA Metro Area",2017,829772,67902,27562.0,52850.0,85016.0,132401.0
40900,"Sacramento--Roseville--Arden-Arcade, CA Metro Area",2018,835453,73142,29509.0,57129.0,90870.0,141855.0
40900,"Sacramento-Roseville-Folsom, CA Metro Area",2019,854279,76706,32205.0,60797.0,95105.0,149358.0
40900,"Sacramento-Roseville-Folsom, CA Metro Area",2021,879647,84421,34722.0,66516.0,103890.0,160143.0
40900,"Sacramento-Roseville-Folsom, CA Metro Area",2022,884646,89237,37663.0,72280.0,109670.0,174031.0
40900,"Sacramento-Roseville-Folsom, CA Metro Area",2023,888619,94992,38600.0,75966.0,115688.0,179651.0
40900,"Sacramento-Roseville-Folsom, CA Metro Area",2024,900218,98775,41452.0,78100.0,120713.0,190512.0
40980,"Saginaw-Saginaw Township North, MI Metro Area",2005,78879,39957,,,,
40980,"Saginaw-Saginaw Township North, MI Metro Area",2006,77391,38362,15825.0,31268.0,49075.0,76274.0
40980,"Saginaw-Saginaw Township North, MI Metro Area",2007,76003,43051,18342.0,33508.0,53850.0,81977.0
40980,"Saginaw-Saginaw Township North, MI Metro Area",2008,78521,41441,16263.0,32403.0,51569.0,82357.0
40980,"Saginaw-Saginaw Township North, MI Metro Area",2009,78862,39200,16869.0,30169.0,49227.0,78834.0
40980,"Saginaw-Saginaw Township North, MI Metro Area",2010,75609,41938,18356.0,32851.0,51372.0,78595.0
40980,"Saginaw-Saginaw Township North, MI Metro Area",2011,76342,40434,17313.0,32580.0,49401.0,80064.0
40980,"Saginaw-Saginaw Township North, MI Metro Area",2012,78010,40318,16988.0,32340.0,51002.0,79890.0
40980,"Saginaw, MI Metro Area",2013,77518,41548,16910.0,31875.0,52176.0,82795.0
40980,"Saginaw, MI Metro Area",2014,78000,44931,19580.0,37462.0,54460.0,86097.0
40980,"Saginaw, MI Metro Area",2015,77211,43383,18339.0,33255.0,53043.0,88473.0
40980,"Saginaw, MI Metro Area",2016,78494,45849,19023.0,36493.0,56041.0,90287.0
40980,"Saginaw, MI Metro Area",2017,80958,45331,20126.0,35971.0,54795.0,88557.0
40980,"Saginaw, MI Metro Area",2018,78740,48990,21326.0,38968.0,60642.0,96485.0
40980,"Saginaw, MI Metro Area",2019,79050,48303,21802.0,38013.0,60434.0,96111.0
40980,"Saginaw, MI Metro Area",2021,80146,50606,18595.0,38559.0,63798.0,99302.0
40980,"Saginaw, MI Metro Area",2022,79275,53646,21960.0,44401.0,67738.0,110529.0
40980,"Saginaw, MI Metro Area",2023,77158,59265,25534.0,46687.0,73883.0,115924.0
40980,"Saginaw, MI Metro Area",2024,79346,61455,26403.0,49783.0,76666.0,120499.0
41060,"St. Cloud, MN Metro Area",2005,67720,46367,,,,
41060,"St. Cloud, MN Metro Area",2006,70059,48484,20464.0,39068.0,59482.0,85660.0
41060,"St. Cloud, MN Metro Area",2007,69834,50575,20981.0,40896.0,61118.0,87107.0
41060,"St. Cloud, MN Metro Area",2008,70908,51657,24467.0,41898.0,61481.0,89148.0
41060,"St. Cloud, MN Metro Area",2009,72178,48038,20927.0,36866.0,59791.0,86698.0
41060,"St. Cloud, MN Metro Area",2010,71145,50085,23427.0,40440.0,59389.0,88440.0
41060,"St. Cloud, MN Metro Area",2011,72032,51848,22221.0,42821.0,63942.0,95767.0
41060,"St. Cloud, MN Metro Area",2012,71971,54573,22146.0,43085.0,66852.0,97391.0
41060,"St. Cloud, MN Metro Area",2013,72873,55513,23736.0,45890.0,67569.0,98341.0
41060,"St. Cloud, MN Metro Area",2014,72884,55390,23509.0,42909.0,66710.0,98127.0
41060,"St. Cloud, MN Metro Area",2015,74617,54157,24908.0,44449.0,66185.0,96674.0
41060,"St. Cloud, MN Metro Area",2016,74834,56620,26357.0,45615.0,69595.0,103480.0
41060,"St. Cloud, MN Metro Area",2017,76342,61943,26715.0,48541.0,75311.0,113095.0
41060,"St. Cloud, MN Metro Area",2018,74937,60759,27241.0,48690.0,76435.0,112701.0
41060,"St. Cloud, MN Metro Area",2019,76473,66076,30726.0,51935.0,77929.0,114583.0
41060,"St. Cloud, MN Metro Area",2021,79091,65641,30465.0,52965.0,81263.0,126159.0
41060,"St. Cloud, MN Metro Area",2022,78630,71370,29376.0,56458.0,87570.0,131819.0
41060,"St. Cloud, MN Metro Area",2023,77652,73963,33432.0,57870.0,87624.0,134678.0
41060,"St. Cloud, MN Metro Area",2024,79923,75688,33492.0,63095.0,92806.0,140175.0
41100,"St. George, UT Metro Area",2005,41171,43980,,,,
41100,"St. George, UT Metro Area",2006,43972,45998,25580.0,37974.0,54202.0,78329.0
41100,"St. George, UT Metro Area",2007,44814,46822,25711.0,39128.0,54416.0,84678.0
41100,"St. George, UT Metro Area",2008,46210,50333,25906.0,43176.0,59887.0,81689.0
41100,"St. George, UT Metro Area",2009,45603,46462,24077.0,39649.0,53650.0,77065.0
41100,"St. George, UT Metro Area",2010,47413,49058,22914.0,39166.0,54982.0,80852.0
41100,"St. George, UT Metro Area",2011,46216,45854,23516.0,39236.0,56292.0,83461.0
41100,"St. George, UT Metro Area",2012,48186,43837,19948.0,36217.0,54869.0,83357.0
41100,"St. George, UT Metro Area",2013,49394,51063,24177.0,41367.0,62634.0,93972.0
41100,"St. George, UT Metro Area",2014,49468,49981,24328.0,40278.0,60089.0,87421.0
41100,"St. George, UT Metro Area",2015,52453,54913,28660.0,46083.0,65102.0,94128.0
41100,"St. George, UT Metro Area",2016,51774,55056,26746.0,45167.0,66714.0,100870.0
41100,"St. George, UT Metro Area",2017,56139,54842,24989.0,44593.0,67052.0,104011.0
41100,"St. George, UT Metro Area",2018,59863,56333,27951.0,46967.0,70013.0,108415.0
41100,"St. George, UT Metro Area",2019,63144,63595,30173.0,54224.0,77310.0,113187.0
41100,"St. George, UT Metro Area",2021,68090,61186,30362.0,49217.0,84445.0,120397.0
41100,"St. George, UT Metro Area",2022,71891,74543,35602.0,61246.0,96638.0,146647.0
41100,"St. George, UT Metro Area",2023,72315,77480,34811.0,62295.0,94043.0,140917.0
41100,"St. George, UT Metro Area",2024,76153,86983,42725.0,70555.0,105888.0,150607.0
41140,"St. Joseph, MO-KS Metro Area",2005,46362,36785,,,,
41140,"St. Joseph, MO-KS Metro Area",2006,46227,41597,16936.0,31763.0,49822.0,70261.0
41140,"St. Joseph, MO-KS Metro Area",2007,47619,41160,19129.0,33726.0,51385.0,77545.0
41140,"St. Joseph, MO-KS Metro Area",2008,46054,44426,21583.0,36098.0,52440.0,83079.0
41140,"St. Joseph, MO-KS Metro Area",2009,44943,42198,20937.0,34927.0,51771.0,79711.0
41140,"St. Joseph, MO-KS Metro Area",2010,48133,43178,16801.0,32421.0,53854.0,81090.0
41140,"St. Joseph, MO-KS Metro Area",2011,46101,44416,19117.0,35149.0,53381.0,81233.0
41140,"St. Joseph, MO-KS Metro Area",2012,47656,43784,17964.0,33847.0,55442.0,82446.0
41140,"St. Joseph, MO-KS Metro Area",2013,46237,45024,19636.0,35243.0,57483.0,86507.0
41140,"St. Joseph, MO-KS Metro Area",2014,46526,47402,18423.0,36302.0,56970.0,89209.0
41140,"St. Joseph, MO-KS Metro Area",2015,46518,49263,21197.0,39854.0,61528.0,85836.0
41140,"St. Joseph, MO-KS Metro Area",2016,48068,49211,19866.0,37407.0,59783.0,91501.0
41140,"St. Joseph, MO-KS Metro Area",2017,47135,47309,22419.0,37238.0,59763.0,94196.0
41140,"St. Joseph, MO-KS Metro Area",2018,46816,53321,23040.0,41852.0,65446.0,97038.0
41140,"St. Joseph, MO-KS Metro Area",2019,46958,50425,19685.0,37444.0,61971.0,95309.0
41140,"St. Joseph, MO-KS Metro Area",2021,46798,54702,22216.0,42209.0,66899.0,102503.0
41140,"St. Joseph, MO-KS Metro Area",2022,47125,60582,25258.0,48030.0,75015.0,110849.0
41140,"St. Joseph, MO-KS Metro Area",2023,47529,62682,26617.0,51915.0,77531.0,117448.0
41140,"St. Joseph, MO-KS Metro Area",2024,46379,66180,26862.0,50600.0,80876.0,125124.0
41180,"St. Louis, MO-IL Metro Area",2005,1085710,48716,,,,
41180,"St. Louis, MO-IL Metro Area",2006,1095451,49765,21425.0,39957.0,60792.0,93956.0
41180,"St. Louis, MO-IL Metro Area",2007,1094448,52465,22150.0,41648.0,63878.0,97347.0
41180,"St. Louis, MO-IL Metro Area",2008,1109251,53189,23052.0,42652.0,66654.0,100994.0
41180,"St. Louis, MO-IL Metro Area",2009,1111547,51691,21878.0,40558.0,64241.0,98357.0
41180,"St. Louis, MO-IL Metro Area",2010,1112442,50912,21338.0,40144.0,63157.0,100355.0
41180,"St. Louis, MO-IL Metro Area",2011,1105266,51164,21681.0,40670.0,63240.0,101092.0
41180,"St. Louis, MO-IL Metro Area",2012,1108723,52243,21602.0,41406.0,65869.0,103083.0
41180,"St. Louis, MO-IL Metro Area",2013,1105652,54449,22580.0,43219.0,67273.0,105586.0
41180,"St. Louis, MO-IL Metro Area",2014,1096200,55535,23613.0,43450.0,69804.0,108227.0
41180,"St. Louis, MO-IL Metro Area",2015,1108303,56483,24647.0,45330.0,70816.0,110987.0
41180,"St. Louis, MO-IL Metro Area",2016,1113234,59780,25987.0,47163.0,74884.0,116689.0
41180,"St. Louis, MO-IL Metro Area",2017,1119347,61571,25754.0,49029.0,75779.0,118404.0
41180,"St. Louis, MO-IL Metro Area",2018,1137478,62790,26966.0,50092.0,78301.0,123136.0
41180,"St. Louis, MO-IL Metro Area",2019,1145583,66417,28763.0,52327.0,82634.0,129612.0
41180,"St. Louis, MO-IL Metro Area",2021,1144111,70189,30460.0,55050.0,86265.0,137039.0
41180,"St. Louis, MO-IL Metro Area",2022,1168546,74531,31699.0,58919.0,93094.0,146771.0
41180,"St. Louis, MO-IL Metro Area",2023,1179884,78224,34306.0,61853.0,97432.0,151173.0
41180,"St. Louis, MO-IL Metro Area",2024,1178246,81679,35415.0,64312.0,102605.0,160285.0
41400,"Salem, OH Micro Area",2013,40274,42100,17012.0,33791.0,52767.0,77181.0
41400,"Salem, OH Micro Area",2014,42107,42640,19430.0,34750.0,52004.0,84365.0
41400,"Salem, OH Micro Area",2015,42116,41887,19821.0,34066.0,52514.0,81026.0
41400,"Salem, OH Micro Area",2016,41469,47864,21307.0,38610.0,58551.0,86510.0
41400,"Salem, OH Micro Area",2017,39140,41818,20431.0,33277.0,52669.0,82804.0
41400,"Salem, OH Micro Area",2018,41884,43745,20569.0,35010.0,56420.0,91677.0
41400,"Salem, OH Micro Area",2019,40560,53542,22892.0,43615.0,65955.0,95362.0
41400,"Salem, OH Micro Area",2021,41047,49265,19119.0,38441.0,62459.0,106061.0
41400,"Salem, OH Micro Area",2022,40326,53095,21845.0,41501.0,67811.0,102590.0
41400,"Salem, OH Micro Area",2023,42415,53455,20528.0,43277.0,67873.0,112354.0
41400,"Salem, OH Micro Area",2024,41209,58360,25553.0,46486.0,69210.0,110673.0
41420,"Salem, OR Metro Area",2005,133824,43295,,,,
41420,"Salem, OR Metro Area",2006,135614,45289,20794.0,36457.0,55009.0,80702.0
41420,"Salem, OR Metro Area",2007,138677,43730,20136.0,35870.0,54035.0,82137.0
41420,"Salem, OR Metro Area",2008,138343,48392,21518.0,38469.0,58629.0,87748.0
41420,"Salem, OR Metro Area",2009,137767,44915,21091.0,36080.0,56237.0,85872.0
41420,"Salem, OR Metro Area",2010,143114,45584,21099.0,36772.0,55581.0,85875.0
41420,"Salem, OR Metro Area",2011,139316,45652,20763.0,36420.0,55977.0,83538.0
41420,"Salem, OR Metro Area",2012,142746,45656,19796.0,36447.0,56525.0,85370.0
41420,"Salem, OR Metro Area",2013,142174,47232,21106.0,38612.0,59553.0,90256.0
41420,"Salem, OR Metro Area",2014,141971,49508,21163.0,39539.0,60123.0,91408.0
41420,"Salem, OR Metro Area",2015,144600,52448,23426.0,42417.0,65921.0,100947.0
41420,"Salem, OR Metro Area",2016,146078,55903,26315.0,44682.0,66480.0,100963.0
41420,"Salem, OR Metro Area",2017,144978,56163,25043.0,44719.0,69576.0,104303.0
41420,"Salem, OR Metro Area",2018,150729,57091,25919.0,46617.0,71886.0,108034.0
41420,"Salem, OR Metro Area",2019,152285,65689,29797.0,53109.0,80250.0,118146.0
41420,"Salem, OR Metro Area",2021,158144,65665,30357.0,52781.0,80559.0,126033.0
41420,"Salem, OR Metro Area",2022,161384,72150,31497.0,58882.0,89355.0,128870.0
41420,"Salem, OR Metro Area",2023,162200,74554,32155.0,58757.0,93634.0,143739.0
41420,"Salem, OR Metro Area",2024,162226,82732,36699.0,67066.0,100564.0,147090.0
41500,"Salinas, CA Metro Area",2005,123630,57081,,,,
41500,"Salinas, CA Metro Area",2006,123600,55045,26548.0,44176.0,69898.0,104561.0
41500,"Salinas, CA Metro Area",2007,126010,57056,26695.0,46501.0,71159.0,107353.0
41500,"Salinas, CA Metro Area",2008,126066,59375,26811.0,49842.0,72117.0,110009.0
41500,"Salinas, CA Metro Area",2009,128025,58448,23920.0,45100.0,71862.0,111996.0
41500,"Salinas, CA Metro Area",2010,125446,54534,24586.0,44745.0,67160.0,107478.0
41500,"Salinas, CA Metro Area",2011,123757,53179,24330.0,42350.0,65928.0,107139.0
41500,"Salinas, CA Metro Area",2012,124171,58109,25572.0,46922.0,70840.0,109739.0
41500,"Salinas, CA Metro Area",2013,125553,57052,25411.0,45128.0,72470.0,111270.0
41500,"Salinas, CA Metro Area",2014,123920,57864,26335.0,46887.0,71094.0,115781.0
41500,"Salinas, CA Metro Area",2015,126904,60494,29148.0,49662.0,75102.0,120015.0
41500,"Salinas, CA Metro Area",2016,125740,63876,30962.0,52060.0,79020.0,123894.0
41500,"Salinas, CA Metro Area",2017,125518,71274,32222.0,56677.0,84109.0,133471.0
41500,"Salinas, CA Metro Area",2018,126299,70681,32475.0,57955.0,88318.0,138497.0
41500,"Salinas, CA Metro Area",2019,128227,77514,33575.0,62735.0,93723.0,143558.0
41500,"Salinas, CA Metro Area",2021,133224,82163,37340.0,67874.0,100499.0,154145.0
41500,"Salinas, CA Metro Area",2022,132411,92840,39852.0,72571.0,109605.0,168044.0
41500,"Salinas, CA Metro Area",2023,132170,88035,36887.0,72295.0,110871.0,170783.0
41500,"Salinas, CA Metro Area",2024,132591,93290,37466.0,73295.0,117269.0,174003.0
41540,"Salisbury, MD Metro Area",2005,43569,43547,,,,
41540,"Salisbury, MD Metro Area",2006,42743,45883,20459.0,36076.0,58357.0,91512.0
41540,"Salisbury, MD Metro Area",2007,44887,49239,20472.0,37299.0,58395.0,89665.0
41540,"Salisbury, MD Metro Area",2008,45521,48880,21702.0,40224.0,60005.0,90353.0
41540,"Salisbury, MD Metro Area",2009,44666,45817,18989.0,35870.0,55139.0,87365.0
41540,"Salisbury, MD Metro Area",2010,43998,47128,21597.0,36880.0,56730.0,85772.0
41540,"Salisbury, MD Metro Area",2011,44556,44793,17668.0,34403.0,57380.0,88803.0
41540,"Salisbury, MD Metro Area",2012,44623,49357,20183.0,35904.0,61343.0,94751.0
41540,"Salisbury, MD-DE Metro Area",2013,143465,50009,21328.0,39331.0,61745.0,94859.0
41540,"Salisbury, MD-DE Metro Area",2014,151227,54128,24495.0,43018.0,66727.0,103511.0
41540,"Salisbury, MD-DE Metro Area",2015,154242,54233,24856.0,43526.0,66908.0,101462.0
41540,"Salisbury, MD-DE Metro Area",2016,149074,54738,24815.0,44367.0,67276.0,104422.0
41540,"Salisbury, MD-DE Metro Area",2017,154115,59273,25754.0,46427.0,71031.0,111187.0
41540,"Salisbury, MD-DE Metro Area",2018,161305,59214,25009.0,47597.0,72074.0,108633.0
41540,"Salisbury, MD-DE Metro Area",2019,166834,61283,27358.0,47981.0,77093.0,119229.0
41540,"Salisbury, MD-DE Metro Area",2021,177002,68470,28784.0,53875.0,83561.0,132472.0
41540,"Salisbury, MD-DE Metro Area",2022,179028,77655,35466.0,63462.0,95495.0,142249.0
41540,"Salisbury, MD Metro Area",2023,48542,70528,27904.0,53804.0,83861.0,126548.0
41540,"Salisbury, MD Metro Area",2024,50798,70389,24514.0,53953.0,92656.0,133366.0
41580,"Salisbury, NC Micro Area",2005,52380,39676,,,,
41580,"Salisbury, NC Micro Area",2006,51268,42863,15813.0,31809.0,52194.0,77506.0
41580,"Salisbury, NC Micro Area",2007,52947,46675,19356.0,38031.0,55985.0,84571.0
41580,"Salisbury, NC Micro Area",2008,52547,42540,17653.0,34182.0,50888.0,77610.0
41580,"Salisbury, NC Micro Area",2009,53870,43578,17968.0,34548.0,53796.0,81181.0
41580,"Salisbury, NC Micro Area",2010,53585,37360,14971.0,30028.0,46068.0,73908.0
41580,"Salisbury, NC Micro Area",2011,52767,40008,17614.0,31497.0,47282.0,78203.0
41580,"Salisbury, NC Micro Area",2012,51406,40089,18217.0,33239.0,49526.0,77141.0
41620,"Salt Lake City, UT Metro Area",2005,342724,48993,,,,
41620,"Salt Lake City, UT Metro Area",2006,351280,53587,25728.0,43720.0,64528.0,97090.0
41620,"Salt Lake City, UT Metro Area",2007,359981,57294,28113.0,48065.0,68926.0,102021.0
41620,"Salt Lake City, UT Metro Area",2008,364078,60012,29028.0,49858.0,72688.0,106415.0
41620,"Salt Lake City, UT Metro Area",2009,369005,57138,27752.0,47104.0,69059.0,103375.0
41620,"Salt Lake City, UT Metro Area",2010,369754,57419,25466.0,46280.0,68844.0,102140.0
41620,"Salt Lake City, UT Metro Area",2011,375903,57005,25593.0,46083.0,67950.0,104008.0
41620,"Salt Lake City, UT Metro Area",2012,380362,60061,26507.0,48537.0,71872.0,107336.0
41620,"Salt Lake City, UT Metro Area",2013,366765,61520,28520.0,50532.0,75413.0,112174.0
41620,"Salt Lake City, UT Metro Area",2014,376913,62642,29097.0,51972.0,76413.0,113581.0
41620,"Salt Lake City, UT Metro Area",2015,377058,65792,30645.0,52725.0,79426.0,117790.0
41620,"Salt Lake City, UT Metro Area",2016,386481,68196,32545.0,55552.0,81806.0,123243.0
41620,"Salt Lake City, UT Metro Area",2017,396869,71510,33338.0,59574.0,86031.0,125899.0
41620,"Salt Lake City, UT Metro Area",2018,402242,73730,35679.0,61069.0,90715.0,134636.0
41620,"Salt Lake City, UT Metro Area",2019,405984,80196,38207.0,65185.0,95368.0,141966.0
41620,"Salt Lake City, UT Metro Area",2021,443798,81307,39228.0,67259.0,98079.0,146620.0
41620,"Salt Lake City, UT Metro Area",2022,448172,91891,43703.0,75232.0,112244.0,166485.0
41620,"Salt Lake City-Murray, UT Metro Area",2023,460977,94409,45235.0,77708.0,115153.0,171901.0
41620,"Salt Lake City-Murray, UT Metro Area",2024,469925,100548,46948.0,81018.0,120070.0,179092.0
41660,"San Angelo, TX Metro Area",2005,41095,38184,,,,
41660,"San Angelo, TX Metro Area",2006,42121,35194,16534.0,26674.0,48102.0,79773.0
41660,"San Angelo, TX Metro Area",2007,41154,40982,18035.0,31397.0,50944.0,78990.0
41660,"San Angelo, TX Metro Area",2008,41315,43642,20494.0,35278.0,54843.0,80076.0
41660,"San Angelo, TX Metro Area",2009,42942,40807,18810.0,34076.0,49372.0,79711.0
41660,"San Angelo, TX Metro Area",2010,42192,38234,17067.0,28510.0,50513.0,81277.0
41660,"San Angelo, TX Metro Area",2011,42426,43165,16618.0,30966.0,56044.0,82785.0
41660,"San Angelo, TX Metro Area",2012,43104,44910,18358.0,35849.0,55919.0,88030.0
41660,"San Angelo, TX Metro Area",2013,44059,46010,22379.0,38735.0,57383.0,85906.0
41660,"San Angelo, TX Metro Area",2014,43143,45284,19667.0,36624.0,57402.0,90412.0
41660,"San Angelo, TX Metro Area",2015,45137,48441,21471.0,36344.0,63840.0,93726.0
41660,"San Angelo, TX Metro Area",2016,44044,49096,22583.0,38058.0,60994.0,98626.0
41660,"San Angelo, TX Metro Area",2017,42667,50894,24435.0,39979.0,65437.0,102909.0
41660,"San Angelo, TX Metro Area",2018,43938,51851,21774.0,41910.0,65606.0,100453.0
41660,"San Angelo, TX Metro Area",2019,44657,55097,24885.0,45694.0,70752.0,111385.0
41660,"San Angelo, TX Metro Area",2021,46604,61302,24463.0,47390.0,71366.0,106772.0
41660,"San Angelo, TX Metro Area",2022,48115,59924,31007.0,47752.0,75063.0,109982.0
41660,"San Angelo, TX Metro Area",2023,48119,56569,23632.0,44274.0,71845.0,110376.0
41660,"San Angelo, TX Metro Area",2024,49420,69726,33427.0,55289.0,89167.0,141581.0
41700,"San Antonio, TX Metro Area",2005,645237,43263,,,,
41700,"San Antonio, TX Metro Area",2006,663074,45019,19319.0,35708.0,55588.0,87779.0
41700,"San Antonio, TX Metro Area",2007,679614,46321,20066.0,36161.0,57497.0,91197.0
41700,"San Antonio, TX Metro Area",2008,689432,47755,19596.0,37237.0,60456.0,93456.0
41700,"San Antonio, TX Metro Area",2009,690063,47955,20025.0,37643.0,59385.0,93248.0
41700,"San Antonio-New Braunfels, TX Metro Area",2010,749906,50225,21333.0,40009.0,61362.0,95032.0
41700,"San Antonio-New Braunfels, TX Metro Area",2011,763204,48699,20887.0,38563.0,60422.0,96077.0
41700,"San Antonio-New Braunfels, TX Metro Area",2012,766963,51486,21497.0,40927.0,63770.0,100552.0
41700,"San Antonio-New Braunfels, TX Metro Area",2013,778939,51716,21754.0,41223.0,64171.0,101781.0
41700,"San Antonio-New Braunfels, TX Metro Area",2014,786460,52689,21936.0,41286.0,66167.0,104608.0
41700,"San Antonio-New Braunfels, TX Metro Area",2015,791273,55083,23893.0,43961.0,67809.0,106867.0
41700,"San Antonio-New Braunfels, TX Metro Area",2016,796140,56105,24408.0,45598.0,70140.0,111090.0
41700,"San Antonio-New Braunfels, TX Metro Area",2017,810473,56774,23773.0,45342.0,71308.0,112588.0
41700,"San Antonio-New Braunfels, TX Metro Area",2018,823888,57379,23629.0,45681.0,71948.0,112396.0
41700,"San Antonio-New Braunfels, TX Metro Area",2019,830598,62355,27102.0,50515.0,77265.0,121329.0
41700,"San Antonio-New Braunfels, TX Metro Area",2021,948519,66775,28615.0,52435.0,82610.0,130600.0
41700,"San Antonio-New Braunfels, TX Metro Area",2022,972848,70538,30232.0,55515.0,86260.0,137878.0
41700,"San Antonio-New Braunfels, TX Metro Area",2023,986961,73195,31974.0,58635.0,92307.0,142678.0
41700,"San Antonio-New Braunfels, TX Metro Area",2024,1006232,78112,32367.0,62155.0,97989.0,151725.0
41740,"San Diego-Carlsbad-San Marcos, CA Metro Area",2005,1040538,56335,,,,
41740,"San Diego-Carlsbad-San Marcos, CA Metro Area",2006,1039619,59591,25652.0,47053.0,73067.0,113244.0
41740,"San Diego-Carlsbad-San Marcos, CA Metro Area",2007,1045265,61794,26465.0,48750.0,76172.0,119607.0
41740,"San Diego-Carlsbad-San Marcos, CA Metro Area",2008,1037958,63026,26422.0,50196.0,79127.0,123258.0
41740,"San Diego-Carlsbad-San Marcos, CA Metro Area",2009,1048975,60231,26058.0,47973.0,75726.0,118934.0
41740,"San Diego-Carlsbad-San Marcos, CA Metro Area",2010,1061210,59923,25221.0,46461.0,74441.0,116228.0
41740,"San Diego-Carlsbad-San Marcos, CA Metro Area",2011,1061056,59477,23736.0,46425.0,74299.0,118360.0
41740,"San Diego-Carlsbad-San Marcos, CA Metro Area",2012,1079653,60330,24551.0,47236.0,75811.0,121372.0
41740,"San Diego-Carlsbad, CA Metro Area",2013,1093386,61426,25499.0,48467.0,77743.0,124815.0
41740,"San Diego-Carlsbad, CA Metro Area",2014,1100858,66192,27209.0,51376.0,82181.0,130843.0
41740,"San Diego-Carlsbad, CA Metro Area",2015,1113610,67320,27964.0,52992.0,84352.0,131558.0
41740,"San Diego-Carlsbad, CA Metro Area",2016,1110568,70824,30265.0,56287.0,89050.0,140227.0
41740,"San Diego-Carlsbad, CA Metro Area",2017,1126419,76207,31929.0,60610.0,94420.0,149250.0
41740,"San Diego-Carlsbad, CA Metro Area",2018,1130911,79079,32961.0,61652.0,98785.0,154202.0
41740,"San Diego-Chula Vista-Carlsbad, CA Metro Area",2019,1132434,83985,35447.0,66493.0,102371.0,161461.0
41740,"San Diego-Chula Vista-Carlsbad, CA Metro Area",2021,1162896,91003,37084.0,71297.0,111560.0,174559.0
41740,"San Diego-Chula Vista-Carlsbad, CA Metro Area",2022,1172343,98928,40517.0,77274.0,121527.0,189048.0
41740,"San Diego-Chula Vista-Carlsbad, CA Metro Area",2023,1181259,103674,44474.0,83065.0,127961.0,201526.0
41740,"San Diego-Chula Vista-Carlsbad, CA Metro Area",2024,1185092,109132,46026.0,86748.0,135296.0,212257.0
41780,"Sandusky, OH Metro Area",2005,32435,40627,,,,
41780,"Sandusky, OH Metro Area",2006,31507,45549,20196.0,36939.0,58814.0,86507.0
41780,"Sandusky, OH Metro Area",2007,31889,48654,19767.0,40075.0,59519.0,89474.0
41780,"Sandusky, OH Metro Area",2008,31132,46385,20423.0,37035.0,58150.0,89539.0
41780,"Sandusky, OH Metro Area",2009,30861,43099,18497.0,35132.0,57808.0,86447.0
41780,"Sandusky, OH Metro Area",2010,32243,42246,18688.0,35492.0,53811.0,85365.0
41780,"Sandusky, OH Metro Area",2011,31148,46949,19804.0,37893.0,58484.0,86497.0
41780,"Sandusky, OH Metro Area",2012,31739,44694,21365.0,36857.0,60425.0,88223.0
41780,"Sandusky, OH Micro Area",2013,33168,46073,20875.0,37776.0,54205.0,85611.0
41780,"Sandusky, OH Micro Area",2014,31492,48734,24348.0,39734.0,60261.0,94718.0
41780,"Sandusky, OH Micro Area",2015,30876,47544,24241.0,41039.0,60559.0,97002.0
41780,"Sandusky, OH Micro Area",2016,30682,48949,23743.0,41152.0,63114.0,101281.0
41780,"Sandusky, OH Micro Area",2017,31893,54958,26043.0,46020.0,66718.0,105560.0
41780,"Sandusky, OH Micro Area",2018,31675,49751,24518.0,39238.0,61287.0,92533.0
41780,"Sandusky, OH Micro Area",2019,30308,60653,28663.0,48118.0,75026.0,106699.0
41780,"Sandusky, OH Micro Area",2021,32926,58403,21733.0,43998.0,75505.0,108745.0
41780,"Sandusky, OH Micro Area",2022,33454,69296,32199.0,55029.0,84969.0,117162.0
41780,"Sandusky, OH Metro Area",2023,53716,65177,30959.0,53276.0,81979.0,133901.0
41780,"Sandusky, OH Metro Area",2024,53471,74627,29650.0,55659.0,91615.0,132172.0
41820,"Sanford, NC Micro Area",2022,25234,56540,22123.0,47040.0,70637.0,115103.0
41820,"Sanford, NC Micro Area",2023,25961,60140,26779.0,47856.0,71750.0,115287.0
41820,"Sanford, NC Micro Area",2024,25465,73344,30139.0,59130.0,90079.0,124401.0
41860,"San Francisco-Oakland-Fremont, CA Metro Area",2005,1562501,65382,,,,
41860,"San Francisco-Oakland-Fremont, CA Metro Area",2006,1551115,70463,28059.0,55240.0,87217.0,137214.0
41860,"San Francisco-Oakland-Fremont, CA Metro Area",2007,1559168,73581,29079.0,57241.0,91917.0,145800.0
41860,"San Francisco-Oakland-Fremont, CA Metro Area",2008,1566000,76848,30105.0,60147.0,96013.0,151457.0
41860,"San Francisco-Oakland-Fremont, CA Metro Area",2009,1559650,73825,29808.0,58170.0,93314.0,148979.0
41860,"San Francisco-Oakland-Fremont, CA Metro Area",2010,1601506,73027,28075.0,56789.0,92113.0,148373.0
41860,"San Francisco-Oakland-Fremont, CA Metro Area",2011,1622840,71975,27713.0,56034.0,92757.0,150163.0
41860,"San Francisco-Oakland-Fremont, CA Metro Area",2012,1636828,74922,28250.0,57558.0,95933.0,154574.0
41860,"San Francisco-Oakland-Hayward, CA Metro Area",2013,1654554,79624,30140.0,61302.0,100518.0,165377.0
41860,"San Francisco-Oakland-Hayward, CA Metro Area",2014,1665925,83222,31761.0,64867.0,105283.0,167845.0
41860,"San Francisco-Oakland-Hayward, CA Metro Area",2015,1689907,88518,33179.0,68953.0,111274.0,180523.0
41860,"San Francisco-Oakland-Hayward, CA Metro Area",2016,1691781,96677,36353.0,74984.0,121454.0,196451.0
41860,"San Francisco-Oakland-Hayward, CA Metro Area",2017,1694362,101714,38292.0,79719.0,127554.0,205280.0
41860,"San Francisco-Oakland-Hayward, CA Metro Area",2018,1698978,107898,41208.0,84515.0,137307.0,220396.0
41860,"San Francisco-Oakland-Berkeley, CA Metro Area",2019,1721576,114696,43723.0,89572.0,144222.0,230509.0
41860,"San Francisco-Oakland-Berkeley, CA Metro Area",2021,1719049,116005,42506.0,89757.0,149120.0,246352.0
41860,"San Francisco-Oakland-Berkeley, CA Metro Area",2022,1739127,128151,47113.0,98373.0,162740.0,250001.0
41860,"San Francisco-Oakland-Fremont, CA Metro Area",2023,1763465,127792,47765.0,98934.0,161527.0,250001.0
41860,"San Francisco-Oakland-Fremont, CA Metro Area",2024,1770425,135590,50004.0,102262.0,172610.0,250001.0
41900,"San Germ?n-Cabo Rojo, PR Metro Area",2005,49093,14239,,,,
41900,"San Germ?n-Cabo Rojo, PR Metro Area",2006,49159,14588,6059.0,11560.0,19617.0,33006.0
41900,"San Germ?n-Cabo Rojo, PR Metro Area",2007,45578,15343,5569.0,11385.0,20395.0,34435.0
41900,"San Germ?n-Cabo Rojo, PR Metro Area",2008,44657,13603,5363.0,10879.0,17912.0,33004.0
41900,"San Germ?n-Cabo Rojo, PR Metro Area",2009,41211,15431,4818.0,12527.0,19731.0,33562.0
41900,"San Germ?n-Cabo Rojo, PR Metro Area",2010,43287,14383,4114.0,10944.0,18230.0,32051.0
41900,"San Germ?n-Cabo Rojo, PR Metro Area",2011,43016,15743,5297.0,11568.0,20214.0,32848.0
41900,"San Germán-Cabo Rojo, PR Metro Area",2012,45276,15350,5172.0,11507.0,19883.0,35671.0
41900,"San Germán, PR Metro Area",2013,46143,17645,6447.0,13109.0,22367.0,39644.0
41900,"San Germán, PR Metro Area",2014,46975,13566,4574.0,10421.0,18189.0,33689.0
41900,"San Germán, PR Metro Area",2015,43954,14403,5264.0,10972.0,18181.0,31888.0
41900,"San Germán, PR Metro Area",2016,43167,16077,5517.0,11666.0,21811.0,38353.0
41900,"San Germán, PR Metro Area",2017,39954,14719,5701.0,11290.0,18954.0,32390.0
41900,"San Germán, PR Metro Area",2018,40432,16737,5682.0,12945.0,21643.0,37933.0
41900,"San Germán, PR Metro Area",2019,41896,16491,6202.0,12328.0,21591.0,36000.0
41900,"San Germán, PR Metro Area",2021,43263,18454,8029.0,14636.0,23318.0,42429.0
41900,"San Germán, PR Metro Area",2022,47510,21605,9111.0,16746.0,26529.0,44545.0
41940,"San Jose-Sunnyvale-Santa Clara, CA Metro Area",2005,597597,76478,,,,
41940,"San Jose-Sunnyvale-Santa Clara, CA Metro Area",2006,601239,80638,32537.0,62819.0,98553.0,150559.0
41940,"San Jose-Sunnyvale-Santa Clara, CA Metro Area",2007,598199,83793,34292.0,66641.0,103495.0,161195.0
41940,"San Jose-Sunnyvale-Santa Clara, CA Metro Area",2008,604720,88098,37992.0,70499.0,108519.0,170338.0
41940,"San Jose-Sunnyvale-Santa Clara, CA Metro Area",2009,603865,84483,34878.0,66184.0,104293.0,159427.0
41940,"San Jose-Sunnyvale-Santa Clara, CA Metro Area",2010,616837,83944,33165.0,65533.0,104467.0,162200.0
41940,"San Jose-Sunnyvale-Santa Clara, CA Metro Area",2011,622532,84012,33032.0,66018.0,104495.0,168950.0
41940,"San Jose-Sunnyvale-Santa Clara, CA Metro Area",2012,630849,90737,34542.0,69422.0,110636.0,171855.0
41940,"San Jose-Sunnyvale-Santa Clara, CA Metro Area",2013,636628,91533,35359.0,70155.0,114130.0,184279.0
41940,"San Jose-Sunnyvale-Santa Clara, CA Metro Area",2014,639301,96481,38549.0,75871.0,120748.0,187920.0
41940,"San Jose-Sunnyvale-Santa Clara, CA Metro Area",2015,651352,101980,40638.0,81022.0,129651.0,201338.0
41940,"San Jose-Sunnyvale-Santa Clara, CA Metro Area",2016,653296,110040,41879.0,86714.0,135670.0,213543.0
41940,"San Jose-Sunnyvale-Santa Clara, CA Metro Area",2017,651006,117474,45835.0,91934.0,146495.0,226135.0
41940,"San Jose-Sunnyvale-Santa Clara, CA Metro Area",2018,663870,124696,48927.0,97038.0,154450.0,245678.0
41940,"San Jose-Sunnyvale-Santa Clara, CA Metro Area",2019,662842,130865,52140.0,100980.0,162263.0,250001.0
41940,"San Jose-Sunnyvale-Santa Clara, CA Metro Area",2021,670900,139892,55728.0,107949.0,176806.0,250001.0
41940,"San Jose-Sunnyvale-Santa Clara, CA Metro Area",2022,677087,148900,58308.0,114877.0,187404.0,250001.0
41940,"San Jose-Sunnyvale-Santa Clara, CA Metro Area",2023,685743,153202,60475.0,118465.0,195116.0,250001.0
41940,"San Jose-Sunnyvale-Santa Clara, CA Metro Area",2024,693483,164801,62025.0,126137.0,208834.0,250001.0
41980,"San Juan-Caguas-Guaynabo, PR Metro Area",2005,835254,19563,,,,
41980,"San Juan-Caguas-Guaynabo, PR Metro Area",2006,828207,20159,6807.0,14819.0,26013.0,46108.0
41980,"San Juan-Caguas-Guaynabo, PR Metro Area",2007,802715,19901,6622.0,14654.0,26568.0,46654.0
41980,"San Juan-Caguas-Guaynabo, PR Metro Area",2008,795254,20762,7126.0,15420.0,27543.0,47514.0
41980,"San Juan-Caguas-Guaynabo, PR Metro Area",2009,791409,20541,7209.0,15170.0,27102.0,46954.0
41980,"San Juan-Caguas-Guaynabo, PR Metro Area",2010,888077,20897,7279.0,15645.0,27662.0,47234.0
41980,"San Juan-Caguas-Guaynabo, PR Metro Area",2011,841104,20776,7395.0,15638.0,27174.0,48031.0
41980,"San Juan-Caguas-Guaynabo, PR Metro Area",2012,855555,21299,7237.0,16225.0,27763.0,48246.0
41980,"San Juan-Carolina-Caguas, PR Metro Area",2013,797979,21574,7444.0,16273.0,28197.0,49335.0
41980,"San Juan-Carolina-Caguas, PR Metro Area",2014,789015,21295,7438.0,16083.0,27965.0,49656.0
41980,"San Juan-Carolina-Caguas, PR Metro Area",2015,782561,21059,6993.0,15629.0,27760.0,49885.0
41980,"San Juan-Carolina-Caguas, PR Metro Area",2016,770603,22455,7682.0,16973.0,29561.0,51681.0
41980,"San Juan-Carolina-Caguas, PR Metro Area",2017,753677,21560,7509.0,16383.0,28549.0,50844.0
41980,"San Juan-Carolina-Caguas, PR Metro Area",2018,749522,22757,8113.0,16906.0,30002.0,51330.0
41980,"San Juan-Bayamón-Caguas, PR Metro Area",2019,752543,23137,8339.0,17239.0,30292.0,53228.0
41980,"San Juan-Bayamón-Caguas, PR Metro Area",2021,747507,25042,8897.0,18952.0,32445.0,57660.0
41980,"San Juan-Bayamón-Caguas, PR Metro Area",2022,833941,26190,9626.0,19643.0,34607.0,62141.0
41980,"San Juan-Bayamón-Caguas, PR Metro Area",2023,827522,27981,10296.0,21489.0,36896.0,65362.0
41980,"San Juan-Bayamón-Caguas, PR Metro Area",2024,799804,30640,11581.0,22632.0,40017.0,70101.0
42020,"San Luis Obispo-Paso Robles, CA Metro Area",2005,101996,49721,,,,
42020,"San Luis Obispo-Paso Robles, CA Metro Area",2006,102007,50209,20649.0,41153.0,61134.0,98474.0
42020,"San Luis Obispo-Paso Robles, CA Metro Area",2007,104382,56952,22893.0,43111.0,71094.0,107774.0
42020,"San Luis Obispo-Paso Robles, CA Metro Area",2008,100901,60534,24408.0,47887.0,72282.0,110008.0
42020,"San Luis Obispo-Paso Robles, CA Metro Area",2009,103011,56661,24270.0,45120.0,68254.0,109805.0
42020,"San Luis Obispo-Paso Robles, CA Metro Area",2010,99653,53978,23430.0,42128.0,68099.0,104709.0
42020,"San Luis Obispo-Paso Robles, CA Metro Area",2011,101179,54195,20390.0,40846.0,68827.0,106890.0
42020,"San Luis Obispo-Paso Robles, CA Metro Area",2012,101897,60264,26640.0,46887.0,76295.0,114087.0
42020,"San Luis Obispo-Paso Robles-Arroyo Grande, CA Metro Area",2013,104669,58158,24743.0,45916.0,74641.0,115697.0
42020,"San Luis Obispo-Paso Robles-Arroyo Grande, CA Metro Area",2014,102645,63474,25870.0,48854.0,79011.0,118341.0
42020,"San Luis Obispo-Paso Robles-Arroyo Grande, CA Metro Area",2015,104760,62648,25520.0,51206.0,78994.0,122998.0
42020,"San Luis Obispo-Paso Robles-Arroyo Grande, CA Metro Area",2016,106312,70564,29683.0,57057.0,83481.0,129466.0
42020,"San Luis Obispo-Paso Robles-Arroyo Grande, CA Metro Area",2017,104544,71880,30121.0,56810.0,89560.0,136964.0
42020,"San Luis Obispo-Paso Robles-Arroyo Grande, CA Metro Area",2018,106198,71148,30864.0,56821.0,92466.0,142659.0
42020,"San Luis Obispo-Paso Robles, CA Metro Area",2019,106512,77265,32096.0,58961.0,96473.0,146030.0
42020,"San Luis Obispo-Paso Robles, CA Metro Area",2021,107571,80615,35477.0,64545.0,101853.0,162966.0
42020,"San Luis Obispo-Paso Robles, CA Metro Area",2022,111713,90216,36971.0,73123.0,113284.0,175980.0
42020,"San Luis Obispo-Paso Robles, CA Metro Area",2023,110283,90670,36942.0,70072.0,111584.0,175832.0
42020,"San Luis Obispo-Paso Robles, CA Metro Area",2024,111382,100724,40174.0,77635.0,126443.0,198165.0
42060,"Santa Barbara-Santa Maria, CA Metro Area",2005,137727,55970,,,,
42060,"Santa Barbara-Santa Maria, CA Metro Area",2006,140752,53477,23881.0,42914.0,65314.0,106466.0
42060,"Santa Barbara-Santa Maria-Goleta, CA Metro Area",2007,142465,58401,26008.0,47070.0,70679.0,115187.0
42060,"Santa Barbara-Santa Maria-Goleta, CA Metro Area",2008,139212,61543,26026.0,48991.0,76027.0,119124.0
42060,"Santa Barbara-Santa Maria-Goleta, CA Metro Area",2009,140128,59051,25386.0,47305.0,71704.0,117664.0
42060,"Santa Barbara-Santa Maria-Goleta, CA Metro Area",2010,140842,56767,22354.0,45763.0,71041.0,118554.0
42060,"Santa Barbara-Santa Maria-Goleta, CA Metro Area",2011,140889,60505,25092.0,46796.0,75285.0,122217.0
42060,"Santa Barbara-Santa Maria-Goleta, CA Metro Area",2012,141639,61890,25409.0,48506.0,76670.0,121541.0
42100,"Santa Cruz-Watsonville, CA Metro Area",2005,93076,58640,,,,
42100,"Santa Cruz-Watsonville, CA Metro Area",2006,92998,62193,24635.0,49405.0,76918.0,121830.0
42100,"Santa Cruz-Watsonville, CA Metro Area",2007,93690,63778,27875.0,51100.0,78531.0,126858.0
42100,"Santa Cruz-Watsonville, CA Metro Area",2008,93759,67466,25360.0,54051.0,85241.0,131033.0
42100,"Santa Cruz-Watsonville, CA Metro Area",2009,92227,61499,23038.0,49173.0,78065.0,121806.0
42100,"Santa Cruz-Watsonville, CA Metro Area",2010,91264,61071,23632.0,47663.0,77453.0,121209.0
42100,"Santa Cruz-Watsonville, CA Metro Area",2011,94775,62513,24436.0,47689.0,77634.0,127158.0
42100,"Santa Cruz-Watsonville, CA Metro Area",2012,93253,67769,27266.0,54093.0,84843.0,136437.0
42100,"Santa Cruz-Watsonville, CA Metro Area",2013,93982,68438,25278.0,50384.0,83783.0,132471.0
42100,"Santa Cruz-Watsonville, CA Metro Area",2014,96127,65368,25235.0,49436.0,84787.0,143123.0
42100,"Santa Cruz-Watsonville, CA Metro Area",2015,93317,65139,25349.0,51014.0,81643.0,133157.0
42100,"Santa Cruz-Watsonville, CA Metro Area",2016,96257,77613,27981.0,59895.0,95565.0,153768.0
42100,"Santa Cruz-Watsonville, CA Metro Area",2017,95940,79705,29123.0,62860.0,102419.0,173509.0
42100,"Santa Cruz-Watsonville, CA Metro Area",2018,94994,86941,31584.0,65528.0,107391.0,181898.0
42100,"Santa Cruz-Watsonville, CA Metro Area",2019,97710,89269,35014.0,69450.0,112524.0,190002.0
42100,"Santa Cruz-Watsonville, CA Metro Area",2021,97353,93933,41012.0,76811.0,124678.0,208756.0
42100,"Santa Cruz-Watsonville, CA Metro Area",2022,96015,102146,33749.0,80144.0,124976.0,210957.0
42100,"Santa Cruz-Watsonville, CA Metro Area",2023,99069,105631,41395.0,82017.0,127940.0,208691.0
42100,"Santa Cruz-Watsonville, CA Metro Area",2024,97918,107893,42911.0,84758.0,133157.0,223339.0
42140,"Santa Fe, NM Metro Area",2005,52799,45304,,,,
42140,"Santa Fe, NM Metro Area",2006,53277,50437,21999.0,40528.0,62231.0,101192.0
42140,"Santa Fe, NM Metro Area",2007,53358,51413,21152.0,39482.0,65744.0,101446.0
42140,"Santa Fe, NM Metro Area",2008,55090,55461,23363.0,44311.0,71011.0,110105.0
42140,"Santa Fe, NM Metro Area",2009,54826,52684,22450.0,42280.0,65149.0,99344.0
42140,"Santa Fe, NM Metro Area",2010,61494,47080,18079.0,35721.0,60020.0,96365.0
42140,"Santa Fe, NM Metro Area",2011,60935,49959,20256.0,40095.0,64469.0,104602.0
42140,"Santa Fe, NM Metro Area",2012,62311,50720,21156.0,40617.0,62601.0,100576.0
42140,"Santa Fe, NM Metro Area",2013,60405,51833,20164.0,39210.0,63199.0,105215.0
42140,"Santa Fe, NM Metro Area",2014,60565,52809,22784.0,42926.0,66326.0,105380.0
42140,"Santa Fe, NM Metro Area",2015,60642,55676,24415.0,43913.0,71116.0,117288.0
42140,"Santa Fe, NM Metro Area",2016,60096,57863,25411.0,46394.0,71340.0,116601.0
42140,"Santa Fe, NM Metro Area",2017,60904,58821,25480.0,46698.0,70389.0,114792.0
42140,"Santa Fe, NM Metro Area",2018,62707,60193,27711.0,47167.0,73666.0,118440.0
42140,"Santa Fe, NM Metro Area",2019,62182,61298,26617.0,47528.0,77282.0,128488.0
42140,"Santa Fe, NM Metro Area",2021,70152,67341,27210.0,53897.0,84031.0,141920.0
42140,"Santa Fe, NM Metro Area",2022,72302,72544,27296.0,57112.0,92545.0,141434.0
42140,"Santa Fe, NM Metro Area",2023,71322,78731,33262.0,65404.0,94471.0,162599.0
42140,"Santa Fe, NM Metro Area",2024,72505,88719,34676.0,70468.0,110083.0,170425.0
42200,"Santa Maria-Santa Barbara, CA Metro Area",2013,140665,62421,25859.0,47803.0,78911.0,128464.0
42200,"Santa Maria-Santa Barbara, CA Metro Area",2014,142912,63833,26199.0,49165.0,79007.0,124306.0
42200,"Santa Maria-Santa Barbara, CA Metro Area",2015,144261,63625,27680.0,50410.0,84040.0,130675.0
42200,"Santa Maria-Santa Barbara, CA Metro Area",2016,142449,67436,30733.0,52292.0,82059.0,136668.0
42200,"Santa Maria-Santa Barbara, CA Metro Area",2017,147466,71106,31638.0,56604.0,89602.0,148343.0
42200,"Santa Maria-Santa Barbara, CA Metro Area",2018,146224,77472,32305.0,61696.0,95535.0,156431.0
42200,"Santa Maria-Santa Barbara, CA Metro Area",2019,146466,75653,34825.0,60689.0,95402.0,156092.0
42200,"Santa Maria-Santa Barbara, CA Metro Area",2021,150550,84846,32533.0,67463.0,104176.0,172142.0
42200,"Santa Maria-Santa Barbara, CA Metro Area",2022,150851,90894,36417.0,68011.0,117417.0,188989.0
42200,"Santa Maria-Santa Barbara, CA Metro Area",2023,150932,91197,33724.0,68779.0,110833.0,177236.0
42200,"Santa Maria-Santa Barbara, CA Metro Area",2024,150509,95637,36572.0,74191.0,122026.0,202545.0
42220,"Santa Rosa-Petaluma, CA Metro Area",2005,177212,58330,,,,
42220,"Santa Rosa-Petaluma, CA Metro Area",2006,178483,60821,25543.0,48389.0,74637.0,109762.0
42220,"Santa Rosa-Petaluma, CA Metro Area",2007,178505,62399,28692.0,50880.0,76822.0,116552.0
42220,"Santa Rosa-Petaluma, CA Metro Area",2008,181159,62238,26126.0,49890.0,76845.0,119868.0
42220,"Santa Rosa-Petaluma, CA Metro Area",2009,180378,62368,26986.0,49610.0,78294.0,119788.0
42220,"Santa Rosa-Petaluma, CA Metro Area",2010,185711,59055,25038.0,46287.0,71302.0,109184.0
42220,"Santa Rosa-Petaluma, CA Metro Area",2011,180703,61020,25232.0,47539.0,74923.0,120298.0
42220,"Santa Rosa-Petaluma, CA Metro Area",2012,184348,59941,26097.0,47765.0,75756.0,117078.0
42220,"Santa Rosa, CA Metro Area",2013,189087,61029,26372.0,49358.0,76825.0,122414.0
42220,"Santa Rosa, CA Metro Area",2014,190875,67771,29009.0,53732.0,83207.0,130785.0
42220,"Santa Rosa, CA Metro Area",2015,190662,66674,31038.0,54806.0,82050.0,130565.0
42220,"Santa Rosa, CA Metro Area",2016,187504,73929,32508.0,59604.0,88743.0,139406.0
42220,"Santa Rosa, CA Metro Area",2017,188829,80409,32917.0,63685.0,96498.0,149454.0
42220,"Santa Rosa, CA Metro Area",2018,187434,81395,34482.0,63719.0,100829.0,154398.0
42220,"Santa Rosa-Petaluma, CA Metro Area",2019,190689,87828,41470.0,72211.0,106833.0,162332.0
42220,"Santa Rosa-Petaluma, CA Metro Area",2021,190586,94295,39855.0,75836.0,116169.0,177477.0
42220,"Santa Rosa-Petaluma, CA Metro Area",2022,194698,96830,41552.0,76501.0,120847.0,189249.0
42220,"Santa Rosa-Petaluma, CA Metro Area",2023,192765,100707,46612.0,81888.0,122619.0,197062.0
42220,"Santa Rosa-Petaluma, CA Metro Area",2024,193185,107274,46925.0,86491.0,132974.0,210296.0
42260,"Sarasota-Bradenton-Venice, FL Metro Area",2005,298258,44463,,,,
42260,"Sarasota-Bradenton-Venice, FL Metro Area",2006,307668,47033,21548.0,37621.0,56740.0,88578.0
42260,"Sarasota-Bradenton-Venice, FL Metro Area",2007,296886,49321,24580.0,39788.0,60203.0,93306.0
42340,"Savannah, GA Metro Area",2005,119279,46240,,,,
42340,"Savannah, GA Metro Area",2006,124109,42914,17938.0,33160.0,53514.0,86430.0
42340,"Savannah, GA Metro Area",2007,126311,47884,19713.0,37831.0,58632.0,90514.0
42340,"Savannah, GA Metro Area",2008,127807,48080,19313.0,37561.0,60252.0,93137.0
42340,"Savannah, GA Metro Area",2009,127926,45021,20045.0,35766.0,55134.0,88395.0
42340,"Savannah, GA Metro Area",2010,130517,46755,19885.0,36129.0,56965.0,91957.0
42340,"Savannah, GA Metro Area",2011,129708,46785,19742.0,37452.0,58891.0,91192.0
42340,"Savannah, GA Metro Area",2012,132868,47059,18766.0,37094.0,57879.0,92006.0
42340,"Savannah, GA Metro Area",2013,132260,48958,19392.0,38584.0,62067.0,100632.0
42340,"Savannah, GA Metro Area",2014,135708,51809,22023.0,42558.0,65469.0,102964.0
42340,"Savannah, GA Metro Area",2015,138784,51390,22134.0,40178.0,63129.0,100413.0
42340,"Savannah, GA Metro Area",2016,143081,56535,24553.0,44656.0,71828.0,108616.0
42340,"Savannah, GA Metro Area",2017,142195,56610,23777.0,45680.0,73198.0,109943.0
42340,"Savannah, GA Metro Area",2018,142909,58178,24524.0,45987.0,73208.0,115495.0
42340,"Savannah, GA Metro Area",2019,142579,60371,24299.0,48645.0,73444.0,116500.0
42340,"Savannah, GA Metro Area",2021,160666,66245,26939.0,53939.0,81244.0,127435.0
42340,"Savannah, GA Metro Area",2022,163204,72098,27927.0,57214.0,86718.0,136200.0
42340,"Savannah, GA Metro Area",2023,165394,75196,32427.0,59503.0,92251.0,140095.0
42340,"Savannah, GA Metro Area",2024,163343,80518,35099.0,64213.0,100858.0,157545.0
42540,"Scranton--Wilkes-Barre, PA Metro Area",2005,228139,37225,,,,
42540,"Scranton--Wilkes-Barre, PA Metro Area",2006,226177,39934,16466.0,30606.0,49765.0,75820.0
42540,"Scranton--Wilkes-Barre, PA Metro Area",2007,227021,41945,17821.0,33184.0,51388.0,79927.0
42540,"Scranton--Wilkes-Barre, PA Metro Area",2008,229234,42025,18008.0,32427.0,52294.0,81829.0
42540,"Scranton--Wilkes-Barre, PA Metro Area",2009,232193,41823,17969.0,33083.0,52414.0,79984.0
42540,"Scranton--Wilkes-Barre, PA Metro Area",2010,225165,42368,18589.0,33278.0,52883.0,85486.0
42540,"Scranton--Wilkes-Barre, PA Metro Area",2011,227044,43901,18895.0,35221.0,54546.0,85174.0
42540,"Scranton--Wilkes-Barre, PA Metro Area",2012,225527,42883,18080.0,33140.0,53075.0,86030.0
42540,"Scranton--Wilkes-Barre--Hazleton, PA Metro Area",2013,223354,45333,18226.0,35341.0,56460.0,87135.0
42540,"Scranton--Wilkes-Barre--Hazleton, PA Metro Area",2014,220225,45257,18731.0,35475.0,56594.0,91662.0
42540,"Scranton--Wilkes-Barre--Hazleton, PA Metro Area",2015,221200,49670,19375.0,38027.0,61257.0,95950.0
42540,"Scranton--Wilkes-Barre--Hazleton, PA Metro Area",2016,220572,47422,19559.0,37074.0,60100.0,96981.0
42540,"Scranton--Wilkes-Barre--Hazleton, PA Metro Area",2017,223630,50891,21326.0,40295.0,64308.0,100470.0
42540,"Scranton--Wilkes-Barre--Hazleton, PA Metro Area",2018,227731,54115,21181.0,41985.0,66211.0,101252.0
42540,"Scranton--Wilkes-Barre, PA Metro Area",2019,230210,54304,23066.0,42282.0,66232.0,102527.0
42540,"Scranton--Wilkes-Barre, PA Metro Area",2021,233473,61174,24835.0,47857.0,75723.0,114401.0
42540,"Scranton--Wilkes-Barre, PA Metro Area",2022,235346,60537,24969.0,48564.0,76278.0,121119.0
42540,"Scranton--Wilkes-Barre, PA Metro Area",2023,236141,58834,22644.0,46001.0,74878.0,121776.0
42540,"Scranton--Wilkes-Barre, PA Metro Area",2024,238281,68079,28519.0,54026.0,83922.0,131251.0
42580,"Seaford, DE Micro Area",2005,70654,44942,,,,
42580,"Seaford, DE Micro Area",2006,73397,45876,20209.0,36237.0,57247.0,85559.0
42580,"Seaford, DE Micro Area",2007,74715,50976,21958.0,40717.0,62369.0,87679.0
42580,"Seaford, DE Micro Area",2008,74546,47426,22981.0,38287.0,58153.0,88699.0
42580,"Seaford, DE Micro Area",2009,73007,50729,24054.0,40982.0,60151.0,92735.0
42580,"Seaford, DE Micro Area",2010,74029,49006,22245.0,39480.0,57649.0,88810.0
42580,"Seaford, DE Micro Area",2011,74205,53644,24314.0,43685.0,64692.0,98994.0
42580,"Seaford, DE Micro Area",2012,77995,49471,21754.0,39220.0,62389.0,96651.0
42580,"Seaford, DE Micro Area",2023,111492,78061,37464.0,64437.0,91562.0,147721.0
42580,"Seaford, DE Micro Area",2024,114835,85258,38775.0,69109.0,101136.0,154997.0
42620,"Searcy, AR Micro Area",2005,27182,36551,,,,
42620,"Searcy, AR Micro Area",2006,27454,36259,16448.0,28134.0,44905.0,70866.0
42620,"Searcy, AR Micro Area",2007,26721,36859,18192.0,30415.0,44575.0,74504.0
42620,"Searcy, AR Micro Area",2008,28079,39047,15792.0,30598.0,48046.0,75596.0
42620,"Searcy, AR Micro Area",2009,28750,38161,19131.0,28964.0,45869.0,73366.0
42620,"Searcy, AR Micro Area",2010,29806,38326,15275.0,29314.0,46660.0,73161.0
42620,"Searcy, AR Micro Area",2011,30359,44626,15678.0,34299.0,59587.0,85889.0
42620,"Searcy, AR Micro Area",2012,29089,38853,16489.0,30676.0,51195.0,85385.0
42620,"Searcy, AR Micro Area",2013,29038,43643,16929.0,35505.0,54480.0,86716.0
42620,"Searcy, AR Micro Area",2014,29146,39340,15780.0,30093.0,54289.0,86664.0
42620,"Searcy, AR Micro Area",2015,28895,38986,15063.0,30406.0,52345.0,83179.0
42620,"Searcy, AR Micro Area",2016,28221,42844,19093.0,33860.0,52578.0,89492.0
42620,"Searcy, AR Micro Area",2017,29067,42443,20145.0,35701.0,58191.0,91744.0
42620,"Searcy, AR Micro Area",2018,29577,42270,18416.0,33627.0,54914.0,88735.0
42620,"Searcy, AR Micro Area",2019,28621,43399,19958.0,33986.0,57729.0,87992.0
42620,"Searcy, AR Micro Area",2021,29359,51402,23410.0,42799.0,63234.0,97908.0
42620,"Searcy, AR Micro Area",2022,29805,57015,21505.0,44915.0,68667.0,96664.0
42620,"Searcy, AR Micro Area",2023,30920,53688,22281.0,42102.0,72174.0,112823.0
42620,"Searcy, AR Micro Area",2024,31703,52537,19590.0,41154.0,68203.0,103213.0
42660,"Seattle-Tacoma-Bellevue, WA Metro Area",2005,1280591,54962,,,,
42660,"Seattle-Tacoma-Bellevue, WA Metro Area",2006,1293236,60663,27177.0,48651.0,73353.0,109514.0
42660,"Seattle-Tacoma-Bellevue, WA Metro Area",2007,1309665,63895,28845.0,51235.0,78440.0,116631.0
42660,"Seattle-Tacoma-Bellevue, WA Metro Area",2008,1341688,66465,30029.0,53087.0,80995.0,120953.0
42660,"Seattle-Tacoma-Bellevue, WA Metro Area",2009,1345187,64028,28984.0,51803.0,79179.0,119566.0
42660,"Seattle-Tacoma-Bellevue, WA Metro Area",2010,1353765,63088,27423.0,50576.0,77143.0,117150.0
42660,"Seattle-Tacoma-Bellevue, WA Metro Area",2011,1364274,64085,27970.0,50842.0,79349.0,122525.0
42660,"Seattle-Tacoma-Bellevue, WA Metro Area",2012,1375184,65677,28570.0,52232.0,81125.0,125911.0
42660,"Seattle-Tacoma-Bellevue, WA Metro Area",2013,1392337,67479,28759.0,52878.0,83856.0,130669.0
42660,"Seattle-Tacoma-Bellevue, WA Metro Area",2014,1406259,71273,30547.0,56552.0,88020.0,135468.0
42660,"Seattle-Tacoma-Bellevue, WA Metro Area",2015,1437222,75331,32534.0,60407.0,92258.0,142311.0
42660,"Seattle-Tacoma-Bellevue, WA Metro Area",2016,1464941,78612,34576.0,62448.0,96579.0,149887.0
42660,"Seattle-Tacoma-Bellevue, WA Metro Area",2017,1490337,82133,36277.0,66527.0,101896.0,156447.0
42660,"Seattle-Tacoma-Bellevue, WA Metro Area",2018,1526210,87910,39077.0,70541.0,107986.0,165655.0
42660,"Seattle-Tacoma-Bellevue, WA Metro Area",2019,1541245,94027,41159.0,74838.0,114122.0,179534.0
42660,"Seattle-Tacoma-Bellevue, WA Metro Area",2021,1584796,101721,42804.0,80316.0,124685.0,197502.0
42660,"Seattle-Tacoma-Bellevue, WA Metro Area",2022,1611580,106909,45847.0,84969.0,131612.0,213530.0
42660,"Seattle-Tacoma-Bellevue, WA Metro Area",2023,1627693,110744,47324.0,88922.0,137336.0,219396.0
42660,"Seattle-Tacoma-Bellevue, WA Metro Area",2024,1658652,112388,49357.0,90867.0,141544.0,231360.0
42680,"Sebastian-Vero Beach, FL Metro Area",2006,59550,43685,21238.0,35616.0,55538.0,89933.0
42680,"Sebastian-Vero Beach, FL Metro Area",2007,57334,46081,22875.0,35708.0,54458.0,82276.0
42680,"Sebastian-Vero Beach, FL Metro Area",2008,60427,46410,20768.0,38036.0,59764.0,98034.0
42680,"Sebastian-Vero Beach, FL Metro Area",2009,61398,42712,19768.0,34983.0,51062.0,82105.0
42680,"Sebastian-Vero Beach, FL Metro Area",2010,53151,47335,19740.0,35937.0,57460.0,91566.0
42680,"Sebastian-Vero Beach, FL Metro Area",2011,57515,39767,18511.0,31137.0,51475.0,91215.0
42680,"Sebastian-Vero Beach, FL Metro Area",2012,58950,40413,17159.0,31456.0,51448.0,87871.0
42680,"Sebastian-Vero Beach, FL Metro Area",2013,57435,42401,20858.0,34520.0,53765.0,90885.0
42680,"Sebastian-Vero Beach, FL Metro Area",2014,55618,46238,21315.0,34795.0,57468.0,100389.0
42680,"Sebastian-Vero Beach, FL Metro Area",2015,55494,49379,24316.0,40379.0,59474.0,96684.0
42680,"Sebastian-Vero Beach, FL Metro Area",2016,55427,49072,21421.0,40485.0,58969.0,96237.0
42680,"Sebastian-Vero Beach, FL Metro Area",2017,58044,49177,25108.0,41789.0,63454.0,103511.0
42680,"Sebastian-Vero Beach, FL Metro Area",2018,57636,57508,22287.0,43771.0,72852.0,113701.0
42680,"Sebastian-Vero Beach, FL Metro Area",2019,63917,59782,25562.0,45685.0,74044.0,116638.0
42680,"Sebastian-Vero Beach, FL Metro Area",2021,69974,58972,28338.0,50061.0,73700.0,122427.0
42680,"Sebastian-Vero Beach, FL Metro Area",2022,72199,67407,29743.0,52579.0,79719.0,140130.0
42680,"Sebastian-Vero Beach-West Vero Corridor, FL Metro Area",2023,72833,72920,30054.0,60229.0,85683.0,134022.0
42680,"Sebastian-Vero Beach-West Vero Corridor, FL Metro Area",2024,76308,79849,35115.0,64363.0,99828.0,163157.0
42700,"Sebring, FL Micro Area",2005,39437,30309,,,,
42700,"Sebring, FL Micro Area",2006,40989,32894,18418.0,28909.0,39606.0,60587.0
42700,"Sebring, FL Micro Area",2007,41295,33047,13645.0,27003.0,39203.0,60538.0
42700,"Sebring, FL Micro Area",2008,38894,31971,16284.0,27139.0,39065.0,61598.0
42700,"Sebring, FL Micro Area",2009,39062,33225,16858.0,27415.0,38859.0,58912.0
42700,"Sebring, FL Micro Area",2010,39675,34561,17264.0,28116.0,41380.0,62060.0
42700,"Sebring, FL Micro Area",2011,40123,33652,16981.0,28335.0,39804.0,61954.0
42700,"Sebring, FL Micro Area",2012,39112,34733,15133.0,27986.0,42706.0,67071.0
42700,"Sebring, FL Metro Area",2013,40368,33811,16539.0,28367.0,41923.0,67658.0
42700,"Sebring, FL Metro Area",2014,39288,36120,17581.0,29388.0,42819.0,65776.0
42700,"Sebring, FL Metro Area",2015,41116,34242,17607.0,28588.0,41919.0,65948.0
42700,"Sebring, FL Metro Area",2016,38808,36490,17585.0,30122.0,43226.0,64187.0
42700,"Sebring, FL Metro Area",2017,42948,35543,17483.0,28548.0,45388.0,71708.0
42700,"Sebring, FL Metro Area",2018,40573,39796,20396.0,31646.0,51949.0,79522.0
42700,"Sebring-Avon Park, FL Metro Area",2019,43351,48698,20212.0,39940.0,60060.0,85214.0
42700,"Sebring-Avon Park, FL Metro Area",2021,46166,48564,21092.0,38307.0,60298.0,89307.0
42700,"Sebring-Avon Park, FL Metro Area",2022,47706,52799,21424.0,40998.0,62073.0,102813.0
42700,"Sebring, FL Metro Area",2023,47278,51165,21068.0,42217.0,61517.0,97059.0
42700,"Sebring, FL Metro Area",2024,50610,57580,24868.0,48382.0,70728.0,100675.0
42860,"Seneca, SC Micro Area",2005,28647,38251,,,,
42860,"Seneca, SC Micro Area",2006,28087,39679,16535.0,30398.0,48806.0,76500.0
42860,"Seneca, SC Micro Area",2007,29267,40197,15541.0,30842.0,51119.0,78381.0
42860,"Seneca, SC Micro Area",2008,31240,41171,18071.0,34708.0,51059.0,80006.0
42860,"Seneca, SC Micro Area",2009,30958,36587,13665.0,27844.0,46823.0,76657.0
42860,"Seneca, SC Micro Area",2010,29783,42848,19056.0,33181.0,53534.0,82089.0
42860,"Seneca, SC Micro Area",2011,29728,41153,17399.0,30369.0,52758.0,75385.0
42860,"Seneca, SC Micro Area",2012,30688,37383,17795.0,28742.0,49609.0,80886.0
42860,"Seneca, SC Micro Area",2013,29866,40565,18564.0,32595.0,49637.0,79906.0
42860,"Seneca, SC Micro Area",2014,32113,35159,16267.0,28716.0,50218.0,76140.0
42860,"Seneca, SC Micro Area",2015,31488,43266,18771.0,33675.0,54688.0,83311.0
42860,"Seneca, SC Micro Area",2016,31498,43743,19690.0,35905.0,54200.0,93190.0
42860,"Seneca, SC Micro Area",2017,32189,50192,21375.0,39928.0,61679.0,97529.0
42860,"Seneca, SC Micro Area",2018,31612,47132,18460.0,34341.0,58334.0,97838.0
42860,"Seneca, SC Micro Area",2019,31530,48204,24117.0,39054.0,61885.0,102313.0
42860,"Seneca, SC Micro Area",2021,34023,50393,20937.0,38959.0,59407.0,100224.0
42860,"Seneca, SC Micro Area",2022,37516,55195,20448.0,44089.0,74567.0,128246.0
42860,"Seneca, SC Micro Area",2023,34416,67124,26070.0,50875.0,81385.0,129303.0
42860,"Seneca, SC Micro Area",2024,36684,66492,25211.0,49194.0,87315.0,140665.0
42940,"Sevierville, TN Micro Area",2005,31563,37598,,,,
42940,"Sevierville, TN Micro Area",2006,30893,39555,18339.0,30848.0,45613.0,70924.0
42940,"Sevierville, TN Micro Area",2007,31247,39552,18175.0,32248.0,51827.0,75400.0
42940,"Sevierville, TN Micro Area",2008,31220,39765,18556.0,30879.0,48316.0,77571.0
42940,"Sevierville, TN Micro Area",2009,31027,42099,19171.0,35676.0,50518.0,76780.0
42940,"Sevierville, TN Micro Area",2010,36141,40402,17444.0,30970.0,50578.0,75903.0
42940,"Sevierville, TN Micro Area",2011,35873,42066,18380.0,33183.0,53180.0,80547.0
42940,"Sevierville, TN Micro Area",2012,36334,43292,18888.0,34787.0,50712.0,79222.0
42940,"Sevierville, TN Micro Area",2013,36836,40715,18160.0,31764.0,52764.0,75667.0
42940,"Sevierville, TN Micro Area",2014,35072,39175,17897.0,31493.0,50006.0,82173.0
42940,"Sevierville, TN Micro Area",2015,37846,42107,21686.0,36004.0,54076.0,78823.0
42940,"Sevierville, TN Micro Area",2016,36098,45609,22652.0,37164.0,54239.0,77676.0
42940,"Sevierville, TN Micro Area",2017,36444,49963,25182.0,41116.0,57679.0,79306.0
42940,"Sevierville, TN Micro Area",2018,36861,47411,22466.0,38111.0,55628.0,88115.0
42940,"Sevierville, TN Micro Area",2019,37933,57741,22487.0,42501.0,67425.0,100059.0
42940,"Sevierville, TN Micro Area",2021,36670,50239,25383.0,41498.0,63041.0,103387.0
42940,"Sevierville, TN Micro Area",2022,42814,59315,25991.0,49204.0,72964.0,112407.0
42940,"Sevierville, TN Micro Area",2023,42727,59665,27393.0,48263.0,73619.0,111456.0
42940,"Sevierville, TN Micro Area",2024,42410,61683,25512.0,49559.0,76339.0,115348.0
43060,"Shawnee, OK Micro Area",2005,25356,33974,,,,
43060,"Shawnee, OK Micro Area",2006,24352,36411,14791.0,28939.0,47186.0,69948.0
43060,"Shawnee, OK Micro Area",2007,25397,38310,16262.0,30929.0,46471.0,73681.0
43060,"Shawnee, OK Micro Area",2008,24578,42652,19210.0,34720.0,48979.0,74647.0
43060,"Shawnee, OK Micro Area",2009,24470,38486,16352.0,28899.0,47028.0,69154.0
43060,"Shawnee, OK Micro Area",2010,26086,36795,16068.0,28929.0,46205.0,69346.0
43060,"Shawnee, OK Micro Area",2011,25663,42272,17534.0,31261.0,51805.0,91542.0
43060,"Shawnee, OK Micro Area",2012,26333,42440,17722.0,34299.0,52602.0,82070.0
43060,"Shawnee, OK Micro Area",2013,25894,45012,18277.0,35006.0,54173.0,80687.0
43060,"Shawnee, OK Micro Area",2014,25733,46839,19633.0,35036.0,55723.0,85364.0
43060,"Shawnee, OK Micro Area",2015,26111,43317,18285.0,34727.0,51669.0,81863.0
43060,"Shawnee, OK Micro Area",2016,25547,41716,20462.0,35116.0,52462.0,84270.0
43060,"Shawnee, OK Micro Area",2017,25877,48744,18836.0,36600.0,61026.0,92190.0
43060,"Shawnee, OK Micro Area",2018,26714,48776,19431.0,36892.0,58582.0,92821.0
43060,"Shawnee, OK Micro Area",2019,25655,53511,20726.0,41313.0,64917.0,99419.0
43060,"Shawnee, OK Micro Area",2021,26650,51451,22319.0,40485.0,63060.0,98833.0
43060,"Shawnee, OK Micro Area",2022,26887,50583,20176.0,38890.0,65628.0,101072.0
43060,"Shawnee, OK Micro Area",2023,27150,56579,21875.0,43294.0,70437.0,107906.0
43060,"Shawnee, OK Micro Area",2024,27318,61352,24215.0,48897.0,76785.0,121599.0
43100,"Sheboygan, WI Metro Area",2005,45216,51034,,,,
43100,"Sheboygan, WI Metro Area",2006,46575,46375,26255.0,38371.0,58122.0,82155.0
43100,"Sheboygan, WI Metro Area",2007,46763,52082,23261.0,41346.0,62422.0,86881.0
43100,"Sheboygan, WI Metro Area",2008,46191,51881,24592.0,42080.0,63297.0,90007.0
43100,"Sheboygan, WI Metro Area",2009,45804,52217,24939.0,41201.0,63945.0,90943.0
43100,"Sheboygan, WI Metro Area",2010,46153,49440,23346.0,40408.0,58640.0,88549.0
43100,"Sheboygan, WI Metro Area",2011,45977,50935,24682.0,41521.0,60477.0,89813.0
43100,"Sheboygan, WI Metro Area",2012,46653,51899,24237.0,41694.0,62190.0,90522.0
43100,"Sheboygan, WI Metro Area",2013,47295,50678,24500.0,41472.0,59950.0,90060.0
43100,"Sheboygan, WI Metro Area",2014,46504,54042,25186.0,44456.0,64697.0,95933.0
43100,"Sheboygan, WI Metro Area",2015,47438,57047,24797.0,46499.0,69233.0,101357.0
43100,"Sheboygan, WI Metro Area",2016,47652,54059,26684.0,45168.0,68782.0,100511.0
43100,"Sheboygan, WI Metro Area",2017,48347,58361,27339.0,45536.0,68557.0,99168.0
43100,"Sheboygan, WI Metro Area",2018,46308,60896,27487.0,50136.0,72740.0,109348.0
43100,"Sheboygan, WI Metro Area",2019,48691,60706,32658.0,51025.0,71468.0,105069.0
43100,"Sheboygan, WI Metro Area",2021,49416,62188,30544.0,51359.0,76293.0,117348.0
43100,"Sheboygan, WI Metro Area",2022,50534,62978,34883.0,56008.0,78644.0,119357.0
43100,"Sheboygan, WI Metro Area",2023,49852,72902,38562.0,62286.0,91182.0,132736.0
43100,"Sheboygan, WI Metro Area",2024,50118,71992,35168.0,56343.0,90836.0,129768.0
43140,"Shelby, NC Micro Area",2005,37927,34628,,,,
43140,"Shelby, NC Micro Area",2006,36260,36582,15348.0,28104.0,46613.0,72415.0
43140,"Shelby, NC Micro Area",2007,36611,36045,14048.0,26822.0,45306.0,68598.0
43140,"Shelby, NC Micro Area",2008,38503,36748,15930.0,30117.0,46434.0,72406.0
43140,"Shelby, NC Micro Area",2009,38804,37902,16390.0,30130.0,46195.0,72517.0
43140,"Shelby, NC Micro Area",2010,37208,38282,14415.0,29333.0,48246.0,71398.0
43140,"Shelby, NC Micro Area",2011,36513,35753,14022.0,26817.0,45079.0,76819.0
43140,"Shelby, NC Micro Area",2012,36818,35547,13561.0,25231.0,46808.0,71035.0
43140,"Shelby, NC Micro Area",2013,38409,40581,16815.0,30100.0,49781.0,77158.0
43140,"Shelby, NC Micro Area",2014,37038,37433,15579.0,29294.0,47567.0,71991.0
43140,"Shelby, NC Micro Area",2015,36291,38885,15753.0,31818.0,47340.0,75554.0
43140,"Shelby, NC Micro Area",2016,36405,36992,12855.0,30006.0,45990.0,78565.0
43140,"Shelby, NC Micro Area",2017,39609,37205,16289.0,29196.0,45059.0,73283.0
43140,"Shelby, NC Micro Area",2018,34574,40690,16513.0,33952.0,55272.0,84773.0
43140,"Shelby, NC Micro Area",2019,30599,44987,17999.0,35871.0,55034.0,89259.0
43140,"Shelby, NC Micro Area",2021,40296,47150,21529.0,37205.0,58715.0,94637.0
43140,"Shelby, NC Micro Area",2022,38712,51470,22230.0,40329.0,65467.0,105553.0
43140,"Shelby-Kings Mountain, NC Micro Area",2023,39314,62186,26746.0,49980.0,74480.0,121529.0
43140,"Shelby-Kings Mountain, NC Micro Area",2024,39088,60966,25991.0,48845.0,75975.0,115273.0
43220,"Shelton, WA Micro Area",2018,25864,58094,23798.0,47625.0,71520.0,97024.0
43220,"Shelton, WA Micro Area",2019,24820,63983,31597.0,55239.0,81149.0,123041.0
43220,"Shelton, WA Micro Area",2021,25036,77070,27344.0,60679.0,93183.0,131842.0
43220,"Shelton, WA Micro Area",2022,27099,80139,37830.0,63429.0,100203.0,151093.0
43220,"Shelton, WA Micro Area",2023,25161,74508,30770.0,60328.0,93298.0,141529.0
43220,"Shelton, WA Micro Area",2024,28225,88999,40806.0,69882.0,106980.0,156591.0
43300,"Sherman-Denison, TX Metro Area",2005,43113,38877,,,,
43300,"Sherman-Denison, TX Metro Area",2006,45202,43328,20131.0,34934.0,53514.0,80598.0
43300,"Sherman-Denison, TX Metro Area",2007,43556,44802,22140.0,38456.0,56114.0,85824.0
43300,"Sherman-Denison, TX Metro Area",2008,44588,45882,20832.0,35147.0,54918.0,88083.0
43300,"Sherman-Denison, TX Metro Area",2009,46019,43261,19930.0,35875.0,51185.0,81807.0
43300,"Sherman-Denison, TX Metro Area",2010,44885,45577,19416.0,35236.0,57673.0,83814.0
43300,"Sherman-Denison, TX Metro Area",2011,46447,44574,18661.0,35014.0,56071.0,86812.0
43300,"Sherman-Denison, TX Metro Area",2012,47770,47475,20776.0,36500.0,58372.0,90056.0
43300,"Sherman-Denison, TX Metro Area",2013,46311,44378,18993.0,35769.0,55645.0,86731.0
43300,"Sherman-Denison, TX Metro Area",2014,46621,52058,20565.0,40220.0,67145.0,92071.0
43300,"Sherman-Denison, TX Metro Area",2015,47538,48126,20508.0,36937.0,61054.0,98398.0
43300,"Sherman-Denison, TX Metro Area",2016,47135,52095,22723.0,42382.0,63798.0,97016.0
43300,"Sherman-Denison, TX Metro Area",2017,49176,56718,23336.0,42464.0,73291.0,103247.0
43300,"Sherman-Denison, TX Metro Area",2018,48963,51158,24680.0,42873.0,64938.0,99350.0
43300,"Sherman-Denison, TX Metro Area",2019,49024,57476,24481.0,43213.0,68126.0,107596.0
43300,"Sherman-Denison, TX Metro Area",2021,56005,62919,28866.0,51654.0,77700.0,127581.0
43300,"Sherman-Denison, TX Metro Area",2022,54309,66106,30917.0,52265.0,81930.0,136336.0
43300,"Sherman-Denison, TX Metro Area",2023,56267,69019,33239.0,52590.0,91402.0,146645.0
43300,"Sherman-Denison, TX Metro Area",2024,60472,72260,31425.0,59341.0,90097.0,140915.0
43320,"Show Low, AZ Micro Area",2008,36400,41090,17420.0,31008.0,53508.0,80313.0
43320,"Show Low, AZ Micro Area",2009,35112,34547,13578.0,27060.0,42956.0,70621.0
43320,"Show Low, AZ Micro Area",2010,34891,40623,11980.0,28846.0,51983.0,77238.0
43320,"Show Low, AZ Micro Area",2011,33305,30937,13558.0,24167.0,40650.0,67617.0
43320,"Show Low, AZ Micro Area",2012,35488,34298,13076.0,26305.0,42968.0,65002.0
43320,"Show Low, AZ Micro Area",2013,34147,38400,12890.0,28525.0,49036.0,77557.0
43320,"Show Low, AZ Micro Area",2014,33236,34600,12131.0,25518.0,44937.0,71537.0
43320,"Show Low, AZ Micro Area",2015,33772,37833,13725.0,27145.0,49681.0,76258.0
43320,"Show Low, AZ Micro Area",2016,33587,36998,13996.0,28127.0,46971.0,78054.0
43320,"Show Low, AZ Micro Area",2017,36094,41295,13565.0,31849.0,50868.0,87769.0
43320,"Show Low, AZ Micro Area",2018,34285,40463,15263.0,32548.0,50661.0,81676.0
43320,"Show Low, AZ Micro Area",2019,38732,38897,18185.0,31182.0,49718.0,84585.0
43320,"Show Low, AZ Micro Area",2021,40087,49449,18970.0,37715.0,59476.0,89657.0
43320,"Show Low, AZ Micro Area",2022,41415,49487,18337.0,37172.0,61215.0,105653.0
43320,"Show Low, AZ Micro Area",2023,41945,50754,17406.0,40969.0,65280.0,101948.0
43320,"Show Low, AZ Micro Area",2024,44008,52393,21638.0,41909.0,65783.0,98498.0
43340,"Shreveport-Bossier City, LA Metro Area",2005,147868,36022,,,,
43340,"Shreveport-Bossier City, LA Metro Area",2006,147352,36669,15144.0,30024.0,46974.0,77986.0
43340,"Shreveport-Bossier City, LA Metro Area",2007,151642,38975,14049.0,28566.0,50165.0,81267.0
43340,"Shreveport-Bossier City, LA Metro Area",2008,148779,39529,17334.0,31152.0,49084.0,82378.0
43340,"Shreveport-Bossier City, LA Metro Area",2009,154991,40936,15939.0,32071.0,51708.0,82845.0
43340,"Shreveport-Bossier City, LA Metro Area",2010,154252,40762,16435.0,30342.0,51731.0,83349.0
43340,"Shreveport-Bossier City, LA Metro Area",2011,154371,43634,16809.0,32363.0,55470.0,91715.0
43340,"Shreveport-Bossier City, LA Metro Area",2012,153275,44118,18507.0,34731.0,56590.0,94118.0
43340,"Shreveport-Bossier City, LA Metro Area",2013,169481,41583,17360.0,31940.0,54426.0,89336.0
43340,"Shreveport-Bossier City, LA Metro Area",2014,167018,42157,15543.0,31840.0,52377.0,88956.0
43340,"Shreveport-Bossier City, LA Metro Area",2015,171531,43292,16871.0,32417.0,55999.0,90476.0
43340,"Shreveport-Bossier City, LA Metro Area",2016,170899,40445,15927.0,30527.0,50499.0,86532.0
43340,"Shreveport-Bossier City, LA Metro Area",2017,172294,38627,15639.0,29713.0,50815.0,84963.0
43340,"Shreveport-Bossier City, LA Metro Area",2018,171540,41969,18647.0,31718.0,54893.0,94128.0
43340,"Shreveport-Bossier City, LA Metro Area",2019,153824,47447,16580.0,34879.0,59809.0,100776.0
43340,"Shreveport-Bossier City, LA Metro Area",2021,155848,48164,18970.0,38227.0,61807.0,106650.0
43340,"Shreveport-Bossier City, LA Metro Area",2022,157155,52775,20199.0,40892.0,64305.0,107163.0
43340,"Shreveport-Bossier City, LA Metro Area",2023,164006,54904,21804.0,43221.0,72724.0,112258.0
43340,"Shreveport-Bossier City, LA Metro Area",2024,160819,57514,21002.0,43980.0,72998.0,116627.0
43420,"Sierra Vista-Douglas, AZ Micro Area",2005,48571,36027,,,,
43420,"Sierra Vista-Douglas, AZ Micro Area",2006,48718,38427,15239.0,30293.0,47460.0,80387.0
43420,"Sierra Vista-Douglas, AZ Micro Area",2007,48054,44499,20272.0,33944.0,53360.0,84141.0
43420,"Sierra Vista-Douglas, AZ Micro Area",2008,47692,44549,20288.0,36889.0,56720.0,86788.0
43420,"Sierra Vista-Douglas, AZ Micro Area",2009,48839,45706,19130.0,35863.0,58196.0,92130.0
43420,"Sierra Vista-Douglas, AZ Micro Area",2010,49834,45213,19785.0,35421.0,52081.0,84718.0
43420,"Sierra Vista-Douglas, AZ Micro Area",2011,47402,40903,16758.0,29973.0,51087.0,84686.0
43420,"Sierra Vista-Douglas, AZ Micro Area",2012,49983,43252,16730.0,32981.0,52262.0,85839.0
43420,"Sierra Vista-Douglas, AZ Metro Area",2013,48368,46647,17281.0,36384.0,59770.0,97402.0
43420,"Sierra Vista-Douglas, AZ Metro Area",2014,47653,45688,16899.0,35121.0,55228.0,89935.0
43420,"Sierra Vista-Douglas, AZ Metro Area",2015,50202,43291,17631.0,34179.0,56948.0,89653.0
43420,"Sierra Vista-Douglas, AZ Metro Area",2016,50147,45508,17714.0,34364.0,53942.0,83209.0
43420,"Sierra Vista-Douglas, AZ Metro Area",2017,48939,51816,22697.0,42059.0,64147.0,93931.0
43420,"Sierra Vista-Douglas, AZ Metro Area",2018,49751,50495,19952.0,38812.0,61135.0,96460.0
43420,"Sierra Vista-Douglas, AZ Metro Area",2019,51982,48484,23514.0,40371.0,62317.0,104722.0
43420,"Sierra Vista-Douglas, AZ Metro Area",2021,49952,56600,21123.0,45483.0,69976.0,104074.0
43420,"Sierra Vista-Douglas, AZ Metro Area",2022,49981,55031,23540.0,44350.0,70052.0,110736.0
43420,"Sierra Vista-Douglas, AZ Metro Area",2023,50919,52025,21379.0,42230.0,63158.0,110020.0
43420,"Sierra Vista-Douglas, AZ Metro Area",2024,53712,60723,27747.0,49095.0,76321.0,120324.0
43580,"Sioux City, IA-NE-SD Metro Area",2005,54664,42905,,,,
43580,"Sioux City, IA-NE-SD Metro Area",2006,54963,42862,18863.0,34509.0,51483.0,78609.0
43580,"Sioux City, IA-NE-SD Metro Area",2007,53866,45118,19184.0,36408.0,53272.0,76041.0
43580,"Sioux City, IA-NE-SD Metro Area",2008,54831,44244,20424.0,36445.0,56053.0,81360.0
43580,"Sioux City, IA-NE-SD Metro Area",2009,54811,45422,20035.0,36136.0,54065.0,81137.0
43580,"Sioux City, IA-NE-SD Metro Area",2010,54012,44038,19380.0,35571.0,54506.0,84971.0
43580,"Sioux City, IA-NE-SD Metro Area",2011,54922,46431,19648.0,36316.0,56657.0,87184.0
43580,"Sioux City, IA-NE-SD Metro Area",2012,53573,44879,21220.0,35821.0,55872.0,83407.0
43580,"Sioux City, IA-NE-SD Metro Area",2013,63754,47270,21641.0,38844.0,57842.0,87331.0
43580,"Sioux City, IA-NE-SD Metro Area",2014,64369,49981,20880.0,38975.0,61324.0,90377.0
43580,"Sioux City, IA-NE-SD Metro Area",2015,63198,52698,21672.0,41667.0,63740.0,100361.0
43580,"Sioux City, IA-NE-SD Metro Area",2016,64589,56687,25883.0,46081.0,68785.0,100117.0
43580,"Sioux City, IA-NE-SD Metro Area",2017,65877,57207,25935.0,47021.0,69839.0,106736.0
43580,"Sioux City, IA-NE-SD Metro Area",2018,65930,61576,26737.0,49714.0,77324.0,110670.0
43580,"Sioux City, IA-NE-SD Metro Area",2019,56092,60132,26624.0,46430.0,76978.0,109425.0
43580,"Sioux City, IA-NE-SD Metro Area",2021,57421,64232,29480.0,49081.0,80157.0,118643.0
43580,"Sioux City, IA-NE-SD Metro Area",2022,58633,66935,29681.0,55483.0,82179.0,123504.0
43580,"Sioux City, IA-NE-SD Metro Area",2023,55198,70718,28681.0,54189.0,86226.0,124792.0
43580,"Sioux City, IA-NE-SD Metro Area",2024,55997,80163,35215.0,62956.0,95708.0,136131.0
43620,"Sioux Falls, SD Metro Area",2005,82752,46497,,,,
43620,"Sioux Falls, SD Metro Area",2006,83708,51327,23437.0,41498.0,60224.0,85559.0
43620,"Sioux Falls, SD Metro Area",2007,85405,50287,24593.0,40717.0,60817.0,88359.0
43620,"Sioux Falls, SD Metro Area",2008,88273,56890,26728.0,46260.0,65419.0,90697.0
43620,"Sioux Falls, SD Metro Area",2009,86409,50498,24054.0,40050.0,61122.0,89675.0
43620,"Sioux Falls, SD Metro Area",2010,89664,52050,24448.0,41903.0,63589.0,93956.0
43620,"Sioux Falls, SD Metro Area",2011,90887,55609,23983.0,42947.0,67832.0,95553.0
43620,"Sioux Falls, SD Metro Area",2012,90466,51745,26047.0,42633.0,63125.0,95187.0
43620,"Sioux Falls, SD Metro Area",2013,94244,55952,28160.0,45474.0,67133.0,97648.0
43620,"Sioux Falls, SD Metro Area",2014,94764,58849,27095.0,46390.0,71065.0,105037.0
43620,"Sioux Falls, SD Metro Area",2015,98273,59844,25873.0,47015.0,72053.0,106756.0
43620,"Sioux Falls, SD Metro Area",2016,98176,63931,29488.0,50966.0,77194.0,110716.0
43620,"Sioux Falls, SD Metro Area",2017,102654,64882,30014.0,52262.0,79198.0,112451.0
43620,"Sioux Falls, SD Metro Area",2018,102650,61196,30439.0,50353.0,76102.0,108413.0
43620,"Sioux Falls, SD Metro Area",2019,107499,65566,31801.0,53190.0,79748.0,120882.0
43620,"Sioux Falls, SD Metro Area",2021,114967,75946,34591.0,62200.0,89212.0,131504.0
43620,"Sioux Falls, SD Metro Area",2022,119013,77605,38008.0,63176.0,96767.0,141897.0
43620,"Sioux Falls, SD-MN Metro Area",2023,126616,76226,36200.0,61854.0,96742.0,145925.0
43620,"Sioux Falls, SD-MN Metro Area",2024,130223,82509,40699.0,67172.0,101923.0,153633.0
43640,"Slidell-Mandeville-Covington, LA Metro Area",2023,106164,76420,33117.0,60901.0,93842.0,154271.0
43640,"Slidell-Mandeville-Covington, LA Metro Area",2024,107308,82337,35355.0,66548.0,101578.0,157370.0
43700,"Somerset, KY Micro Area",2021,25509,44561,14675.0,31266.0,55984.0,88610.0
43700,"Somerset, KY Micro Area",2022,27552,44649,21486.0,36878.0,56996.0,92743.0
43700,"Somerset, KY Micro Area",2023,26203,55667,24177.0,44835.0,67880.0,107735.0
43700,"Somerset, KY Micro Area",2024,27097,56911,20596.0,46165.0,72231.0,99683.0
43740,"Somerset, PA Micro Area",2005,31758,33083,,,,
43740,"Somerset, PA Micro Area",2006,30332,33837,15198.0,27876.0,42609.0,66090.0
43740,"Somerset, PA Micro Area",2007,30593,37554,15940.0,29345.0,45613.0,66792.0
43740,"Somerset, PA Micro Area",2008,30615,37639,17106.0,29144.0,46678.0,69166.0
43740,"Somerset, PA Micro Area",2009,29960,39362,17719.0,30390.0,49848.0,72182.0
43740,"Somerset, PA Micro Area",2010,29592,39978,16253.0,31251.0,47569.0,70270.0
43740,"Somerset, PA Micro Area",2011,28898,38658,19141.0,31448.0,48452.0,76577.0
43740,"Somerset, PA Micro Area",2012,30048,46263,20801.0,36448.0,55061.0,79393.0
43740,"Somerset, PA Micro Area",2013,30066,43429,21509.0,35961.0,55115.0,85006.0
43740,"Somerset, PA Micro Area",2014,29481,46217,21009.0,37403.0,56233.0,81951.0
43740,"Somerset, PA Micro Area",2015,29199,43660,19599.0,33289.0,52468.0,85580.0
43740,"Somerset, PA Micro Area",2016,29189,43871,20772.0,34914.0,55042.0,81841.0
43740,"Somerset, PA Micro Area",2017,29405,48846,21444.0,37989.0,58376.0,86506.0
43740,"Somerset, PA Micro Area",2018,28796,50988,23931.0,40237.0,62427.0,91650.0
43740,"Somerset, PA Micro Area",2019,29456,48895,22990.0,39445.0,63045.0,93642.0
43740,"Somerset, PA Micro Area",2021,29115,54352,23477.0,44940.0,66343.0,101454.0
43740,"Somerset, PA Micro Area",2022,29464,48438,23840.0,39139.0,65335.0,104684.0
43740,"Somerset, PA Micro Area",2023,29435,60515,24791.0,45232.0,71136.0,102026.0
43740,"Somerset, PA Micro Area",2024,29893,63164,27083.0,53639.0,77625.0,116963.0
43780,"South Bend-Mishawaka, IN-MI Metro Area",2005,123612,41282,,,,
43780,"South Bend-Mishawaka, IN-MI Metro Area",2006,120393,43773,20042.0,35342.0,54588.0,81557.0
43780,"South Bend-Mishawaka, IN-MI Metro Area",2007,120627,43534,20329.0,35522.0,54524.0,83096.0
43780,"South Bend-Mishawaka, IN-MI Metro Area",2008,119313,43704,20159.0,35278.0,53421.0,83374.0
43780,"South Bend-Mishawaka, IN-MI Metro Area",2009,122038,43607,18847.0,35044.0,53472.0,83017.0
43780,"South Bend-Mishawaka, IN-MI Metro Area",2010,119517,41991,18622.0,33138.0,53256.0,84031.0
43780,"South Bend-Mishawaka, IN-MI Metro Area",2011,121910,43880,19141.0,34612.0,53442.0,85878.0
43780,"South Bend-Mishawaka, IN-MI Metro Area",2012,121241,44769,19651.0,35361.0,54663.0,83670.0
43780,"South Bend-Mishawaka, IN-MI Metro Area",2013,123138,40784,18196.0,33040.0,50424.0,80850.0
43780,"South Bend-Mishawaka, IN-MI Metro Area",2014,121857,46610,20442.0,36423.0,56990.0,88074.0
43780,"South Bend-Mishawaka, IN-MI Metro Area",2015,119494,47207,21419.0,37211.0,58135.0,91302.0
43780,"South Bend-Mishawaka, IN-MI Metro Area",2016,117259,49117,20038.0,38095.0,60215.0,96149.0
43780,"South Bend-Mishawaka, IN-MI Metro Area",2017,119873,51880,22369.0,41092.0,64939.0,104909.0
43780,"South Bend-Mishawaka, IN-MI Metro Area",2018,128578,54715,24077.0,42300.0,66716.0,102311.0
43780,"South Bend-Mishawaka, IN-MI Metro Area",2019,126331,53471,22775.0,42169.0,65185.0,105471.0
43780,"South Bend-Mishawaka, IN-MI Metro Area",2021,128774,59416,25081.0,46899.0,74260.0,116878.0
43780,"South Bend-Mishawaka, IN-MI Metro Area",2022,127381,60772,27942.0,48168.0,75619.0,120460.0
43780,"South Bend-Mishawaka, IN-MI Metro Area",2023,128897,65834,28118.0,52156.0,79365.0,125506.0
43780,"South Bend-Mishawaka, IN-MI Metro Area",2024,128463,63894,30203.0,52467.0,79131.0,126348.0
43860,"Southern Pines-Pinehurst, NC Micro Area",2005,32824,37440,,,,
43860,"Southern Pines-Pinehurst, NC Micro Area",2006,31154,43616,19617.0,35074.0,54382.0,74341.0
43860,"Southern Pines-Pinehurst, NC Micro Area",2007,26315,51332,21295.0,40272.0,61603.0,87592.0
43860,"Southern Pines-Pinehurst, NC Micro Area",2008,31743,46697,21266.0,37703.0,59086.0,86821.0
43860,"Southern Pines-Pinehurst, NC Micro Area",2009,36931,45193,21895.0,35540.0,54797.0,84704.0
43860,"Southern Pines-Pinehurst, NC Micro Area",2010,37834,47692,17638.0,34889.0,59801.0,91251.0
43860,"Southern Pines-Pinehurst, NC Micro Area",2011,35673,45158,18561.0,33969.0,54925.0,85831.0
43860,"Southern Pines-Pinehurst, NC Micro Area",2012,37060,49763,19609.0,37740.0,62796.0,100184.0
43900,"Spartanburg, SC Metro Area",2005,102575,37347,,,,
43900,"Spartanburg, SC Metro Area",2006,107254,39694,16474.0,30810.0,50660.0,80591.0
43900,"Spartanburg, SC Metro Area",2007,104485,40923,17211.0,31394.0,49968.0,77923.0
43900,"Spartanburg, SC Metro Area",2008,106848,45185,17632.0,35180.0,55966.0,82007.0
43900,"Spartanburg, SC Metro Area",2009,106692,39691,16899.0,31410.0,49858.0,79209.0
43900,"Spartanburg, SC Metro Area",2010,105598,41850,17209.0,33832.0,52305.0,81065.0
43900,"Spartanburg, SC Metro Area",2011,105420,40167,15763.0,31874.0,50926.0,83650.0
43900,"Spartanburg, SC Metro Area",2012,108569,40879,17384.0,32432.0,51072.0,80426.0
43900,"Spartanburg, SC Metro Area",2013,119827,41062,16511.0,32020.0,51715.0,82030.0
43900,"Spartanburg, SC Metro Area",2014,121860,43161,19547.0,34049.0,53425.0,81771.0
43900,"Spartanburg, SC Metro Area",2015,124570,44028,19424.0,35050.0,55668.0,85269.0
43900,"Spartanburg, SC Metro Area",2016,125096,46554,20567.0,36539.0,56963.0,87215.0
43900,"Spartanburg, SC Metro Area",2017,126242,50074,20743.0,39732.0,60964.0,94016.0
43900,"Spartanburg, SC Metro Area",2018,127652,51853,22799.0,42302.0,65554.0,93714.0
43900,"Spartanburg, SC Metro Area",2019,121256,55339,23760.0,44091.0,67112.0,101977.0
43900,"Spartanburg, SC Metro Area",2021,128437,60472,26288.0,48207.0,73275.0,112639.0
43900,"Spartanburg, SC Metro Area",2022,133018,57755,27159.0,46750.0,70903.0,114245.0
43900,"Spartanburg, SC Metro Area",2023,146672,61196,28613.0,49471.0,75105.0,116866.0
43900,"Spartanburg, SC Metro Area",2024,149902,68505,31837.0,55240.0,82838.0,132161.0
44060,"Spokane, WA Metro Area",2005,177754,41667,,,,
44060,"Spokane, WA Metro Area",2006,178958,42408,19661.0,34103.0,52406.0,78377.0
44060,"Spokane, WA Metro Area",2007,180645,46382,20448.0,36490.0,56930.0,84328.0
44060,"Spokane, WA Metro Area",2008,184672,48395,20768.0,40093.0,59074.0,88991.0
44060,"Spokane, WA Metro Area",2009,185827,44719,18913.0,35980.0,56802.0,88842.0
44060,"Spokane, WA Metro Area",2010,187672,47039,20353.0,37986.0,57070.0,87477.0
44060,"Spokane, WA Metro Area",2011,187360,49078,20060.0,36496.0,59809.0,88645.0
44060,"Spokane, WA Metro Area",2012,189004,47624,19634.0,36927.0,59091.0,91788.0
44060,"Spokane-Spokane Valley, WA Metro Area",2013,208513,47485,19540.0,36676.0,58720.0,91027.0
44060,"Spokane-Spokane Valley, WA Metro Area",2014,209867,49320,20738.0,38434.0,61004.0,93454.0
44060,"Spokane-Spokane Valley, WA Metro Area",2015,215652,47548,20825.0,37126.0,59352.0,91390.0
44060,"Spokane-Spokane Valley, WA Metro Area",2016,217598,52955,23357.0,41852.0,64828.0,100235.0
44060,"Spokane-Spokane Valley, WA Metro Area",2017,224113,53321,24523.0,42785.0,69424.0,106937.0
44060,"Spokane-Spokane Valley, WA Metro Area",2018,229018,58546,24315.0,45621.0,70628.0,106629.0
44060,"Spokane-Spokane Valley, WA Metro Area",2019,229880,59646,26437.0,47905.0,72387.0,114665.0
44060,"Spokane-Spokane Valley, WA Metro Area",2021,237024,65283,29164.0,52259.0,80321.0,123883.0
44060,"Spokane-Spokane Valley, WA Metro Area",2022,240227,68829,30089.0,54874.0,87639.0,131497.0
44060,"Spokane-Spokane Valley, WA Metro Area",2023,239251,72819,31624.0,58565.0,89219.0,138976.0
44060,"Spokane-Spokane Valley, WA Metro Area",2024,245144,84350,36757.0,66190.0,101218.0,153876.0
44100,"Springfield, IL Metro Area",2005,85382,46375,,,,
44100,"Springfield, IL Metro Area",2006,86276,48388,21423.0,39749.0,57300.0,89019.0
44100,"Springfield, IL Metro Area",2007,87911,47974,21809.0,38340.0,58696.0,91064.0
44100,"Springfield, IL Metro Area",2008,86405,53551,21813.0,41943.0,65478.0,95754.0
44100,"Springfield, IL Metro Area",2009,88253,52649,22650.0,42687.0,64268.0,94657.0
44100,"Springfield, IL Metro Area",2010,88364,50423,21551.0,39485.0,61390.0,96957.0
44100,"Springfield, IL Metro Area",2011,87671,51280,20671.0,40376.0,63201.0,102541.0
44100,"Springfield, IL Metro Area",2012,87490,55621,22543.0,43505.0,67068.0,104172.0
44100,"Springfield, IL Metro Area",2013,87918,55366,21779.0,42114.0,68226.0,106062.0
44100,"Springfield, IL Metro Area",2014,88468,55021,21684.0,43201.0,68966.0,107842.0
44100,"Springfield, IL Metro Area",2015,88081,57824,23696.0,45543.0,70983.0,111415.0
44100,"Springfield, IL Metro Area",2016,87484,53798,22222.0,42413.0,67168.0,108841.0
44100,"Springfield, IL Metro Area",2017,89434,61573,23277.0,49412.0,76889.0,115260.0
44100,"Springfield, IL Metro Area",2018,88301,63521,24696.0,49408.0,79890.0,117139.0
44100,"Springfield, IL Metro Area",2019,88394,62205,26847.0,50109.0,77968.0,120040.0
44100,"Springfield, IL Metro Area",2021,89340,68796,27334.0,54557.0,83819.0,130238.0
44100,"Springfield, IL Metro Area",2022,86964,73918,31487.0,57978.0,90737.0,137657.0
44100,"Springfield, IL Metro Area",2023,91114,72201,31044.0,56827.0,91285.0,141370.0
44100,"Springfield, IL Metro Area",2024,91607,80190,34970.0,65642.0,99419.0,155643.0
44140,"Springfield, MA Metro Area",2005,265188,44040,,,,
44140,"Springfield, MA Metro Area",2006,258921,47186,18050.0,37309.0,59063.0,89982.0
44140,"Springfield, MA Metro Area",2007,260619,48981,17574.0,37034.0,61221.0,93860.0
44140,"Springfield, MA Metro Area",2008,262916,51613,19802.0,40762.0,64156.0,96794.0
44140,"Springfield, MA Metro Area",2009,267069,49177,18552.0,38497.0,60968.0,96519.0
44140,"Springfield, MA Metro Area",2010,270260,49209,17971.0,37801.0,61986.0,97974.0
44140,"Springfield, MA Metro Area",2011,265490,50229,18759.0,37653.0,62740.0,98241.0
44140,"Springfield, MA Metro Area",2012,263453,51531,18822.0,39513.0,64719.0,102223.0
44140,"Springfield, MA Metro Area",2013,234947,52397,19161.0,40049.0,68176.0,106428.0
44140,"Springfield, MA Metro Area",2014,235074,50916,19175.0,38300.0,65457.0,105715.0
44140,"Springfield, MA Metro Area",2015,233619,53393,20134.0,41419.0,68759.0,110478.0
44140,"Springfield, MA Metro Area",2016,236790,54855,21830.0,41577.0,71642.0,110934.0
44140,"Springfield, MA Metro Area",2017,238781,55379,21004.0,42666.0,70853.0,118002.0
44140,"Springfield, MA Metro Area",2018,237580,57857,21641.0,43693.0,75176.0,121772.0
44140,"Springfield, MA Metro Area",2019,270899,62346,23443.0,49047.0,78733.0,126589.0
44140,"Springfield, MA Metro Area",2021,275788,65520,23820.0,51009.0,82100.0,131315.0
44140,"Springfield, MA Metro Area",2022,277761,68400,23809.0,51910.0,85350.0,133866.0
44140,"Springfield, MA Metro Area",2023,184698,66997,23034.0,51067.0,85317.0,134550.0
44140,"Springfield, MA Metro Area",2024,184235,71402,25523.0,54858.0,91698.0,145809.0
44180,"Springfield, MO Metro Area",2005,160183,37537,,,,
44180,"Springfield, MO Metro Area",2006,165143,38974,18364.0,31116.0,46096.0,70577.0
44180,"Springfield, MO Metro Area",2007,168158,41480,18395.0,32374.0,50781.0,76787.0
44180,"Springfield, MO Metro Area",2008,171666,45319,20002.0,36044.0,54781.0,82522.0
44180,"Springfield, MO Metro Area",2009,172091,39744,16920.0,31909.0,48741.0,74479.0
44180,"Springfield, MO Metro Area",2010,173946,40084,17423.0,31810.0,48720.0,75898.0
44180,"Springfield, MO Metro Area",2011,173517,41439,19382.0,32955.0,51228.0,77735.0
44180,"Springfield, MO Metro Area",2012,176987,42263,18796.0,33900.0,51835.0,78791.0
44180,"Springfield, MO Metro Area",2013,179138,41034,18831.0,32437.0,50873.0,80135.0
44180,"Springfield, MO Metro Area",2014,179069,41248,18692.0,33167.0,52087.0,81606.0
44180,"Springfield, MO Metro Area",2015,179752,44786,20929.0,36096.0,55873.0,86358.0
44180,"Springfield, MO Metro Area",2016,181989,45337,20245.0,35799.0,55960.0,86109.0
44180,"Springfield, MO Metro Area",2017,183438,48151,21236.0,38011.0,58886.0,92454.0
44180,"Springfield, MO Metro Area",2018,192513,46905,20369.0,37024.0,58011.0,91035.0
44180,"Springfield, MO Metro Area",2019,198019,47034,20891.0,36813.0,59533.0,95633.0
44180,"Springfield, MO Metro Area",2021,195260,56896,25799.0,46450.0,70750.0,106216.0
44180,"Springfield, MO Metro Area",2022,199835,57822,25696.0,46019.0,73089.0,108669.0
44180,"Springfield, MO Metro Area",2023,200832,62921,30098.0,51097.0,78844.0,120190.0
44180,"Springfield, MO Metro Area",2024,201977,67219,31407.0,55248.0,82731.0,125488.0
44220,"Springfield, OH Metro Area",2005,55551,39319,,,,
44220,"Springfield, OH Metro Area",2006,56292,42546,19061.0,34457.0,50687.0,76956.0
44220,"Springfield, OH Metro Area",2007,54093,42687,17862.0,32908.0,53175.0,79965.0
44220,"Springfield, OH Metro Area",2008,54606,45467,21485.0,38579.0,55333.0,82682.0
44220,"Springfield, OH Metro Area",2009,55848,42367,18946.0,34901.0,49869.0,78867.0
44220,"Springfield, OH Metro Area",2010,55459,39580,16575.0,31739.0,49682.0,76359.0
44220,"Springfield, OH Metro Area",2011,54573,41292,16682.0,32232.0,50843.0,83951.0
44220,"Springfield, OH Metro Area",2012,54288,39178,17913.0,30777.0,47833.0,77145.0
44220,"Springfield, OH Metro Area",2013,54372,43742,19111.0,33886.0,54623.0,88465.0
44220,"Springfield, OH Metro Area",2014,55199,41729,18269.0,35149.0,52063.0,82501.0
44220,"Springfield, OH Metro Area",2015,54232,47963,21138.0,37801.0,60785.0,90269.0
44220,"Springfield, OH Metro Area",2016,54548,46811,20881.0,37085.0,58207.0,87096.0
44220,"Springfield, OH Metro Area",2017,54026,46665,21851.0,37741.0,57953.0,93741.0
44220,"Springfield, OH Metro Area",2018,55327,49875,24343.0,41371.0,60959.0,92296.0
44220,"Springfield, OH Metro Area",2019,54406,50128,22852.0,40097.0,62441.0,96717.0
44220,"Springfield, OH Metro Area",2021,57013,59431,23357.0,46314.0,73083.0,110261.0
44220,"Springfield, OH Metro Area",2022,56033,56132,25594.0,46025.0,66050.0,106230.0
44220,"Springfield, OH Metro Area",2023,55322,57910,25534.0,48090.0,73764.0,115254.0
44220,"Springfield, OH Metro Area",2024,57357,64897,27305.0,51006.0,79343.0,124750.0
44300,"State College, PA Metro Area",2005,51888,38450,,,,
44300,"State College, PA Metro Area",2006,50014,40886,16156.0,32120.0,52031.0,86426.0
44300,"State College, PA Metro Area",2007,52515,44644,17202.0,34585.0,55475.0,86940.0
44300,"State College, PA Metro Area",2008,51205,47549,20466.0,38079.0,59820.0,92933.0
44300,"State College, PA Metro Area",2009,53246,48960,18077.0,38924.0,57897.0,93335.0
44300,"State College, PA Metro Area",2010,56358,44746,19144.0,36314.0,57531.0,91710.0
44300,"State College, PA Metro Area",2011,58695,46988,16377.0,36302.0,61308.0,94605.0
44300,"State College, PA Metro Area",2012,56980,50809,19452.0,36296.0,64356.0,103453.0
44300,"State College, PA Metro Area",2013,56729,53207,22014.0,41291.0,64556.0,104120.0
44300,"State College, PA Metro Area",2014,57583,51367,19026.0,39971.0,67410.0,103242.0
44300,"State College, PA Metro Area",2015,56116,56337,23878.0,43442.0,70477.0,109442.0
44300,"State College, PA Metro Area",2016,57410,60266,23163.0,47184.0,74783.0,118062.0
44300,"State College, PA Metro Area",2017,58629,55895,22078.0,43689.0,71737.0,111751.0
44300,"State College, PA Metro Area",2018,58514,57333,20474.0,43708.0,72255.0,113807.0
44300,"State College, PA Metro Area",2019,58963,60706,24166.0,49408.0,76169.0,123674.0
44300,"State College, PA Metro Area",2021,57518,66789,25308.0,49812.0,87995.0,140406.0
44300,"State College, PA Metro Area",2022,60457,66602,24507.0,51870.0,85406.0,140327.0
44300,"State College, PA Metro Area",2023,62175,69101,26751.0,54231.0,86661.0,135439.0
44300,"State College, PA Metro Area",2024,57295,77110,30039.0,58403.0,97274.0,158615.0
44340,"Statesboro, GA Micro Area",2007,24525,34135,12341.0,26812.0,44427.0,70910.0
44340,"Statesboro, GA Micro Area",2008,24036,39490,12095.0,30371.0,48569.0,79367.0
44340,"Statesboro, GA Micro Area",2009,24172,32185,9964.0,23084.0,45103.0,82852.0
44340,"Statesboro, GA Micro Area",2010,25215,29170,11953.0,24391.0,37666.0,70274.0
44340,"Statesboro, GA Micro Area",2011,25535,32251,9080.0,22413.0,46260.0,72753.0
44340,"Statesboro, GA Micro Area",2012,26718,35856,13535.0,30173.0,45811.0,77516.0
44340,"Statesboro, GA Micro Area",2013,25010,36153,11335.0,26985.0,46092.0,72556.0
44340,"Statesboro, GA Micro Area",2014,25844,32841,12442.0,23796.0,42233.0,76663.0
44340,"Statesboro, GA Micro Area",2015,26495,33477,12035.0,26269.0,44167.0,85851.0
44340,"Statesboro, GA Micro Area",2016,26411,43982,15541.0,33224.0,52168.0,84785.0
44340,"Statesboro, GA Micro Area",2017,27802,42138,16146.0,31474.0,50522.0,92001.0
44340,"Statesboro, GA Micro Area",2018,27097,44179,19208.0,35384.0,54064.0,88508.0
44340,"Statesboro, GA Micro Area",2019,28660,50436,21804.0,38490.0,61418.0,84247.0
44340,"Statesboro, GA Micro Area",2021,29318,57656,22894.0,45373.0,66819.0,100471.0
44340,"Statesboro, GA Micro Area",2022,31804,47297,17450.0,38917.0,60040.0,103990.0
44340,"Statesboro, GA Micro Area",2023,35811,53297,19582.0,43618.0,65640.0,109648.0
44340,"Statesboro, GA Micro Area",2024,36598,54066,21591.0,43749.0,66363.0,99251.0
44380,"Statesville-Mooresville, NC Micro Area",2005,54684,44200,,,,
44380,"Statesville-Mooresville, NC Micro Area",2006,55684,43307,18827.0,36740.0,56413.0,85408.0
44380,"Statesville-Mooresville, NC Micro Area",2007,57295,50500,21547.0,42408.0,60149.0,91226.0
44380,"Statesville-Mooresville, NC Micro Area",2008,61243,50343,20965.0,38074.0,62633.0,90252.0
44380,"Statesville-Mooresville, NC Micro Area",2009,60643,47344,18366.0,37693.0,59894.0,90674.0
44380,"Statesville-Mooresville, NC Micro Area",2010,58813,45714,19213.0,36448.0,57673.0,90618.0
44380,"Statesville-Mooresville, NC Micro Area",2011,59952,50241,21202.0,38050.0,59950.0,103499.0
44380,"Statesville-Mooresville, NC Micro Area",2012,58660,49219,20556.0,37157.0,60079.0,91684.0
44420,"Staunton-Waynesboro, VA Micro Area",2005,45997,41988,,,,
44420,"Staunton-Waynesboro, VA Micro Area",2006,45514,42438,17164.0,32313.0,53248.0,76619.0
44420,"Staunton-Waynesboro, VA Micro Area",2007,46651,44631,18895.0,36661.0,51971.0,78556.0
44420,"Staunton-Waynesboro, VA Micro Area",2008,48776,45910,21421.0,37294.0,54921.0,83736.0
44420,"Staunton-Waynesboro, VA Micro Area",2009,46847,46907,19189.0,37188.0,55797.0,82105.0
44420,"Staunton-Waynesboro, VA Micro Area",2010,45218,46292,19575.0,37148.0,56286.0,79617.0
44420,"Staunton-Waynesboro, VA Micro Area",2011,47364,44358,19607.0,36038.0,56788.0,80348.0
44420,"Staunton-Waynesboro, VA Micro Area",2012,48860,45943,21599.0,36724.0,56077.0,84487.0
44420,"Staunton-Waynesboro, VA Metro Area",2013,46086,49767,20957.0,40894.0,59210.0,94707.0
44420,"Staunton-Waynesboro, VA Metro Area",2014,48754,52603,20782.0,41950.0,60395.0,91600.0
44420,"Staunton-Waynesboro, VA Metro Area",2015,46768,49834,22703.0,39039.0,62172.0,86727.0
44420,"Staunton-Waynesboro, VA Metro Area",2016,50508,51147,23304.0,41285.0,62922.0,94114.0
44420,"Staunton-Waynesboro, VA Metro Area",2017,50325,54249,22428.0,42672.0,67004.0,97036.0
44420,"Staunton-Waynesboro, VA Metro Area",2018,50045,52625,23558.0,44807.0,64576.0,100862.0
44420,"Staunton, VA Metro Area",2019,51142,57844,29021.0,47490.0,71587.0,106364.0
44420,"Staunton, VA Metro Area",2021,51802,60488,26975.0,48453.0,80403.0,116904.0
44420,"Staunton, VA Metro Area",2022,50966,73924,27344.0,55632.0,88205.0,122204.0
44420,"Staunton-Stuarts Draft, VA Metro Area",2023,54483,63275,27772.0,50341.0,81016.0,123518.0
44420,"Staunton-Stuarts Draft, VA Metro Area",2024,54364,73653,35931.0,60168.0,87993.0,127329.0
44600,"Steubenville-Weirton, OH-WV Metro Area",2010,52107,35666,16162.0,27229.0,43719.0,72667.0
44600,"Steubenville-Weirton, OH-WV Metro Area",2011,49844,41652,16991.0,33443.0,50194.0,77096.0
44600,"Steubenville-Weirton, OH-WV Metro Area",2012,50663,38775,17145.0,31783.0,49189.0,77680.0
44620,"Stevens Point, WI Micro Area",2006,26498,52354,21487.0,40315.0,61228.0,86426.0
44620,"Stevens Point, WI Micro Area",2007,26903,48715,20341.0,39610.0,61183.0,90124.0
44620,"Stevens Point, WI Micro Area",2008,27681,49858,18579.0,40203.0,61686.0,90106.0
44620,"Stevens Point, WI Micro Area",2009,27120,50282,19818.0,40602.0,59131.0,84207.0
44620,"Stevens Point, WI Micro Area",2010,28920,48620,21718.0,38741.0,58782.0,84912.0
44620,"Stevens Point, WI Micro Area",2011,27479,49680,21192.0,40472.0,59961.0,84722.0
44620,"Stevens Point, WI Micro Area",2012,28270,45215,20578.0,37550.0,56507.0,87245.0
44620,"Stevens Point, WI Micro Area",2013,27605,49872,20035.0,37677.0,60647.0,91125.0
44620,"Stevens Point, WI Micro Area",2014,27360,51399,22860.0,42241.0,63698.0,95104.0
44620,"Stevens Point, WI Micro Area",2015,27856,57244,23389.0,45653.0,70720.0,102401.0
44620,"Stevens Point, WI Micro Area",2016,28009,53655,23987.0,46345.0,64401.0,100570.0
44620,"Stevens Point, WI Micro Area",2017,28679,52247,24425.0,43200.0,64836.0,99696.0
44620,"Stevens Point, WI Micro Area",2018,29193,57452,23726.0,45835.0,71029.0,107881.0
44620,"Stevens Point, WI Micro Area",2019,29063,56358,26757.0,45398.0,72248.0,110565.0
44620,"Stevens Point, WI Micro Area",2021,29937,65928,31922.0,54354.0,77730.0,111940.0
44620,"Stevens Point, WI Micro Area",2022,29895,70061,32742.0,55047.0,86627.0,122939.0
44620,"Stevens Point-Plover, WI Micro Area",2023,30620,69391,33665.0,58447.0,89357.0,130029.0
44620,"Stevens Point-Plover, WI Micro Area",2024,29529,72996,37301.0,60854.0,86097.0,132711.0
44660,"Stillwater, OK Micro Area",2006,25330,37432,14454.0,26209.0,46172.0,71343.0
44660,"Stillwater, OK Micro Area",2007,29146,32051,13263.0,25300.0,39209.0,72897.0
44660,"Stillwater, OK Micro Area",2008,28675,38508,13861.0,27826.0,50537.0,76573.0
44660,"Stillwater, OK Micro Area",2009,30000,33662,11958.0,23589.0,45548.0,79099.0
44660,"Stillwater, OK Micro Area",2010,30344,35488,13544.0,29326.0,48854.0,78314.0
44660,"Stillwater, OK Micro Area",2011,30929,35181,12151.0,28085.0,45586.0,76077.0
44660,"Stillwater, OK Micro Area",2012,29867,35831,13639.0,27898.0,44531.0,77930.0
44660,"Stillwater, OK Micro Area",2013,30026,36087,12042.0,26914.0,47310.0,85488.0
44660,"Stillwater, OK Micro Area",2014,29934,38642,15095.0,28182.0,47877.0,81749.0
44660,"Stillwater, OK Micro Area",2015,30876,39840,13283.0,27978.0,49288.0,79370.0
44660,"Stillwater, OK Micro Area",2016,30657,35927,10665.0,26235.0,49492.0,91852.0
44660,"Stillwater, OK Micro Area",2017,30009,36914,15161.0,27907.0,46817.0,91807.0
44660,"Stillwater, OK Micro Area",2018,30734,48031,17558.0,35091.0,59890.0,98043.0
44660,"Stillwater, OK Micro Area",2019,31788,41272,15541.0,32521.0,51498.0,86188.0
44660,"Stillwater, OK Micro Area",2021,31537,49348,16620.0,36892.0,60523.0,89231.0
44660,"Stillwater, OK Micro Area",2022,33781,45684,18369.0,34738.0,57528.0,100585.0
44660,"Stillwater, OK Micro Area",2023,32739,56371,18011.0,38374.0,73094.0,116630.0
44660,"Stillwater, OK Micro Area",2024,33188,52099,17494.0,41990.0,66461.0,117185.0
44700,"Stockton, CA Metro Area",2005,206346,49391,,,,
44700,"Stockton, CA Metro Area",2006,210462,51951,22769.0,41688.0,63435.0,99081.0
44700,"Stockton, CA Metro Area",2007,207370,52470,23793.0,42747.0,64921.0,104454.0
44700,"Stockton, CA Metro Area",2008,205056,54882,21736.0,43423.0,67326.0,103489.0
44700,"Stockton, CA Metro Area",2009,208513,52789,23127.0,42314.0,65997.0,100639.0
44700,"Stockton, CA Metro Area",2010,215469,50011,22686.0,39844.0,61919.0,98025.0
44700,"Stockton, CA Metro Area",2011,213749,50853,21310.0,40592.0,61760.0,100201.0
44700,"Stockton, CA Metro Area",2012,215761,50722,20895.0,40518.0,63840.0,102907.0
44700,"Stockton-Lodi, CA Metro Area",2013,216309,51432,20945.0,40276.0,63916.0,102784.0
44700,"Stockton-Lodi, CA Metro Area",2014,221874,51659,20722.0,39937.0,65538.0,106200.0
44700,"Stockton-Lodi, CA Metro Area",2015,223062,53705,22865.0,41825.0,67666.0,106864.0
44700,"Stockton-Lodi, CA Metro Area",2016,227186,59518,24433.0,47041.0,73565.0,115601.0
44700,"Stockton-Lodi, CA Metro Area",2017,226624,61164,25063.0,47928.0,77947.0,123064.0
44700,"Stockton-Lodi, CA Metro Area",2018,231917,64119,26300.0,51027.0,80380.0,125557.0
44700,"Stockton, CA Metro Area",2019,230241,68997,30289.0,55632.0,84729.0,135824.0
44700,"Stockton, CA Metro Area",2021,241760,80681,33301.0,65816.0,97502.0,150874.0
44700,"Stockton, CA Metro Area",2022,241903,86056,36731.0,68633.0,105489.0,162018.0
44700,"Stockton-Lodi, CA Metro Area",2023,251091,87418,39941.0,71524.0,108104.0,171056.0
44700,"Stockton-Lodi, CA Metro Area",2024,252693,93038,40254.0,76579.0,114033.0,174916.0
44940,"Sumter, SC Metro Area",2005,39002,33696,,,,
44940,"Sumter, SC Metro Area",2006,39030,35461,14541.0,27509.0,44738.0,73305.0
44940,"Sumter, SC Metro Area",2007,39445,39030,16025.0,31026.0,46963.0,71871.0
44940,"Sumter, SC Metro Area",2008,39631,37648,16614.0,29812.0,48891.0,74322.0
44940,"Sumter, SC Metro Area",2009,37767,37689,17038.0,30067.0,46457.0,70921.0
44940,"Sumter, SC Metro Area",2010,38363,36457,15013.0,27421.0,44716.0,70009.0
44940,"Sumter, SC Metro Area",2011,41041,42009,19557.0,33561.0,49481.0,74150.0
44940,"Sumter, SC Metro Area",2012,40321,39667,17293.0,32302.0,48690.0,78298.0
44940,"Sumter, SC Metro Area",2013,39739,39780,17084.0,31787.0,50118.0,80147.0
44940,"Sumter, SC Metro Area",2014,39936,36633,15808.0,26715.0,46806.0,75161.0
44940,"Sumter, SC Metro Area",2015,41017,41169,18889.0,34569.0,51121.0,77811.0
44940,"Sumter, SC Metro Area",2016,41439,40614,16058.0,30408.0,49620.0,79153.0
44940,"Sumter, SC Metro Area",2017,41878,45585,17258.0,34207.0,56679.0,88211.0
44940,"Sumter, SC Metro Area",2018,40396,45994,21360.0,37319.0,55781.0,83573.0
44940,"Sumter, SC Metro Area",2019,56459,49263,18458.0,38987.0,58075.0,92613.0
44940,"Sumter, SC Metro Area",2021,54669,43210,13974.0,32605.0,54036.0,89789.0
44940,"Sumter, SC Metro Area",2022,53824,55695,23587.0,42788.0,68225.0,104847.0
44940,"Sumter, SC Metro Area",2023,40059,55982,21119.0,43854.0,67181.0,113186.0
44940,"Sumter, SC Metro Area",2024,40928,56824,27011.0,44801.0,68698.0,107281.0
44980,"Sunbury, PA Micro Area",2005,39022,36073,,,,
44980,"Sunbury, PA Micro Area",2006,38014,35985,14681.0,27721.0,45022.0,67341.0
44980,"Sunbury, PA Micro Area",2007,37998,36591,15707.0,28899.0,45841.0,70230.0
44980,"Sunbury, PA Micro Area",2008,38267,40506,17692.0,32382.0,48188.0,73527.0
44980,"Sunbury, PA Micro Area",2009,38291,37602,17038.0,30003.0,43924.0,69748.0
44980,"Sunbury, PA Micro Area",2010,38424,35394,17729.0,29068.0,46991.0,71888.0
44980,"Sunbury, PA Micro Area",2011,39378,39822,19643.0,32551.0,50787.0,82138.0
44980,"Sunbury, PA Micro Area",2012,39070,40948,18386.0,32415.0,50040.0,78179.0
44980,"Sunbury, PA Micro Area",2013,39428,41011,18398.0,32713.0,51054.0,79376.0
44980,"Sunbury, PA Micro Area",2014,38712,39778,18785.0,32039.0,51203.0,77211.0
44980,"Sunbury, PA Micro Area",2015,39981,44989,20195.0,35364.0,55469.0,83101.0
44980,"Sunbury, PA Micro Area",2016,38098,47736,21011.0,37331.0,57755.0,88173.0
44980,"Sunbury, PA Micro Area",2017,37684,44895,18407.0,34752.0,58805.0,86591.0
44980,"Sunbury, PA Micro Area",2018,38816,47160,19417.0,34709.0,61565.0,99379.0
44980,"Sunbury, PA Micro Area",2019,38592,47349,23472.0,37807.0,58371.0,92350.0
44980,"Sunbury, PA Micro Area",2021,37823,50751,24282.0,41907.0,62411.0,102847.0
44980,"Sunbury, PA Micro Area",2022,38451,58987,22353.0,46432.0,73851.0,111960.0
44980,"Sunbury, PA Micro Area",2023,45377,60444,26542.0,49945.0,74249.0,116215.0
44980,"Sunbury, PA Micro Area",2024,46052,64268,28403.0,53911.0,80309.0,121628.0
45060,"Syracuse, NY Metro Area",2005,256421,44727,,,,
45060,"Syracuse, NY Metro Area",2006,253573,44857,18038.0,34714.0,55361.0,85574.0
45060,"Syracuse, NY Metro Area",2007,250639,48600,20992.0,38812.0,59548.0,91883.0
45060,"Syracuse, NY Metro Area",2008,258125,48962,20159.0,39342.0,60761.0,96502.0
45060,"Syracuse, NY Metro Area",2009,256596,49630,20451.0,38852.0,60893.0,93643.0
45060,"Syracuse, NY Metro Area",2010,255612,49694,20110.0,38283.0,61118.0,96179.0
45060,"Syracuse, NY Metro Area",2011,252215,51391,20730.0,40077.0,63824.0,98331.0
45060,"Syracuse, NY Metro Area",2012,257456,51259,20290.0,40712.0,62696.0,98697.0
45060,"Syracuse, NY Metro Area",2013,256161,51496,21472.0,40324.0,65481.0,101302.0
45060,"Syracuse, NY Metro Area",2014,257052,51915,21570.0,40974.0,64725.0,101169.0
45060,"Syracuse, NY Metro Area",2015,254001,56371,23575.0,45442.0,70031.0,105820.0
45060,"Syracuse, NY Metro Area",2016,253229,56702,22199.0,44179.0,71127.0,111310.0
45060,"Syracuse, NY Metro Area",2017,257704,56780,24688.0,45985.0,70268.0,112230.0
45060,"Syracuse, NY Metro Area",2018,257443,58715,23982.0,46854.0,74786.0,116738.0
45060,"Syracuse, NY Metro Area",2019,255844,61213,24290.0,48573.0,76847.0,118544.0
45060,"Syracuse, NY Metro Area",2021,270350,64296,24679.0,51486.0,80043.0,126584.0
45060,"Syracuse, NY Metro Area",2022,275997,68304,27601.0,54710.0,84726.0,135411.0
45060,"Syracuse, NY Metro Area",2023,273464,73268,30842.0,58668.0,93457.0,143737.0
45060,"Syracuse, NY Metro Area",2024,275626,76313,31007.0,59747.0,96037.0,148078.0
45180,"Talladega-Sylacauga, AL Micro Area",2005,29590,31505,,,,
45180,"Talladega-Sylacauga, AL Micro Area",2006,29343,33639,13843.0,24513.0,41684.0,66534.0
45180,"Talladega-Sylacauga, AL Micro Area",2007,31545,39297,13725.0,30741.0,48976.0,73497.0
45180,"Talladega-Sylacauga, AL Micro Area",2008,30635,33838,13954.0,25617.0,45358.0,71093.0
45180,"Talladega-Sylacauga, AL Micro Area",2009,31191,36526,13947.0,28101.0,45427.0,74056.0
45180,"Talladega-Sylacauga, AL Micro Area",2010,30119,34488,15448.0,29099.0,41061.0,63126.0
45180,"Talladega-Sylacauga, AL Micro Area",2011,32044,30367,12052.0,23850.0,39881.0,67625.0
45180,"Talladega-Sylacauga, AL Micro Area",2012,31923,31547,13811.0,24968.0,42483.0,66074.0
45180,"Talladega-Sylacauga, AL Micro Area",2013,36038,37810,17072.0,30798.0,45773.0,76791.0
45180,"Talladega-Sylacauga, AL Micro Area",2014,34375,39107,14645.0,29273.0,47079.0,72278.0
45180,"Talladega-Sylacauga, AL Micro Area",2015,35574,33443,14971.0,26768.0,42425.0,73986.0
45180,"Talladega-Sylacauga, AL Micro Area",2016,35703,38098,17218.0,30485.0,48198.0,77753.0
45180,"Talladega-Sylacauga, AL Micro Area",2017,35817,40621,18070.0,31477.0,50848.0,83927.0
45180,"Talladega-Sylacauga, AL Micro Area",2018,35349,42026,15995.0,33823.0,56824.0,91986.0
45180,"Talladega-Sylacauga, AL Micro Area",2019,30602,50147,17412.0,32341.0,65917.0,100314.0
45180,"Talladega-Sylacauga, AL Micro Area",2021,33775,45063,15748.0,33402.0,59481.0,90439.0
45180,"Talladega-Sylacauga, AL Micro Area",2022,34679,56876,20570.0,45259.0,67651.0,110865.0
45180,"Talladega-Sylacauga, AL Micro Area",2023,38388,61514,22690.0,51114.0,69418.0,108335.0
45180,"Talladega-Sylacauga, AL Micro Area",2024,39076,52562,18563.0,41173.0,64681.0,111518.0
45220,"Tallahassee, FL Metro Area",2005,138144,42335,,,,
45220,"Tallahassee, FL Metro Area",2006,139186,42892,17298.0,32156.0,55113.0,83807.0
45220,"Tallahassee, FL Metro Area",2007,138547,46891,17478.0,36432.0,57588.0,90668.0
45220,"Tallahassee, FL Metro Area",2008,142778,44074,18565.0,35097.0,55281.0,89759.0
45220,"Tallahassee, FL Metro Area",2009,141205,39973,14897.0,32381.0,51814.0,85511.0
45220,"Tallahassee, FL Metro Area",2010,141996,41511,13254.0,32095.0,52636.0,87706.0
45220,"Tallahassee, FL Metro Area",2011,142521,43950,16447.0,34648.0,57549.0,93389.0
45220,"Tallahassee, FL Metro Area",2012,140759,44715,16407.0,33575.0,55638.0,90272.0
45220,"Tallahassee, FL Metro Area",2013,143291,44420,16996.0,34998.0,56395.0,92210.0
45220,"Tallahassee, FL Metro Area",2014,144333,44242,17636.0,34928.0,57009.0,95366.0
45220,"Tallahassee, FL Metro Area",2015,142295,44295,18520.0,35430.0,55082.0,90274.0
45220,"Tallahassee, FL Metro Area",2016,142991,50654,21351.0,39599.0,62157.0,100052.0
45220,"Tallahassee, FL Metro Area",2017,147734,50825,21365.0,40293.0,64561.0,102671.0
45220,"Tallahassee, FL Metro Area",2018,146351,50682,19608.0,39189.0,65135.0,105783.0
45220,"Tallahassee, FL Metro Area",2019,152648,52729,20442.0,41066.0,65313.0,106468.0
45220,"Tallahassee, FL Metro Area",2021,155921,58945,25121.0,45851.0,73476.0,117773.0
45220,"Tallahassee, FL Metro Area",2022,156383,58018,22421.0,46293.0,75279.0,119843.0
45220,"Tallahassee, FL Metro Area",2023,163838,63993,25782.0,50491.0,80105.0,135549.0
45220,"Tallahassee, FL Metro Area",2024,165331,65009,24574.0,49985.0,83691.0,137450.0
45300,"Tampa-St. Petersburg-Clearwater, FL Metro Area",2005,1106911,41852,,,,
45300,"Tampa-St. Petersburg-Clearwater, FL Metro Area",2006,1110528,43742,20068.0,35169.0,54201.0,85596.0
45300,"Tampa-St. Petersburg-Clearwater, FL Metro Area",2007,1110634,46607,21083.0,37512.0,58089.0,90669.0
45300,"Tampa-St. Petersburg-Clearwater, FL Metro Area",2008,1098922,46319,21269.0,37009.0,56551.0,89496.0
45300,"Tampa-St. Petersburg-Clearwater, FL Metro Area",2009,1091408,44061,19928.0,35193.0,54030.0,85321.0
45300,"Tampa-St. Petersburg-Clearwater, FL Metro Area",2010,1116299,43547,19363.0,35069.0,53544.0,85570.0
45300,"Tampa-St. Petersburg-Clearwater, FL Metro Area",2011,1110034,43832,18880.0,34562.0,54648.0,87749.0
45300,"Tampa-St. Petersburg-Clearwater, FL Metro Area",2012,1131949,44402,19517.0,35363.0,55567.0,90506.0
45300,"Tampa-St. Petersburg-Clearwater, FL Metro Area",2013,1139923,45880,19656.0,36169.0,57491.0,92803.0
45300,"Tampa-St. Petersburg-Clearwater, FL Metro Area",2014,1149735,46876,20557.0,37203.0,58266.0,95490.0
45300,"Tampa-St. Petersburg-Clearwater, FL Metro Area",2015,1166704,48911,21030.0,38409.0,61278.0,98531.0
45300,"Tampa-St. Petersburg-Clearwater, FL Metro Area",2016,1191645,51115,22002.0,40692.0,63181.0,101977.0
45300,"Tampa-St. Petersburg-Clearwater, FL Metro Area",2017,1209519,52212,22492.0,41462.0,65483.0,105225.0
45300,"Tampa-St. Petersburg-Clearwater, FL Metro Area",2018,1227325,54912,23512.0,43164.0,68795.0,111480.0
45300,"Tampa-St. Petersburg-Clearwater, FL Metro Area",2019,1228481,57906,25730.0,46520.0,72460.0,115806.0
45300,"Tampa-St. Petersburg-Clearwater, FL Metro Area",2021,1309614,62951,26333.0,50495.0,78768.0,125518.0
45300,"Tampa-St. Petersburg-Clearwater, FL Metro Area",2022,1329075,69290,29372.0,54850.0,87008.0,140334.0
45300,"Tampa-St. Petersburg-Clearwater, FL Metro Area",2023,1358788,72743,31583.0,59166.0,91017.0,144322.0
45300,"Tampa-St. Petersburg-Clearwater, FL Metro Area",2024,1377328,78275,33966.0,61785.0,98622.0,156519.0
45460,"Terre Haute, IN Metro Area",2005,67997,36299,,,,
45460,"Terre Haute, IN Metro Area",2006,67566,36659,15560.0,29243.0,46045.0,69765.0
45460,"Terre Haute, IN Metro Area",2007,66259,39289,18230.0,32300.0,49970.0,76517.0
45460,"Terre Haute, IN Metro Area",2008,66688,41080,17870.0,32066.0,50196.0,77608.0
45460,"Terre Haute, IN Metro Area",2009,67697,38299,15386.0,30105.0,47371.0,74231.0
45460,"Terre Haute, IN Metro Area",2010,64742,41200,17466.0,31678.0,51398.0,79488.0
45460,"Terre Haute, IN Metro Area",2011,61346,43378,18171.0,32598.0,55340.0,81866.0
45460,"Terre Haute, IN Metro Area",2012,65165,41039,16866.0,31461.0,50776.0,78956.0
45460,"Terre Haute, IN Metro Area",2013,63793,40629,15413.0,29723.0,50814.0,78992.0
45460,"Terre Haute, IN Metro Area",2014,65313,41953,18010.0,32286.0,51668.0,82476.0
45460,"Terre Haute, IN Metro Area",2015,66685,40974,17312.0,31941.0,51628.0,81244.0
45460,"Terre Haute, IN Metro Area",2016,64837,46951,20965.0,37242.0,57795.0,85482.0
45460,"Terre Haute, IN Metro Area",2017,65394,43843,17516.0,34372.0,55229.0,86826.0
45460,"Terre Haute, IN Metro Area",2018,67747,50256,21730.0,40262.0,60794.0,93439.0
45460,"Terre Haute, IN Metro Area",2019,72899,50129,20635.0,39490.0,61809.0,91953.0
45460,"Terre Haute, IN Metro Area",2021,73024,50440,22643.0,39561.0,64981.0,100182.0
45460,"Terre Haute, IN Metro Area",2022,73268,54760,22062.0,41661.0,69249.0,101453.0
45460,"Terre Haute, IN Metro Area",2023,67572,50992,20689.0,41358.0,65510.0,107469.0
45460,"Terre Haute, IN Metro Area",2024,66959,59209,25524.0,46555.0,71388.0,112928.0
45500,"Texarkana, TX-Texarkana, AR Metro Area",2005,51866,31934,,,,
45500,"Texarkana, TX-Texarkana, AR Metro Area",2006,50254,40532,15789.0,32119.0,50242.0,74925.0
45500,"Texarkana, TX-Texarkana, AR Metro Area",2007,49489,40520,15850.0,30699.0,50165.0,79420.0
45500,"Texarkana, TX-Texarkana, AR Metro Area",2008,49252,38456,14487.0,28110.0,46958.0,78826.0
45500,"Texarkana, TX-Texarkana, AR Metro Area",2009,52249,40703,16623.0,29892.0,49972.0,73291.0
45500,"Texarkana, TX-Texarkana, AR Metro Area",2010,50248,40547,17316.0,31355.0,52539.0,81201.0
45500,"Texarkana, TX-Texarkana, AR Metro Area",2011,48331,41740,15971.0,31604.0,51707.0,86405.0
45500,"Texarkana, TX-Texarkana, AR Metro Area",2012,53337,38556,15675.0,30029.0,46697.0,77891.0
45500,"Texarkana, TX-AR Metro Area",2013,54354,40382,15488.0,31070.0,51020.0,83733.0
45500,"Texarkana, TX-AR Metro Area",2014,54860,40773,16264.0,31710.0,51397.0,82243.0
45500,"Texarkana, TX-AR Metro Area",2015,54440,38814,17332.0,30776.0,50819.0,80952.0
45500,"Texarkana, TX-AR Metro Area",2016,53799,42513,17153.0,34445.0,54872.0,89668.0
45500,"Texarkana, TX-AR Metro Area",2017,55934,47722,17163.0,36243.0,60518.0,98575.0
45500,"Texarkana, TX-AR Metro Area",2018,56610,45212,16167.0,34792.0,56480.0,99430.0
45500,"Texarkana, TX-AR Metro Area",2019,55028,51544,20728.0,40088.0,62872.0,98932.0
45500,"Texarkana, TX-AR Metro Area",2021,55179,50070,19697.0,37773.0,63967.0,99774.0
45500,"Texarkana, TX-AR Metro Area",2022,55624,48230,18053.0,37949.0,60209.0,96976.0
45500,"Texarkana, TX-AR Metro Area",2023,59815,50711,20988.0,40563.0,61472.0,105420.0
45500,"Texarkana, TX-AR Metro Area",2024,57388,58000,22236.0,42371.0,71654.0,120677.0
45540,"The Villages, FL Micro Area",2006,32975,42949,19032.0,35277.0,51366.0,71826.0
45540,"The Villages, FL Micro Area",2007,35706,42020,21381.0,36449.0,54524.0,75510.0
45540,"The Villages, FL Micro Area",2008,36280,47250,23703.0,39988.0,57918.0,81694.0
45540,"The Villages, FL Micro Area",2009,33153,46520,22080.0,37496.0,55631.0,79955.0
45540,"The Villages, FL Micro Area",2010,40659,45026,22819.0,35799.0,53466.0,78320.0
45540,"The Villages, FL Micro Area",2011,44917,43996,19541.0,36902.0,56466.0,78193.0
45540,"The Villages, FL Micro Area",2012,45122,45173,21815.0,36667.0,53798.0,84562.0
45540,"The Villages, FL Metro Area",2013,49672,52891,24436.0,42701.0,62612.0,95777.0
45540,"The Villages, FL Metro Area",2014,50209,50942,24780.0,43361.0,60378.0,94514.0
45540,"The Villages, FL Metro Area",2015,51170,51335,27391.0,41951.0,63835.0,100106.0
45540,"The Villages, FL Metro Area",2016,51781,54562,24208.0,40893.0,66384.0,89958.0
45540,"The Villages, FL Metro Area",2017,55097,54057,25235.0,41089.0,64536.0,97204.0
45540,"The Villages, FL Metro Area",2018,62854,53895,25753.0,45544.0,65035.0,94479.0
45540,"The Villages, FL Metro Area",2019,59458,60287,27681.0,50525.0,71816.0,110061.0
45540,"The Villages, FL Metro Area",2021,68792,64608,29252.0,52842.0,77948.0,113023.0
45540,"The Villages, FL Metro Area",2022,71378,73391,35014.0,57286.0,83555.0,127673.0
45620,"Thomasville, GA Micro Area",2023,29719,52966,19339.0,41126.0,72054.0,110470.0
45620,"Thomasville, GA Micro Area",2024,29358,57015,23941.0,43092.0,76792.0,119475.0
45640,"Thomasville-Lexington, NC Micro Area",2005,60138,39680,,,,
45640,"Thomasville-Lexington, NC Micro Area",2006,61220,43868,20393.0,33146.0,51870.0,75530.0
45640,"Thomasville-Lexington, NC Micro Area",2007,62612,43321,19372.0,33816.0,52822.0,80580.0
45640,"Thomasville-Lexington, NC Micro Area",2008,61847,43997,17165.0,34232.0,53808.0,78643.0
45640,"Thomasville-Lexington, NC Micro Area",2009,62701,43587,16939.0,32607.0,55180.0,80020.0
45640,"Thomasville-Lexington, NC Micro Area",2010,65317,39660,16088.0,30523.0,50203.0,76945.0
45640,"Thomasville-Lexington, NC Micro Area",2011,65227,40281,20234.0,33604.0,51088.0,79912.0
45640,"Thomasville-Lexington, NC Micro Area",2012,63527,43711,19396.0,35440.0,53038.0,79116.0
45780,"Toledo, OH Metro Area",2005,258504,42798,,,,
45780,"Toledo, OH Metro Area",2006,263013,45047,18111.0,34570.0,55264.0,85313.0
45780,"Toledo, OH Metro Area",2007,261817,46442,18481.0,36349.0,56597.0,87925.0
45780,"Toledo, OH Metro Area",2008,261088,44514,19056.0,35748.0,55878.0,87508.0
45780,"Toledo, OH Metro Area",2009,261764,43324,17782.0,33779.0,54801.0,83852.0
45780,"Toledo, OH Metro Area",2010,256437,41583,17707.0,32414.0,52723.0,86436.0
45780,"Toledo, OH Metro Area",2011,260405,42067,17016.0,32086.0,52909.0,82603.0
45780,"Toledo, OH Metro Area",2012,260332,43334,16889.0,33577.0,55012.0,88341.0
45780,"Toledo, OH Metro Area",2013,242975,42792,16700.0,32973.0,54553.0,87039.0
45780,"Toledo, OH Metro Area",2014,242952,45603,18080.0,35199.0,57617.0,95105.0
45780,"Toledo, OH Metro Area",2015,242641,47093,19176.0,36524.0,60866.0,97121.0
45780,"Toledo, OH Metro Area",2016,247069,48822,19136.0,36935.0,61639.0,100216.0
45780,"Toledo, OH Metro Area",2017,245035,50389,20590.0,39989.0,63749.0,102944.0
45780,"Toledo, OH Metro Area",2018,245652,51321,20548.0,39357.0,64265.0,102705.0
45780,"Toledo, OH Metro Area",2019,268089,53563,22416.0,41931.0,67602.0,107017.0
45780,"Toledo, OH Metro Area",2021,273165,58191,23561.0,45505.0,72870.0,115513.0
45780,"Toledo, OH Metro Area",2022,277534,61012,24574.0,48683.0,75689.0,124418.0
45780,"Toledo, OH Metro Area",2023,254228,63074,26553.0,50525.0,80818.0,127078.0
45780,"Toledo, OH Metro Area",2024,257906,66095,26239.0,51187.0,82492.0,131302.0
45820,"Topeka, KS Metro Area",2005,94116,44464,,,,
45820,"Topeka, KS Metro Area",2006,93727,44315,19217.0,35280.0,54763.0,81066.0
45820,"Topeka, KS Metro Area",2007,95160,46384,21897.0,37780.0,55374.0,83210.0
45820,"Topeka, KS Metro Area",2008,97998,49348,21626.0,38573.0,57254.0,89147.0
45820,"Topeka, KS Metro Area",2009,96851,48144,21913.0,38882.0,59966.0,85189.0
45820,"Topeka, KS Metro Area",2010,94949,45360,19512.0,36096.0,56189.0,84577.0
45820,"Topeka, KS Metro Area",2011,93981,46469,22087.0,37023.0,58230.0,90902.0
45820,"Topeka, KS Metro Area",2012,93196,48464,21519.0,39174.0,59444.0,88697.0
45820,"Topeka, KS Metro Area",2013,92747,50369,21076.0,39192.0,60001.0,93410.0
45820,"Topeka, KS Metro Area",2014,92799,54388,24016.0,42957.0,66696.0,98168.0
45820,"Topeka, KS Metro Area",2015,93078,51674,22395.0,41440.0,63502.0,93253.0
45820,"Topeka, KS Metro Area",2016,92086,56548,25608.0,44297.0,66878.0,101152.0
45820,"Topeka, KS Metro Area",2017,96822,56834,24411.0,45983.0,69520.0,102408.0
45820,"Topeka, KS Metro Area",2018,95364,54618,23985.0,43582.0,68284.0,103177.0
45820,"Topeka, KS Metro Area",2019,95552,59567,28424.0,47572.0,71343.0,105823.0
45820,"Topeka, KS Metro Area",2021,95988,57474,25533.0,47150.0,71426.0,112816.0
45820,"Topeka, KS Metro Area",2022,98367,62446,27417.0,50471.0,78942.0,116322.0
45820,"Topeka, KS Metro Area",2023,95618,65301,29535.0,51989.0,81326.0,127702.0
45820,"Topeka, KS Metro Area",2024,100603,74389,32952.0,60290.0,90278.0,135996.0
45860,"Torrington, CT Micro Area",2005,73840,64544,,,,
45860,"Torrington, CT Micro Area",2006,74951,66664,31627.0,54916.0,78391.0,113479.0
45860,"Torrington, CT Micro Area",2007,73732,68407,31427.0,54411.0,82138.0,117812.0
45860,"Torrington, CT Micro Area",2008,74125,67281,31607.0,55680.0,81695.0,116180.0
45860,"Torrington, CT Micro Area",2009,72733,67835,32352.0,55307.0,83753.0,124870.0
45860,"Torrington, CT Micro Area",2010,76398,66307,29264.0,51908.0,81188.0,119347.0
45860,"Torrington, CT Micro Area",2011,75386,69097,27111.0,54126.0,85800.0,132865.0
45860,"Torrington, CT Micro Area",2012,75593,67658,31654.0,54767.0,81794.0,120167.0
45860,"Torrington, CT Micro Area",2013,75029,70981,31385.0,56815.0,86783.0,127645.0
45860,"Torrington, CT Micro Area",2014,73572,73756,33987.0,61618.0,88680.0,130442.0
45860,"Torrington, CT Micro Area",2015,73360,70667,30324.0,56554.0,86954.0,134551.0
45860,"Torrington, CT Micro Area",2016,74105,76993,32840.0,60971.0,93991.0,140048.0
45860,"Torrington, CT Micro Area",2017,73709,78436,35523.0,61950.0,94752.0,140211.0
45860,"Torrington, CT Micro Area",2018,73598,76043,30421.0,62453.0,95430.0,140691.0
45860,"Torrington, CT Micro Area",2019,73969,81195,37836.0,63550.0,102036.0,158465.0
45860,"Torrington, CT Micro Area",2021,77106,84978,39057.0,68064.0,105448.0,161755.0
45860,"Torrington, CT Micro Area",2022,76915,88542,40450.0,74801.0,108619.0,163061.0
45860,"Torrington, CT Micro Area",2023,50297,91020,41386.0,69279.0,111308.0,170548.0
45860,"Torrington, CT Micro Area",2024,49067,95031,43428.0,74148.0,113915.0,176203.0
45900,"Traverse City, MI Micro Area",2005,58113,47394,,,,
45900,"Traverse City, MI Micro Area",2006,58129,46939,23916.0,38356.0,54305.0,80169.0
45900,"Traverse City, MI Micro Area",2007,57866,45500,22478.0,36854.0,55343.0,83836.0
45900,"Traverse City, MI Micro Area",2008,56921,46859,22622.0,39607.0,57293.0,84586.0
45900,"Traverse City, MI Micro Area",2009,58457,48020,23188.0,39685.0,57445.0,84695.0
45900,"Traverse City, MI Micro Area",2010,59457,46807,21057.0,38903.0,57591.0,91795.0
45900,"Traverse City, MI Micro Area",2011,56721,45627,19680.0,37651.0,56070.0,86988.0
45900,"Traverse City, MI Micro Area",2012,58795,49431,21376.0,40629.0,59000.0,85316.0
45900,"Traverse City, MI Micro Area",2013,56163,49270,23232.0,40144.0,58788.0,86652.0
45900,"Traverse City, MI Micro Area",2014,58898,54856,25244.0,43703.0,64813.0,95436.0
45900,"Traverse City, MI Micro Area",2015,60963,53226,25085.0,43361.0,65344.0,100603.0
45900,"Traverse City, MI Micro Area",2016,59122,56196,25278.0,46131.0,69411.0,102421.0
45900,"Traverse City, MI Micro Area",2017,60567,57184,27170.0,44704.0,70153.0,105451.0
45900,"Traverse City, MI Micro Area",2018,58740,62207,27752.0,49338.0,75025.0,110938.0
45900,"Traverse City, MI Micro Area",2019,60938,61637,29824.0,50117.0,77127.0,112106.0
45900,"Traverse City, MI Micro Area",2021,64817,67346,32037.0,55551.0,81736.0,120220.0
45900,"Traverse City, MI Micro Area",2022,66520,72262,34709.0,61935.0,89415.0,139481.0
45900,"Traverse City, MI Metro Area",2023,69457,78073,37269.0,63267.0,94388.0,138465.0
45900,"Traverse City, MI Metro Area",2024,67912,82805,41392.0,67894.0,102207.0,153969.0
45940,"Trenton-Ewing, NJ Metro Area",2005,127125,64657,,,,
45940,"Trenton-Ewing, NJ Metro Area",2006,127216,65305,26844.0,51709.0,80860.0,127097.0
45940,"Trenton-Ewing, NJ Metro Area",2007,128026,70258,28692.0,55092.0,87287.0,140899.0
45940,"Trenton-Ewing, NJ Metro Area",2008,127905,73800,29615.0,56358.0,92417.0,147660.0
45940,"Trenton-Ewing, NJ Metro Area",2009,125904,71650,27114.0,54904.0,89678.0,140509.0
45940,"Trenton-Ewing, NJ Metro Area",2010,131500,70956,27180.0,55256.0,87800.0,141584.0
45940,"Trenton-Ewing, NJ Metro Area",2011,130756,73890,27978.0,57060.0,91333.0,145209.0
45940,"Trenton-Ewing, NJ Metro Area",2012,132004,67991,27465.0,53902.0,89837.0,143918.0
45940,"Trenton, NJ Metro Area",2013,131623,70857,26648.0,56191.0,88228.0,145287.0
45940,"Trenton, NJ Metro Area",2014,131564,74961,27581.0,57387.0,95081.0,151651.0
45940,"Trenton, NJ Metro Area",2015,127965,72417,29238.0,56609.0,92201.0,150927.0
45940,"Trenton, NJ Metro Area",2016,128332,77650,27526.0,61498.0,97725.0,160593.0
45940,"Trenton, NJ Metro Area",2017,128757,79173,30848.0,60675.0,100555.0,164948.0
45940,"Trenton, NJ Metro Area",2018,132980,80632,28971.0,65104.0,101082.0,162172.0
45940,"Trenton-Princeton, NJ Metro Area",2019,130851,79492,27428.0,63343.0,103217.0,166972.0
45940,"Trenton-Princeton, NJ Metro Area",2021,143970,87662,33140.0,68864.0,108749.0,176068.0
45940,"Trenton-Princeton, NJ Metro Area",2022,144989,95668,35319.0,74572.0,120688.0,196376.0
45940,"Trenton-Princeton, NJ Metro Area",2023,146258,96152,35496.0,69652.0,117295.0,197030.0
45940,"Trenton-Princeton, NJ Metro Area",2024,148168,104148,42818.0,82168.0,131755.0,206675.0
46020,"Truckee-Grass Valley, CA Micro Area",2005,39402,51615,,,,
46020,"Truckee-Grass Valley, CA Micro Area",2006,39426,50675,24558.0,40808.0,60076.0,100190.0
46020,"Truckee-Grass Valley, CA Micro Area",2007,39708,59150,27016.0,46829.0,67732.0,103827.0
46020,"Truckee-Grass Valley, CA Micro Area",2008,41529,53195,24349.0,42286.0,63531.0,102437.0
46020,"Truckee-Grass Valley, CA Micro Area",2009,39718,57884,24755.0,43974.0,72047.0,106355.0
46020,"Truckee-Grass Valley, CA Micro Area",2010,40851,54456,21600.0,43043.0,66727.0,103017.0
46020,"Truckee-Grass Valley, CA Micro Area",2011,41171,54080,22431.0,43807.0,68506.0,104350.0
46020,"Truckee-Grass Valley, CA Micro Area",2012,41632,53768,27436.0,43065.0,68100.0,108839.0
46020,"Truckee-Grass Valley, CA Micro Area",2013,39115,54851,24118.0,42988.0,67989.0,111370.0
46020,"Truckee-Grass Valley, CA Micro Area",2014,40186,56917,26761.0,46650.0,72006.0,107537.0
46020,"Truckee-Grass Valley, CA Micro Area",2015,41381,54177,22181.0,42050.0,71375.0,109272.0
46020,"Truckee-Grass Valley, CA Micro Area",2016,38708,59022,26061.0,47087.0,76481.0,119234.0
46020,"Truckee-Grass Valley, CA Micro Area",2017,41638,65385,26596.0,51672.0,87000.0,140552.0
46020,"Truckee-Grass Valley, CA Micro Area",2018,41447,66299,26806.0,50593.0,84910.0,127508.0
46020,"Truckee-Grass Valley, CA Micro Area",2019,39365,68818,30645.0,49373.0,88542.0,145028.0
46020,"Truckee-Grass Valley, CA Micro Area",2021,42679,79519,28296.0,63547.0,99032.0,162515.0
46020,"Truckee-Grass Valley, CA Micro Area",2022,44000,78401,29369.0,62615.0,101048.0,164441.0
46020,"Truckee-Grass Valley, CA Micro Area",2023,42712,87998,31493.0,68064.0,109805.0,181083.0
46020,"Truckee-Grass Valley, CA Micro Area",2024,44052,103703,38860.0,81101.0,133184.0,202826.0
46060,"Tucson, AZ Metro Area",2005,365174,41521,,,,
46060,"Tucson, AZ Metro Area",2006,371370,42984,19319.0,34687.0,53514.0,84338.0
46060,"Tucson, AZ Metro Area",2007,374739,43546,19536.0,34761.0,54513.0,88124.0
46060,"Tucson, AZ Metro Area",2008,376725,46599,19480.0,36039.0,58407.0,91007.0
46060,"Tucson, AZ Metro Area",2009,367987,43137,18767.0,34576.0,53596.0,86337.0
46060,"Tucson, AZ Metro Area",2010,382574,44274,19196.0,35118.0,55941.0,87092.0
46060,"Tucson, AZ Metro Area",2011,379801,44112,17561.0,34086.0,56055.0,88243.0
46060,"Tucson, AZ Metro Area",2012,386104,44762,18471.0,35038.0,56443.0,91149.0
46060,"Tucson, AZ Metro Area",2013,391975,43824,19071.0,34519.0,54941.0,89965.0
46060,"Tucson, AZ Metro Area",2014,389737,45856,19507.0,36236.0,57863.0,91625.0
46060,"Tucson, AZ Metro Area",2015,395992,47099,19940.0,37095.0,58849.0,91866.0
46060,"Tucson, AZ Metro Area",2016,400835,47560,19876.0,38081.0,59605.0,96240.0
46060,"Tucson, AZ Metro Area",2017,403574,51425,21237.0,40449.0,64252.0,101979.0
46060,"Tucson, AZ Metro Area",2018,402323,53464,22986.0,42158.0,66428.0,107100.0
46060,"Tucson, AZ Metro Area",2019,410404,56169,23923.0,43828.0,70565.0,109422.0
46060,"Tucson, AZ Metro Area",2021,433148,60667,25813.0,47274.0,76279.0,121109.0
46060,"Tucson, AZ Metro Area",2022,436469,64014,27080.0,49964.0,80776.0,129896.0
46060,"Tucson, AZ Metro Area",2023,445471,69758,28148.0,53981.0,86602.0,138438.0
46060,"Tucson, AZ Metro Area",2024,453787,72067,31567.0,57321.0,89483.0,145305.0
46100,"Tullahoma, TN Micro Area",2005,36750,37559,,,,
46100,"Tullahoma, TN Micro Area",2006,38290,38067,16106.0,30679.0,46789.0,72852.0
46100,"Tullahoma, TN Micro Area",2007,39513,39541,17670.0,32783.0,49221.0,73881.0
46100,"Tullahoma, TN Micro Area",2008,39901,38350,16127.0,30179.0,48361.0,75495.0
46100,"Tullahoma, TN Micro Area",2009,40274,39689,15446.0,30558.0,50111.0,76957.0
46100,"Tullahoma, TN Micro Area",2010,37871,37439,15740.0,28015.0,47797.0,71657.0
46100,"Tullahoma, TN Micro Area",2011,39852,34874,13633.0,28738.0,43804.0,75211.0
46100,"Tullahoma, TN Micro Area",2012,39891,40550,17069.0,31156.0,50977.0,73092.0
46100,"Tullahoma-Manchester, TN Micro Area",2013,39107,42304,16272.0,31847.0,50751.0,73585.0
46100,"Tullahoma-Manchester, TN Micro Area",2014,40421,44819,19556.0,37399.0,52626.0,79999.0
46100,"Tullahoma-Manchester, TN Micro Area",2015,39438,45964,20536.0,37957.0,57155.0,88518.0
46100,"Tullahoma-Manchester, TN Micro Area",2016,40993,48449,21591.0,39984.0,58561.0,92023.0
46100,"Tullahoma-Manchester, TN Micro Area",2017,40713,48256,19919.0,36827.0,58309.0,87020.0
46100,"Tullahoma-Manchester, TN Micro Area",2018,40656,49370,21883.0,38747.0,62429.0,97956.0
46100,"Tullahoma-Manchester, TN Micro Area",2019,39916,57642,23258.0,45125.0,67829.0,101998.0
46100,"Tullahoma-Manchester, TN Micro Area",2021,42413,55306,21393.0,43347.0,63910.0,100711.0
46100,"Tullahoma-Manchester, TN Micro Area",2022,44645,57681,26525.0,46417.0,67427.0,106723.0
46100,"Tullahoma-Manchester, TN Micro Area",2023,25332,64324,30291.0,54107.0,79096.0,122928.0
46100,"Tullahoma-Manchester, TN Micro Area",2024,25832,68433,30016.0,55240.0,85180.0,114463.0
46140,"Tulsa, OK Metro Area",2005,346492,40504,,,,
46140,"Tulsa, OK Metro Area",2006,353107,41649,17449.0,32782.0,51943.0,82271.0
46140,"Tulsa, OK Metro Area",2007,352879,45670,19137.0,36349.0,56365.0,88740.0
46140,"Tulsa, OK Metro Area",2008,360333,47067,20627.0,37252.0,58460.0,90715.0
46140,"Tulsa, OK Metro Area",2009,364543,46412,20126.0,36979.0,57301.0,89351.0
46140,"Tulsa, OK Metro Area",2010,364083,44519,20058.0,35757.0,56049.0,88215.0
46140,"Tulsa, OK Metro Area",2011,366331,46093,19688.0,36299.0,56615.0,92202.0
46140,"Tulsa, OK Metro Area",2012,369404,47969,20472.0,37676.0,59362.0,91818.0
46140,"Tulsa, OK Metro Area",2013,369747,48327,20744.0,38250.0,60347.0,93922.0
46140,"Tulsa, OK Metro Area",2014,375790,50740,21934.0,40549.0,61990.0,96738.0
46140,"Tulsa, OK Metro Area",2015,380841,51352,21609.0,40684.0,64285.0,101056.0
46140,"Tulsa, OK Metro Area",2016,381722,51623,21913.0,40830.0,64370.0,104043.0
46140,"Tulsa, OK Metro Area",2017,379757,52275,22472.0,41738.0,64348.0,102262.0
46140,"Tulsa, OK Metro Area",2018,381588,55633,24320.0,44576.0,69433.0,109218.0
46140,"Tulsa, OK Metro Area",2019,387176,57859,24981.0,45592.0,71720.0,114054.0
46140,"Tulsa, OK Metro Area",2021,403034,59696,25520.0,47784.0,73925.0,119751.0
46140,"Tulsa, OK Metro Area",2022,408399,63396,27950.0,50877.0,79020.0,126800.0
46140,"Tulsa, OK Metro Area",2023,411320,65561,27881.0,52006.0,81816.0,127381.0
46140,"Tulsa, OK Metro Area",2024,421385,69658,30938.0,55711.0,86847.0,136004.0
46180,"Tupelo, MS Micro Area",2005,47699,33085,,,,
46180,"Tupelo, MS Micro Area",2006,48815,34842,15558.0,28421.0,45594.0,77397.0
46180,"Tupelo, MS Micro Area",2007,49303,40395,16281.0,31331.0,48970.0,69700.0
46180,"Tupelo, MS Micro Area",2008,49464,38660,16191.0,30510.0,46721.0,72006.0
46180,"Tupelo, MS Micro Area",2009,49650,36316,15219.0,27102.0,46122.0,76094.0
46180,"Tupelo, MS Micro Area",2010,51577,38154,17805.0,31189.0,48966.0,71128.0
46180,"Tupelo, MS Micro Area",2011,50230,39381,14918.0,31131.0,50720.0,75795.0
46180,"Tupelo, MS Micro Area",2012,51359,39144,15916.0,30329.0,48643.0,77547.0
46180,"Tupelo, MS Micro Area",2013,51082,41990,16565.0,34759.0,55293.0,81593.0
46180,"Tupelo, MS Micro Area",2014,50641,41319,16800.0,32983.0,51482.0,81937.0
46180,"Tupelo, MS Micro Area",2015,55052,36999,17182.0,30608.0,49203.0,79848.0
46180,"Tupelo, MS Micro Area",2016,52823,40384,16542.0,32214.0,51248.0,80158.0
46180,"Tupelo, MS Micro Area",2017,48890,51342,19592.0,42453.0,63110.0,91162.0
46180,"Tupelo, MS Micro Area",2018,50535,49206,20495.0,37234.0,59496.0,93122.0
46180,"Tupelo, MS Micro Area",2019,58173,48831,20431.0,40564.0,61662.0,95910.0
46180,"Tupelo, MS Micro Area",2021,64018,56354,21683.0,39757.0,72486.0,103976.0
46180,"Tupelo, MS Micro Area",2022,63459,52755,22096.0,41849.0,65852.0,102083.0
46180,"Tupelo, MS Micro Area",2023,51923,62004,23234.0,45661.0,77989.0,117348.0
46180,"Tupelo, MS Micro Area",2024,55670,52405,17411.0,41041.0,65751.0,114591.0
46220,"Tuscaloosa, AL Metro Area",2005,79395,31708,,,,
46220,"Tuscaloosa, AL Metro Area",2006,80216,35495,12565.0,25793.0,46721.0,80526.0
46220,"Tuscaloosa, AL Metro Area",2007,82818,39020,13576.0,30606.0,50340.0,80264.0
46220,"Tuscaloosa, AL Metro Area",2008,78045,40402,14598.0,30628.0,51059.0,81975.0
46220,"Tuscaloosa, AL Metro Area",2009,78561,40017,14247.0,30109.0,49854.0,79711.0
46220,"Tuscaloosa, AL Metro Area",2010,77180,41047,16436.0,32781.0,51107.0,85843.0
46220,"Tuscaloosa, AL Metro Area",2011,76603,40465,15304.0,31100.0,51146.0,84392.0
46220,"Tuscaloosa, AL Metro Area",2012,77713,38749,13920.0,30065.0,49972.0,83534.0
46220,"Tuscaloosa, AL Metro Area",2013,81401,44895,16590.0,35305.0,54367.0,87025.0
46220,"Tuscaloosa, AL Metro Area",2014,80582,44143,16615.0,33371.0,56706.0,87156.0
46220,"Tuscaloosa, AL Metro Area",2015,84889,46470,17687.0,35075.0,57338.0,96127.0
46220,"Tuscaloosa, AL Metro Area",2016,86680,46086,17562.0,35241.0,57985.0,93401.0
46220,"Tuscaloosa, AL Metro Area",2017,84249,51164,20192.0,41380.0,62095.0,99998.0
46220,"Tuscaloosa, AL Metro Area",2018,87597,50939,17893.0,39087.0,64082.0,102103.0
46220,"Tuscaloosa, AL Metro Area",2019,90861,49721,18909.0,37137.0,63391.0,106649.0
46220,"Tuscaloosa, AL Metro Area",2021,101825,53998,21243.0,41129.0,68405.0,116384.0
46220,"Tuscaloosa, AL Metro Area",2022,106516,58620,21025.0,45422.0,72676.0,123830.0
46220,"Tuscaloosa, AL Metro Area",2023,108078,58193,21502.0,43429.0,74780.0,118374.0
46220,"Tuscaloosa, AL Metro Area",2024,110601,62280,25768.0,50556.0,80127.0,124429.0
46300,"Twin Falls, ID Micro Area",2005,34276,38167,,,,
46300,"Twin Falls, ID Micro Area",2006,35611,38610,19773.0,30974.0,47309.0,67213.0
46300,"Twin Falls, ID Micro Area",2007,35342,39835,20147.0,32218.0,48879.0,75635.0
46300,"Twin Falls, ID Micro Area",2008,35107,41702,19957.0,34267.0,49344.0,72572.0
46300,"Twin Falls, ID Micro Area",2009,33492,39076,20050.0,34128.0,46245.0,70276.0
46300,"Twin Falls, ID Micro Area",2010,37786,41505,17421.0,33554.0,49771.0,72473.0
46300,"Twin Falls, ID Micro Area",2011,35197,40498,21783.0,32610.0,49957.0,75361.0
46300,"Twin Falls, ID Micro Area",2012,35887,41383,19844.0,33107.0,50621.0,74178.0
46300,"Twin Falls, ID Micro Area",2013,36474,44424,21165.0,36006.0,55038.0,80982.0
46300,"Twin Falls, ID Micro Area",2014,37258,44625,20478.0,37038.0,53841.0,81065.0
46300,"Twin Falls, ID Micro Area",2015,37707,45640,22129.0,37025.0,56346.0,83835.0
46300,"Twin Falls, ID Micro Area",2016,38641,50924,23042.0,39926.0,61971.0,90352.0
46300,"Twin Falls, ID Micro Area",2017,38764,51460,25848.0,41152.0,62151.0,93698.0
46300,"Twin Falls, ID Metro Area",2018,40130,52292,24386.0,42362.0,61924.0,95790.0
46300,"Twin Falls, ID Metro Area",2019,39654,56667,24754.0,46885.0,65770.0,94817.0
46300,"Twin Falls, ID Metro Area",2021,42906,55519,24381.0,45071.0,69129.0,101774.0
46300,"Twin Falls, ID Metro Area",2022,43679,62921,29411.0,51260.0,76852.0,108472.0
46300,"Twin Falls, ID Metro Area",2023,43326,66078,31496.0,55360.0,76202.0,118393.0
46300,"Twin Falls, ID Metro Area",2024,44032,76404,29595.0,60122.0,97786.0,137176.0
46340,"Tyler, TX Metro Area",2005,68162,37964,,,,
46340,"Tyler, TX Metro Area",2006,69064,41090,17063.0,31102.0,51151.0,86445.0
46340,"Tyler, TX Metro Area",2007,70777,44611,20494.0,37828.0,54391.0,88043.0
46340,"Tyler, TX Metro Area",2008,69619,47159,20820.0,38003.0,57485.0,91906.0
46340,"Tyler, TX Metro Area",2009,67929,46456,19928.0,36501.0,60134.0,95342.0
46340,"Tyler, TX Metro Area",2010,79341,43209,19080.0,35112.0,57815.0,91053.0
46340,"Tyler, TX Metro Area",2011,80332,43814,19508.0,34278.0,54218.0,88526.0
46340,"Tyler, TX Metro Area",2012,78290,46286,20229.0,35774.0,57352.0,91719.0
46340,"Tyler, TX Metro Area",2013,79043,47745,21142.0,37103.0,61202.0,93961.0
46340,"Tyler, TX Metro Area",2014,77469,43958,18383.0,34837.0,56212.0,97722.0
46340,"Tyler, TX Metro Area",2015,78380,49060,21969.0,40469.0,62242.0,103668.0
46340,"Tyler, TX Metro Area",2016,75792,52572,22217.0,42346.0,66540.0,99369.0
46340,"Tyler, TX Metro Area",2017,77292,54339,22789.0,42058.0,66012.0,104425.0
46340,"Tyler, TX Metro Area",2018,77330,58226,23052.0,45887.0,72202.0,113128.0
46340,"Tyler, TX Metro Area",2019,78600,59584,25291.0,48417.0,72054.0,108936.0
46340,"Tyler, TX Metro Area",2021,81175,63115,30246.0,50543.0,76895.0,129240.0
46340,"Tyler, TX Metro Area",2022,80889,68192,28777.0,56340.0,84028.0,127838.0
46340,"Tyler, TX Metro Area",2023,81987,72313,32802.0,55828.0,88857.0,136945.0
46340,"Tyler, TX Metro Area",2024,90717,76087,31959.0,60748.0,92959.0,141807.0
46380,"Ukiah, CA Micro Area",2005,34297,41734,,,,
46380,"Ukiah, CA Micro Area",2006,33169,39705,17888.0,31188.0,46174.0,78557.0
46380,"Ukiah, CA Micro Area",2007,33482,42941,18281.0,32808.0,52671.0,85481.0
46380,"Ukiah, CA Micro Area",2008,34519,43205,15601.0,31591.0,56219.0,87225.0
46380,"Ukiah, CA Micro Area",2009,33507,41867,15955.0,33532.0,50062.0,82702.0
46380,"Ukiah, CA Micro Area",2010,33057,40536,18459.0,30356.0,48393.0,73719.0
46380,"Ukiah, CA Micro Area",2011,32497,42431,20103.0,33029.0,53346.0,81352.0
46380,"Ukiah, CA Micro Area",2012,35203,41369,15839.0,31671.0,53100.0,86467.0
46380,"Ukiah, CA Micro Area",2013,33609,42042,16234.0,30488.0,52869.0,87241.0
46380,"Ukiah, CA Micro Area",2014,33464,42660,17166.0,31614.0,53054.0,88819.0
46380,"Ukiah, CA Micro Area",2015,35264,41896,18413.0,32025.0,57404.0,86262.0
46380,"Ukiah, CA Micro Area",2016,35439,43809,16777.0,32578.0,56948.0,86136.0
46380,"Ukiah, CA Micro Area",2017,32599,53024,22785.0,42445.0,66753.0,109816.0
46380,"Ukiah, CA Micro Area",2018,33794,51830,20899.0,40311.0,61602.0,99185.0
46380,"Ukiah, CA Micro Area",2019,34478,51744,22737.0,42828.0,64158.0,105229.0
46380,"Ukiah, CA Micro Area",2021,34273,59444,22482.0,45328.0,79333.0,124409.0
46380,"Ukiah, CA Micro Area",2022,34998,65520,22038.0,51163.0,82905.0,128662.0
46380,"Ukiah, CA Micro Area",2023,34951,67454,29852.0,55264.0,76793.0,135272.0
46380,"Ukiah, CA Micro Area",2024,35865,69264,23260.0,51686.0,91828.0,133142.0
46520,"Urban Honolulu, HI Metro Area",2013,308800,73388,32863.0,60630.0,89439.0,135086.0
46520,"Urban Honolulu, HI Metro Area",2014,309002,74634,33644.0,61072.0,89419.0,133368.0
46520,"Urban Honolulu, HI Metro Area",2015,307703,77273,35450.0,62438.0,95556.0,141543.0
46520,"Urban Honolulu, HI Metro Area",2016,309169,80513,36055.0,64747.0,97643.0,146109.0
46520,"Urban Honolulu, HI Metro Area",2017,312625,81284,35534.0,65190.0,99326.0,151986.0
46520,"Urban Honolulu, HI Metro Area",2018,308208,84423,37095.0,68644.0,104023.0,156025.0
46520,"Urban Honolulu, HI Metro Area",2019,316456,87470,38962.0,71019.0,107551.0,160550.0
46520,"Urban Honolulu, HI Metro Area",2021,338093,90704,39659.0,73035.0,110664.0,169340.0
46520,"Urban Honolulu, HI Metro Area",2022,338438,96580,41007.0,75703.0,116767.0,182641.0
46520,"Urban Honolulu, HI Metro Area",2023,338496,103131,43452.0,81859.0,126044.0,193792.0
46520,"Urban Honolulu, HI Metro Area",2024,338627,105205,49194.0,85229.0,130387.0,198301.0
46540,"Utica-Rome, NY Metro Area",2005,117643,38423,,,,
46540,"Utica-Rome, NY Metro Area",2006,118564,40253,17557.0,31149.0,49932.0,75513.0
46540,"Utica-Rome, NY Metro Area",2007,116625,42910,19313.0,33551.0,52012.0,79630.0
46540,"Utica-Rome, NY Metro Area",2008,116839,44394,18301.0,35033.0,54853.0,82885.0
46540,"Utica-Rome, NY Metro Area",2009,117612,45266,19426.0,35266.0,54691.0,81564.0
46540,"Utica-Rome, NY Metro Area",2010,115856,46625,20087.0,36983.0,58345.0,88799.0
46540,"Utica-Rome, NY Metro Area",2011,117730,45111,18624.0,35518.0,56134.0,89472.0
46540,"Utica-Rome, NY Metro Area",2012,118135,46633,18902.0,36143.0,57270.0,86897.0
46540,"Utica-Rome, NY Metro Area",2013,116113,43396,18505.0,34781.0,54472.0,86657.0
46540,"Utica-Rome, NY Metro Area",2014,116231,47736,20216.0,36196.0,59529.0,89958.0
46540,"Utica-Rome, NY Metro Area",2015,114580,48935,20957.0,38067.0,60063.0,94477.0
46540,"Utica-Rome, NY Metro Area",2016,112029,52534,20838.0,41460.0,64595.0,99343.0
46540,"Utica-Rome, NY Metro Area",2017,113323,52214,21515.0,40625.0,65283.0,97548.0
46540,"Utica-Rome, NY Metro Area",2018,112800,55286,23186.0,43003.0,68302.0,103523.0
46540,"Utica-Rome, NY Metro Area",2019,115904,57778,24088.0,46534.0,72583.0,110413.0
46540,"Utica-Rome, NY Metro Area",2021,118513,60313,25082.0,46559.0,74328.0,112090.0
46540,"Utica-Rome, NY Metro Area",2022,123639,64203,25984.0,52144.0,80018.0,121817.0
46540,"Utica-Rome, NY Metro Area",2023,124085,61799,25451.0,49600.0,80494.0,122786.0
46540,"Utica-Rome, NY Metro Area",2024,121196,71584,29127.0,55079.0,88822.0,132342.0
46660,"Valdosta, GA Metro Area",2005,47763,38429,,,,
46660,"Valdosta, GA Metro Area",2006,48871,34469,13023.0,27031.0,43472.0,65858.0
46660,"Valdosta, GA Metro Area",2007,49169,39479,18481.0,30854.0,47640.0,79689.0
46660,"Valdosta, GA Metro Area",2008,49211,42073,17476.0,33407.0,52213.0,75090.0
46660,"Valdosta, GA Metro Area",2009,52655,38558,15991.0,29886.0,49972.0,77718.0
46660,"Valdosta, GA Metro Area",2010,50009,36028,15924.0,26952.0,46130.0,73067.0
46660,"Valdosta, GA Metro Area",2011,49223,32446,12001.0,25575.0,41652.0,67696.0
46660,"Valdosta, GA Metro Area",2012,51065,36456,13713.0,27209.0,46289.0,78666.0
46660,"Valdosta, GA Metro Area",2013,51631,35104,13829.0,27322.0,44962.0,73907.0
46660,"Valdosta, GA Metro Area",2014,49067,36340,16815.0,29442.0,44783.0,82726.0
46660,"Valdosta, GA Metro Area",2015,48600,36740,13558.0,25919.0,45086.0,74800.0
46660,"Valdosta, GA Metro Area",2016,52103,39734,14664.0,31596.0,50444.0,84697.0
46660,"Valdosta, GA Metro Area",2017,53619,40391,10220.0,26882.0,51411.0,87803.0
46660,"Valdosta, GA Metro Area",2018,53680,35186,9068.0,25255.0,48252.0,82317.0
46660,"Valdosta, GA Metro Area",2019,54425,43787,20499.0,34003.0,56315.0,89206.0
46660,"Valdosta, GA Metro Area",2021,55279,42233,13297.0,30099.0,53975.0,90993.0
46660,"Valdosta, GA Metro Area",2022,57838,51926,23682.0,43877.0,64445.0,104596.0
46660,"Valdosta, GA Metro Area",2023,60298,54924,20458.0,44173.0,69373.0,108753.0
46660,"Valdosta, GA Metro Area",2024,59621,59180,22020.0,45180.0,75580.0,124164.0
46700,"Vallejo-Fairfield, CA Metro Area",2005,134624,62213,,,,
46700,"Vallejo-Fairfield, CA Metro Area",2006,137306,61533,28494.0,50187.0,75175.0,110828.0
46700,"Vallejo-Fairfield, CA Metro Area",2007,135338,66880,30606.0,54178.0,80769.0,117163.0
46700,"Vallejo-Fairfield, CA Metro Area",2008,136036,70635,33549.0,56884.0,83856.0,125333.0
46700,"Vallejo-Fairfield, CA Metro Area",2009,139186,65783,29742.0,52339.0,80100.0,119604.0
46700,"Vallejo-Fairfield, CA Metro Area",2010,140202,63384,28167.0,52994.0,76494.0,114980.0
46700,"Vallejo-Fairfield, CA Metro Area",2011,139992,63795,26782.0,52381.0,77466.0,118603.0
46700,"Vallejo-Fairfield, CA Metro Area",2012,141139,62066,25972.0,50405.0,76902.0,119678.0
46700,"Vallejo-Fairfield, CA Metro Area",2013,142577,63520,28197.0,51349.0,80673.0,120444.0
46700,"Vallejo-Fairfield, CA Metro Area",2014,145313,67999,28521.0,54600.0,84461.0,124592.0
46700,"Vallejo-Fairfield, CA Metro Area",2015,145502,67443,29238.0,52477.0,83094.0,126850.0
46700,"Vallejo-Fairfield, CA Metro Area",2016,149172,73900,31775.0,60064.0,89093.0,137753.0
46700,"Vallejo-Fairfield, CA Metro Area",2017,151127,77133,34037.0,61084.0,95420.0,143577.0
46700,"Vallejo-Fairfield, CA Metro Area",2018,152291,84395,40802.0,71039.0,101772.0,150863.0
46700,"Vallejo, CA Metro Area",2019,150393,86652,39322.0,71024.0,102061.0,153403.0
46700,"Vallejo, CA Metro Area",2021,157617,87770,39563.0,71363.0,105166.0,157889.0
46700,"Vallejo, CA Metro Area",2022,159294,92959,40526.0,75596.0,111516.0,178113.0
46700,"Vallejo, CA Metro Area",2023,157766,100027,41650.0,79415.0,123693.0,180611.0
46700,"Vallejo, CA Metro Area",2024,160415,94930,41114.0,75848.0,119567.0,189834.0
46940,"Vero Beach, FL Metro Area",2005,57315,45040,,,,
47020,"Victoria, TX Metro Area",2005,43031,36547,,,,
47020,"Victoria, TX Metro Area",2006,40685,44372,21339.0,34269.0,55697.0,81893.0
47020,"Victoria, TX Metro Area",2007,42674,45536,19724.0,34688.0,53925.0,82070.0
47020,"Victoria, TX Metro Area",2008,41253,45842,19221.0,34434.0,59157.0,89086.0
47020,"Victoria, TX Metro Area",2009,41173,47787,20989.0,37243.0,55898.0,88662.0
47020,"Victoria, TX Metro Area",2010,41779,45802,17982.0,35234.0,57176.0,87447.0
47020,"Victoria, TX Metro Area",2011,42381,44794,21475.0,37734.0,55174.0,90229.0
47020,"Victoria, TX Metro Area",2012,42565,50122,18768.0,40057.0,61378.0,95006.0
47020,"Victoria, TX Metro Area",2013,35115,52111,22531.0,42523.0,62678.0,100260.0
47020,"Victoria, TX Metro Area",2014,35523,50107,23389.0,39347.0,65104.0,106883.0
47020,"Victoria, TX Metro Area",2015,35842,56073,26006.0,44749.0,71622.0,105538.0
47020,"Victoria, TX Metro Area",2016,35180,55228,23437.0,43871.0,69723.0,118271.0
47020,"Victoria, TX Metro Area",2017,35635,51923,22189.0,41485.0,70751.0,105807.0
47020,"Victoria, TX Metro Area",2018,34730,51683,18564.0,38073.0,65730.0,105012.0
47020,"Victoria, TX Metro Area",2019,32627,56627,22183.0,44258.0,72965.0,114242.0
47020,"Victoria, TX Metro Area",2021,41036,54333,24414.0,45734.0,69409.0,107965.0
47020,"Victoria, TX Metro Area",2022,37469,70206,24406.0,54106.0,82847.0,124074.0
47020,"Victoria, TX Metro Area",2023,37816,69490,28500.0,56243.0,84948.0,126467.0
47020,"Victoria, TX Metro Area",2024,38677,65829,29599.0,51171.0,77657.0,126880.0
47220,"Vineland-Millville-Bridgeton, NJ Metro Area",2005,49914,46064,,,,
47220,"Vineland-Millville-Bridgeton, NJ Metro Area",2006,50047,47443,17956.0,37216.0,58371.0,83951.0
47220,"Vineland-Millville-Bridgeton, NJ Metro Area",2007,50885,47883,17813.0,35681.0,59537.0,89298.0
47220,"Vineland-Millville-Bridgeton, NJ Metro Area",2008,51264,50833,20560.0,42322.0,62304.0,92089.0
47220,"Vineland-Millville-Bridgeton, NJ Metro Area",2009,51597,48959,19043.0,37726.0,60402.0,94947.0
47220,"Vineland-Millville-Bridgeton, NJ Metro Area",2010,50237,51619,18194.0,39481.0,64085.0,100662.0
47220,"Vineland-Millville-Bridgeton, NJ Metro Area",2011,49716,51548,23176.0,41230.0,65145.0,95349.0
47220,"Vineland-Millville-Bridgeton, NJ Metro Area",2012,50068,47072,17113.0,36537.0,59194.0,96116.0
47220,"Vineland-Bridgeton, NJ Metro Area",2013,50066,45978,16335.0,34507.0,56681.0,95061.0
47220,"Vineland-Bridgeton, NJ Metro Area",2014,50593,45339,20203.0,36604.0,56772.0,89160.0
47220,"Vineland-Bridgeton, NJ Metro Area",2015,50380,51315,20734.0,40165.0,65555.0,101201.0
47220,"Vineland-Bridgeton, NJ Metro Area",2016,50787,49110,16782.0,36589.0,63395.0,95838.0
47220,"Vineland-Bridgeton, NJ Metro Area",2017,50696,52627,20382.0,40135.0,67055.0,107477.0
47220,"Vineland-Bridgeton, NJ Metro Area",2018,50034,52795,19183.0,39111.0,65557.0,105089.0
47220,"Vineland-Bridgeton, NJ Metro Area",2019,51360,54587,22717.0,48194.0,68507.0,107990.0
47220,"Vineland-Bridgeton, NJ Metro Area",2021,53883,58389,24080.0,46988.0,73239.0,123391.0
47220,"Vineland-Bridgeton, NJ Metro Area",2022,54961,60755,27382.0,50343.0,73594.0,123908.0
47220,"Vineland, NJ Metro Area",2023,54482,64908,25642.0,51532.0,80646.0,125712.0
47220,"Vineland, NJ Metro Area",2024,54166,68067,25185.0,51700.0,84562.0,137621.0
47260,"Virginia Beach-Norfolk-Newport News, VA-NC Metro Area",2005,617762,51077,,,,
47260,"Virginia Beach-Norfolk-Newport News, VA-NC Metro Area",2006,621181,52976,25164.0,43144.0,63878.0,94639.0
47260,"Virginia Beach-Norfolk-Newport News, VA-NC Metro Area",2007,623695,54824,25391.0,44829.0,66109.0,98134.0
47260,"Virginia Beach-Norfolk-Newport News, VA-NC Metro Area",2008,621768,57122,25619.0,46261.0,69342.0,103178.0
47260,"Virginia Beach-Norfolk-Newport News, VA-NC Metro Area",2009,626620,55209,25456.0,44839.0,66382.0,100258.0
47260,"Virginia Beach-Norfolk-Newport News, VA-NC Metro Area",2010,618426,57315,26393.0,46489.0,70356.0,105114.0
47260,"Virginia Beach-Norfolk-Newport News, VA-NC Metro Area",2011,612156,57356,25691.0,46521.0,70262.0,105263.0
47260,"Virginia Beach-Norfolk-Newport News, VA-NC Metro Area",2012,623964,55997,25102.0,45323.0,68719.0,106648.0
47260,"Virginia Beach-Norfolk-Newport News, VA-NC Metro Area",2013,625540,56161,25691.0,45817.0,69479.0,107762.0
47260,"Virginia Beach-Norfolk-Newport News, VA-NC Metro Area",2014,637189,58871,25517.0,46920.0,72086.0,108753.0
47260,"Virginia Beach-Norfolk-Newport News, VA-NC Metro Area",2015,642911,60093,26152.0,48059.0,72310.0,109482.0
47260,"Virginia Beach-Norfolk-Newport News, VA-NC Metro Area",2016,639903,61805,27382.0,50172.0,75924.0,115471.0
47260,"Virginia Beach-Norfolk-Newport News, VA-NC Metro Area",2017,641881,64255,27442.0,51600.0,78989.0,118340.0
47260,"Virginia Beach-Norfolk-Newport News, VA-NC Metro Area",2018,654475,65604,28986.0,52288.0,80488.0,122390.0
47260,"Virginia Beach-Norfolk-Newport News, VA-NC Metro Area",2019,675311,69329,30903.0,55181.0,83564.0,126571.0
47260,"Virginia Beach-Norfolk-Newport News, VA-NC Metro Area",2021,721212,72686,31224.0,58428.0,89981.0,136344.0
47260,"Virginia Beach-Norfolk-Newport News, VA-NC Metro Area",2022,716273,74556,32866.0,60578.0,93275.0,143212.0
47260,"Virginia Beach-Chesapeake-Norfolk, VA-NC Metro Area",2023,710613,79325,34203.0,62730.0,98573.0,152036.0
47260,"Virginia Beach-Chesapeake-Norfolk, VA-NC Metro Area",2024,717911,82402,37622.0,66716.0,101646.0,156551.0
47300,"Visalia-Porterville, CA Metro Area",2005,119621,38722,,,,
47300,"Visalia-Porterville, CA Metro Area",2006,122153,41933,18199.0,31511.0,51862.0,84048.0
47300,"Visalia-Porterville, CA Metro Area",2007,122613,40595,19156.0,31842.0,49192.0,83285.0
47300,"Visalia-Porterville, CA Metro Area",2008,124047,45117,19870.0,35433.0,55629.0,87816.0
47300,"Visalia-Porterville, CA Metro Area",2009,126409,39997,19169.0,32707.0,50823.0,83433.0
47300,"Visalia-Porterville, CA Metro Area",2010,129590,43397,18293.0,32828.0,53713.0,85423.0
47300,"Visalia-Porterville, CA Metro Area",2011,131890,41167,18789.0,32753.0,51494.0,86129.0
47300,"Visalia-Porterville, CA Metro Area",2012,132614,40302,17041.0,31358.0,50566.0,81644.0
47300,"Visalia-Porterville, CA Metro Area",2013,133409,39422,16820.0,31035.0,49727.0,81124.0
47300,"Visalia-Porterville, CA Metro Area",2014,132742,42611,18196.0,33126.0,53736.0,85020.0
47300,"Visalia-Porterville, CA Metro Area",2015,134801,42413,18471.0,33394.0,54897.0,92518.0
47300,"Visalia-Porterville, CA Metro Area",2016,135648,45881,20460.0,36814.0,55745.0,89289.0
47300,"Visalia-Porterville, CA Metro Area",2017,137576,46266,20061.0,35944.0,59321.0,99256.0
47300,"Visalia-Porterville, CA Metro Area",2018,139197,48817,19941.0,38131.0,61206.0,101987.0
47300,"Visalia, CA Metro Area",2019,144109,57692,25703.0,45422.0,71206.0,111227.0
47300,"Visalia, CA Metro Area",2021,143541,58209,25781.0,46827.0,70337.0,113545.0
47300,"Visalia, CA Metro Area",2022,143129,64722,28322.0,52242.0,80602.0,125351.0
47300,"Visalia, CA Metro Area",2023,145442,73097,30897.0,58803.0,88629.0,136090.0
47300,"Visalia, CA Metro Area",2024,147315,69880,30295.0,55794.0,86686.0,132845.0
47380,"Waco, TX Metro Area",2005,80546,36135,,,,
47380,"Waco, TX Metro Area",2006,80032,36442,13953.0,28788.0,45909.0,70419.0
47380,"Waco, TX Metro Area",2007,82861,40511,16419.0,31898.0,51235.0,77496.0
47380,"Waco, TX Metro Area",2008,83068,39700,15314.0,30238.0,50543.0,85378.0
47380,"Waco, TX Metro Area",2009,81349,38837,15695.0,30109.0,49972.0,80291.0
47380,"Waco, TX Metro Area",2010,83212,39143,16082.0,30740.0,49039.0,80975.0
47380,"Waco, TX Metro Area",2011,84117,40484,15702.0,31145.0,51150.0,87092.0
47380,"Waco, TX Metro Area",2012,85171,40658,17452.0,31689.0,52157.0,85788.0
47380,"Waco, TX Metro Area",2013,93195,40170,16434.0,31488.0,51880.0,84135.0
47380,"Waco, TX Metro Area",2014,93166,43184,17646.0,32338.0,54588.0,90348.0
47380,"Waco, TX Metro Area",2015,93239,46307,18833.0,36308.0,57629.0,91041.0
47380,"Waco, TX Metro Area",2016,92256,46590,20042.0,36291.0,60093.0,96854.0
47380,"Waco, TX Metro Area",2017,97310,45961,19009.0,36912.0,60267.0,102413.0
47380,"Waco, TX Metro Area",2018,97387,47328,18108.0,37493.0,60605.0,99117.0
47380,"Waco, TX Metro Area",2019,98944,50368,19238.0,40499.0,63569.0,104684.0
47380,"Waco, TX Metro Area",2021,102138,60070,25143.0,46466.0,72664.0,120125.0
47380,"Waco, TX Metro Area",2022,100777,63501,25617.0,49466.0,78488.0,121540.0
47380,"Waco, TX Metro Area",2023,111745,62743,24164.0,50480.0,79532.0,124839.0
47380,"Waco, TX Metro Area",2024,116245,67792,27293.0,53777.0,83595.0,129510.0
47460,"Walla Walla, WA Metro Area",2013,23390,43870,17138.0,33808.0,53729.0,85913.0
47460,"Walla Walla, WA Metro Area",2014,23296,50737,23562.0,41733.0,59962.0,91289.0
47460,"Walla Walla, WA Metro Area",2015,24201,47283,21330.0,37229.0,62613.0,98744.0
47460,"Walla Walla, WA Metro Area",2016,23748,54655,23895.0,41593.0,65848.0,107577.0
47460,"Walla Walla, WA Metro Area",2017,24256,54157,25914.0,46563.0,71523.0,107735.0
47460,"Walla Walla, WA Metro Area",2018,23893,59704,21303.0,46088.0,73918.0,114967.0
47460,"Walla Walla, WA Metro Area",2019,23167,61285,24126.0,47579.0,73150.0,120792.0
47460,"Walla Walla, WA Metro Area",2021,23444,65271,31084.0,50292.0,80009.0,132657.0
47460,"Walla Walla, WA Metro Area",2022,23389,65300,22568.0,52736.0,81601.0,126282.0
47460,"Walla Walla, WA Metro Area",2023,23887,72812,26732.0,55565.0,92842.0,136407.0
47460,"Walla Walla, WA Metro Area",2024,23640,72892,23856.0,61841.0,89077.0,142250.0
47580,"Warner Robins, GA Metro Area",2005,47700,48962,,,,
47580,"Warner Robins, GA Metro Area",2006,49756,48604,20196.0,39700.0,61541.0,87013.0
47580,"Warner Robins, GA Metro Area",2007,48036,53298,25711.0,43268.0,64129.0,95143.0
47580,"Warner Robins, GA Metro Area",2008,50819,58578,25399.0,45050.0,70779.0,97410.0
47580,"Warner Robins, GA Metro Area",2009,52771,49965,24702.0,40883.0,61778.0,91257.0
47580,"Warner Robins, GA Metro Area",2010,50823,58401,23795.0,43658.0,68693.0,92595.0
47580,"Warner Robins, GA Metro Area",2011,52603,51021,22433.0,40268.0,62512.0,92404.0
47580,"Warner Robins, GA Metro Area",2012,52832,54457,20635.0,43853.0,68604.0,100569.0
47580,"Warner Robins, GA Metro Area",2013,66537,48553,21577.0,37073.0,60442.0,89608.0
47580,"Warner Robins, GA Metro Area",2014,67667,46773,18251.0,37929.0,58210.0,92454.0
47580,"Warner Robins, GA Metro Area",2015,69562,51954,22207.0,42334.0,63211.0,96863.0
47580,"Warner Robins, GA Metro Area",2016,68333,59409,21534.0,45975.0,72173.0,105668.0
47580,"Warner Robins, GA Metro Area",2017,70479,54802,23155.0,45096.0,67702.0,105633.0
47580,"Warner Robins, GA Metro Area",2018,71511,54024,25549.0,45468.0,70945.0,116451.0
47580,"Warner Robins, GA Metro Area",2019,68831,61936,24471.0,49164.0,76823.0,115557.0
47580,"Warner Robins, GA Metro Area",2021,70357,70552,30293.0,57204.0,84814.0,124778.0
47580,"Warner Robins, GA Metro Area",2022,74524,70565,31745.0,55279.0,85796.0,131606.0
47580,"Warner Robins, GA Metro Area",2023,77061,75680,31747.0,60904.0,91871.0,137841.0
47580,"Warner Robins, GA Metro Area",2024,80815,78028,31212.0,61732.0,94012.0,144975.0
47700,"Warsaw, IN Micro Area",2005,29886,46787,,,,
47700,"Warsaw, IN Micro Area",2006,28890,47352,23108.0,40392.0,53541.0,82637.0
47700,"Warsaw, IN Micro Area",2007,30321,50332,26465.0,42620.0,56032.0,81067.0
47700,"Warsaw, IN Micro Area",2008,30572,49142,23994.0,41663.0,55044.0,77713.0
47700,"Warsaw, IN Micro Area",2009,31497,46494,21826.0,37884.0,55096.0,82102.0
47700,"Warsaw, IN Micro Area",2010,29560,47308,22322.0,40846.0,58268.0,84601.0
47700,"Warsaw, IN Micro Area",2011,28664,50803,23350.0,41126.0,60298.0,91432.0
47700,"Warsaw, IN Micro Area",2012,29592,49301,25095.0,41340.0,60106.0,90719.0
47700,"Warsaw, IN Micro Area",2013,28649,51221,23079.0,41284.0,62508.0,90151.0
47700,"Warsaw, IN Micro Area",2014,29741,53825,26457.0,46056.0,61367.0,94036.0
47700,"Warsaw, IN Micro Area",2015,29867,52888,27017.0,44818.0,63776.0,93370.0
47700,"Warsaw, IN Micro Area",2016,30494,53963,25042.0,42495.0,63495.0,97154.0
47700,"Warsaw, IN Micro Area",2017,30000,63463,29926.0,50098.0,75927.0,107014.0
47700,"Warsaw, IN Micro Area",2018,30798,55253,30938.0,48203.0,68999.0,104211.0
47700,"Warsaw, IN Micro Area",2019,30991,64099,28736.0,50962.0,77736.0,106720.0
47700,"Warsaw, IN Micro Area",2021,31523,65540,32299.0,51541.0,80759.0,116142.0
47700,"Warsaw, IN Micro Area",2022,31651,68778,31731.0,55626.0,86456.0,132313.0
47700,"Warsaw, IN Micro Area",2023,32268,70140,34305.0,54322.0,90224.0,123361.0
47700,"Warsaw, IN Micro Area",2024,32035,76695,37513.0,65265.0,91500.0,126555.0
47900,"Washington-Arlington-Alexandria, DC-VA-MD-WV Metro Area",2005,1944465,74708,,,,
47900,"Washington-Arlington-Alexandria, DC-VA-MD-WV Metro Area",2006,1942516,78978,36836.0,63772.0,95929.0,144382.0
47900,"Washington-Arlington-Alexandria, DC-VA-MD-WV Metro Area",2007,1958104,83200,38369.0,67204.0,101332.0,153652.0
47900,"Washington-Arlington-Alexandria, DC-VA-MD-WV Metro Area",2008,1981003,85824,39721.0,69577.0,103417.0,156322.0
47900,"Washington-Arlington-Alexandria, DC-VA-MD-WV Metro Area",2009,1986757,85168,39117.0,68768.0,103528.0,156348.0
47900,"Washington-Arlington-Alexandria, DC-VA-MD-WV Metro Area",2010,2042154,84523,37999.0,67913.0,103670.0,158273.0
47900,"Washington-Arlington-Alexandria, DC-VA-MD-WV Metro Area",2011,2071390,86680,38729.0,69942.0,105915.0,162370.0
47900,"Washington-Arlington-Alexandria, DC-VA-MD-WV Metro Area",2012,2085494,88233,39550.0,70777.0,107944.0,165347.0
47900,"Washington-Arlington-Alexandria, DC-VA-MD-WV Metro Area",2013,2133062,90149,40155.0,71893.0,110019.0,168354.0
47900,"Washington-Arlington-Alexandria, DC-VA-MD-WV Metro Area",2014,2154147,91193,40088.0,72437.0,110819.0,170219.0
47900,"Washington-Arlington-Alexandria, DC-VA-MD-WV Metro Area",2015,2172310,93294,41071.0,75142.0,113841.0,175304.0
47900,"Washington-Arlington-Alexandria, DC-VA-MD-WV Metro Area",2016,2191806,95843,41076.0,76678.0,116671.0,179569.0
47900,"Washington-Arlington-Alexandria, DC-VA-MD-WV Metro Area",2017,2203717,99669,43582.0,79980.0,121327.0,185495.0
47900,"Washington-Arlington-Alexandria, DC-VA-MD-WV Metro Area",2018,2234559,102180,44595.0,82183.0,125455.0,193299.0
47900,"Washington-Arlington-Alexandria, DC-VA-MD-WV Metro Area",2019,2251002,105659,47027.0,85788.0,130260.0,201157.0
47900,"Washington-Arlington-Alexandria, DC-VA-MD-WV Metro Area",2021,2384977,110355,47166.0,88547.0,136095.0,209817.0
47900,"Washington-Arlington-Alexandria, DC-VA-MD-WV Metro Area",2022,2422671,117432,51508.0,94591.0,145316.0,224211.0
47900,"Washington-Arlington-Alexandria, DC-VA-MD-WV Metro Area",2023,2409575,121469,53894.0,97189.0,150862.0,232782.0
47900,"Washington-Arlington-Alexandria, DC-VA-MD-WV Metro Area",2024,2415530,126244,54249.0,101386.0,156362.0,245238.0
47930,"Waterbury-Shelton, CT Metro Area",2023,180851,81326,32421.0,65281.0,101253.0,158411.0
47930,"Waterbury-Shelton, CT Metro Area",2024,183716,79889,30974.0,63555.0,103579.0,171506.0
47940,"Waterloo-Cedar Falls, IA Metro Area",2005,65373,41194,,,,
47940,"Waterloo-Cedar Falls, IA Metro Area",2006,64853,43807,19985.0,35034.0,54022.0,77854.0
47940,"Waterloo-Cedar Falls, IA Metro Area",2007,65739,43113,18388.0,34635.0,53164.0,82233.0
47940,"Waterloo-Cedar Falls, IA Metro Area",2008,65698,48286,21711.0,38780.0,57919.0,82652.0
47940,"Waterloo-Cedar Falls, IA Metro Area",2009,67736,44487,19178.0,35829.0,56796.0,84850.0
47940,"Waterloo-Cedar Falls, IA Metro Area",2010,64831,45811,20191.0,35179.0,56548.0,85101.0
47940,"Waterloo-Cedar Falls, IA Metro Area",2011,66619,44416,20737.0,36251.0,54669.0,91631.0
47940,"Waterloo-Cedar Falls, IA Metro Area",2012,66320,50729,24173.0,40947.0,61228.0,90575.0
47940,"Waterloo-Cedar Falls, IA Metro Area",2013,66602,49050,21181.0,38859.0,61741.0,92102.0
47940,"Waterloo-Cedar Falls, IA Metro Area",2014,67957,52991,22838.0,41471.0,64724.0,96972.0
47940,"Waterloo-Cedar Falls, IA Metro Area",2015,66986,52255,23865.0,41867.0,64534.0,101297.0
47940,"Waterloo-Cedar Falls, IA Metro Area",2016,66869,53877,23688.0,42278.0,66235.0,99898.0
47940,"Waterloo-Cedar Falls, IA Metro Area",2017,67711,52318,23880.0,42467.0,66419.0,103013.0
47940,"Waterloo-Cedar Falls, IA Metro Area",2018,68384,56245,24498.0,45685.0,69173.0,105819.0
47940,"Waterloo-Cedar Falls, IA Metro Area",2019,67137,63131,29180.0,50804.0,74982.0,114109.0
47940,"Waterloo-Cedar Falls, IA Metro Area",2021,68479,61833,26454.0,49051.0,76772.0,112663.0
47940,"Waterloo-Cedar Falls, IA Metro Area",2022,69878,65061,26555.0,51036.0,77704.0,122260.0
47940,"Waterloo-Cedar Falls, IA Metro Area",2023,68791,62381,30418.0,51724.0,77493.0,122839.0
47940,"Waterloo-Cedar Falls, IA Metro Area",2024,70593,72382,34342.0,59323.0,86684.0,129190.0
48020,"Watertown-Fort Atkinson, WI Micro Area",2005,30181,47362,,,,
48020,"Watertown-Fort Atkinson, WI Micro Area",2006,30065,50852,25404.0,42458.0,59883.0,84528.0
48020,"Watertown-Fort Atkinson, WI Micro Area",2007,31334,54659,25138.0,44299.0,63157.0,88854.0
48020,"Watertown-Fort Atkinson, WI Micro Area",2008,30699,55581,28822.0,46043.0,64495.0,100035.0
48020,"Watertown-Fort Atkinson, WI Micro Area",2009,30603,52833,22494.0,43264.0,63360.0,90328.0
48020,"Watertown-Fort Atkinson, WI Micro Area",2010,31895,49611,22135.0,39127.0,58762.0,88227.0
48020,"Watertown-Fort Atkinson, WI Micro Area",2011,32457,53217,26650.0,45328.0,66265.0,95101.0
48020,"Watertown-Fort Atkinson, WI Micro Area",2012,32360,53675,25321.0,44702.0,67939.0,95392.0
48020,"Watertown-Fort Atkinson, WI Micro Area",2013,32613,51235,26224.0,41900.0,64821.0,99545.0
48020,"Watertown-Fort Atkinson, WI Micro Area",2014,31607,55675,28644.0,46340.0,67568.0,95316.0
48020,"Watertown-Fort Atkinson, WI Micro Area",2015,32753,62399,29193.0,51006.0,72226.0,103219.0
48020,"Watertown-Fort Atkinson, WI Micro Area",2016,32378,58703,29013.0,44333.0,72281.0,100939.0
48020,"Watertown-Fort Atkinson, WI Micro Area",2017,33534,56675,25780.0,45010.0,71355.0,105534.0
48020,"Watertown-Fort Atkinson, WI Micro Area",2018,33180,65651,30715.0,54643.0,80310.0,123392.0
48020,"Watertown-Fort Atkinson, WI Micro Area",2019,32783,71708,32364.0,56043.0,86930.0,120375.0
48020,"Watertown-Fort Atkinson, WI Micro Area",2021,35088,68319,34524.0,56294.0,83753.0,113964.0
48020,"Watertown-Fort Atkinson, WI Micro Area",2022,35443,78628,36640.0,64056.0,95018.0,137461.0
48020,"Watertown-Fort Atkinson, WI Micro Area",2023,34914,82864,36343.0,66305.0,101013.0,142154.0
48020,"Watertown-Fort Atkinson, WI Micro Area",2024,34768,84139,40498.0,70662.0,98806.0,139807.0
48060,"Watertown-Fort Drum, NY Micro Area",2005,42431,41011,,,,
48060,"Watertown-Fort Drum, NY Micro Area",2006,43158,38195,15843.0,30396.0,48015.0,71391.0
48060,"Watertown-Fort Drum, NY Micro Area",2007,44250,43725,20315.0,35713.0,54542.0,79203.0
48060,"Watertown-Fort Drum, NY Micro Area",2008,44972,45465,18792.0,37235.0,52910.0,82203.0
48060,"Watertown-Fort Drum, NY Micro Area",2009,45266,43080,18422.0,34874.0,54197.0,81206.0
48060,"Watertown-Fort Drum, NY Micro Area",2010,45163,43557,20918.0,36281.0,53068.0,82344.0
48060,"Watertown-Fort Drum, NY Micro Area",2011,46322,45500,20193.0,35654.0,54441.0,79540.0
48060,"Watertown-Fort Drum, NY Micro Area",2012,45845,46558,21089.0,38028.0,56506.0,83001.0
48060,"Watertown-Fort Drum, NY Metro Area",2013,42466,46683,21053.0,37703.0,56965.0,91752.0
48060,"Watertown-Fort Drum, NY Metro Area",2014,43516,51086,24141.0,42127.0,61345.0,86027.0
48060,"Watertown-Fort Drum, NY Metro Area",2015,43145,51107,23436.0,41155.0,60768.0,91957.0
48060,"Watertown-Fort Drum, NY Metro Area",2016,41415,45624,21132.0,36906.0,60905.0,93856.0
48060,"Watertown-Fort Drum, NY Metro Area",2017,41548,47101,21064.0,39264.0,56126.0,87074.0
48060,"Watertown-Fort Drum, NY Metro Area",2018,44657,53146,24861.0,42294.0,62431.0,92554.0
48060,"Watertown-Fort Drum, NY Metro Area",2019,41214,53917,24808.0,44473.0,67328.0,98978.0
48060,"Watertown-Fort Drum, NY Metro Area",2021,48628,60398,30542.0,51913.0,71893.0,115412.0
48060,"Watertown-Fort Drum, NY Metro Area",2022,46815,56423,22411.0,44635.0,72916.0,107097.0
48060,"Watertown-Fort Drum, NY Metro Area",2023,50542,61512,30445.0,50472.0,76849.0,118012.0
48060,"Watertown-Fort Drum, NY Metro Area",2024,49137,70624,30187.0,56065.0,84222.0,122723.0
48140,"Wausau, WI Metro Area",2005,52478,49906,,,,
48140,"Wausau, WI Metro Area",2006,51901,50443,24349.0,41299.0,59125.0,82174.0
48140,"Wausau, WI Metro Area",2007,52461,53377,24096.0,43092.0,63392.0,90213.0
48140,"Wausau, WI Metro Area",2008,53992,54649,25914.0,42840.0,65097.0,91061.0
48140,"Wausau, WI Metro Area",2009,53208,49674,24030.0,39929.0,61111.0,89675.0
48140,"Wausau, WI Metro Area",2010,51851,49356,24039.0,40125.0,60247.0,88406.0
48140,"Wausau, WI Metro Area",2011,53343,51678,23340.0,41489.0,62502.0,94460.0
48140,"Wausau, WI Metro Area",2012,52147,52419,24860.0,44130.0,63124.0,93548.0
48140,"Wausau, WI Metro Area",2013,54422,51635,22161.0,41223.0,61641.0,95802.0
48140,"Wausau, WI Metro Area",2014,54739,53300,24187.0,42662.0,67798.0,99277.0
48140,"Wausau, WI Metro Area",2015,54558,55687,26165.0,44515.0,67089.0,98883.0
48140,"Wausau, WI Metro Area",2016,55147,54774,26762.0,44755.0,68985.0,101487.0
48140,"Wausau, WI Metro Area",2017,55084,58173,25750.0,44983.0,71779.0,105442.0
48140,"Wausau, WI Metro Area",2018,56245,62890,30010.0,51487.0,75063.0,110095.0
48140,"Wausau-Weston, WI Metro Area",2019,67342,65094,29678.0,51330.0,77452.0,108399.0
48140,"Wausau-Weston, WI Metro Area",2021,69891,71486,30570.0,56036.0,85521.0,121383.0
48140,"Wausau-Weston, WI Metro Area",2022,69387,67462,31451.0,55594.0,83709.0,127155.0
48140,"Wausau, WI Metro Area",2023,58104,74141,34473.0,61328.0,86532.0,133495.0
48140,"Wausau, WI Metro Area",2024,58649,78721,40085.0,65025.0,92042.0,136359.0
48260,"Weirton-Steubenville, WV-OH Metro Area",2005,53906,36102,,,,
48260,"Weirton-Steubenville, WV-OH Metro Area",2006,52748,34776,15533.0,26944.0,42276.0,67332.0
48260,"Weirton-Steubenville, WV-OH Metro Area",2007,52160,38698,17521.0,31119.0,47828.0,73714.0
48260,"Weirton-Steubenville, WV-OH Metro Area",2008,52981,38079,15950.0,31129.0,48503.0,76072.0
48260,"Weirton-Steubenville, WV-OH Metro Area",2009,51403,37892,16901.0,28895.0,46637.0,70087.0
48260,"Weirton-Steubenville, WV-OH Metro Area",2013,50523,39277,16695.0,31601.0,48224.0,77854.0
48260,"Weirton-Steubenville, WV-OH Metro Area",2014,51058,44582,17996.0,33704.0,53732.0,82185.0
48260,"Weirton-Steubenville, WV-OH Metro Area",2015,50699,43452,16704.0,34817.0,52457.0,86605.0
48260,"Weirton-Steubenville, WV-OH Metro Area",2016,48495,44733,19518.0,35799.0,54819.0,82181.0
48260,"Weirton-Steubenville, WV-OH Metro Area",2017,48242,45971,19969.0,37515.0,56594.0,84784.0
48260,"Weirton-Steubenville, WV-OH Metro Area",2018,51680,43747,18094.0,33573.0,55643.0,90457.0
48260,"Weirton-Steubenville, WV-OH Metro Area",2019,50065,49510,20690.0,40515.0,61833.0,95574.0
48260,"Weirton-Steubenville, WV-OH Metro Area",2021,49145,49362,20125.0,38967.0,62137.0,99264.0
48260,"Weirton-Steubenville, WV-OH Metro Area",2022,49583,58076,23257.0,44636.0,67648.0,104943.0
48260,"Weirton-Steubenville, WV-OH Metro Area",2023,50285,53422,21798.0,42713.0,69796.0,104921.0
48260,"Weirton-Steubenville, WV-OH Metro Area",2024,49539,60159,23737.0,49057.0,73152.0,112187.0
48300,"Wenatchee, WA Metro Area",2005,39057,40302,,,,
48300,"Wenatchee, WA Metro Area",2006,38805,47435,22216.0,37279.0,55266.0,82394.0
48300,"Wenatchee, WA Metro Area",2007,39965,43444,20946.0,35707.0,55455.0,83996.0
48300,"Wenatchee, WA Metro Area",2008,39388,46754,21967.0,38003.0,55878.0,83072.0
48300,"Wenatchee-East Wenatchee, WA Metro Area",2009,39305,49755,23373.0,40775.0,58831.0,89841.0
48300,"Wenatchee-East Wenatchee, WA Metro Area",2010,40402,47839,24189.0,38764.0,57617.0,93444.0
48300,"Wenatchee-East Wenatchee, WA Metro Area",2011,41349,50075,25616.0,42207.0,59577.0,89419.0
48300,"Wenatchee-East Wenatchee, WA Metro Area",2012,41750,47251,23265.0,38201.0,58695.0,94191.0
48300,"Wenatchee, WA Metro Area",2013,41368,51177,19697.0,40768.0,61671.0,89827.0
48300,"Wenatchee, WA Metro Area",2014,41500,50986,23443.0,39929.0,62127.0,93509.0
48300,"Wenatchee, WA Metro Area",2015,41304,56319,26165.0,44959.0,66181.0,103052.0
48300,"Wenatchee, WA Metro Area",2016,43186,52231,22298.0,41350.0,63274.0,97814.0
48300,"Wenatchee, WA Metro Area",2017,42468,58990,27804.0,47386.0,70597.0,108786.0
48300,"Wenatchee, WA Metro Area",2018,47855,61714,28523.0,49955.0,72063.0,116393.0
48300,"Wenatchee, WA Metro Area",2019,44478,60532,28133.0,50242.0,73039.0,115798.0
48300,"Wenatchee, WA Metro Area",2021,47559,65006,29316.0,53415.0,78419.0,139546.0
48300,"Wenatchee, WA Metro Area",2022,48514,87459,41768.0,70411.0,105319.0,155798.0
48300,"Wenatchee-East Wenatchee, WA Metro Area",2023,49671,73601,34076.0,60367.0,90816.0,147509.0
48300,"Wenatchee-East Wenatchee, WA Metro Area",2024,49816,79977,34894.0,67542.0,101849.0,172375.0
48540,"Wheeling, WV-OH Metro Area",2005,62947,34032,,,,
48540,"Wheeling, WV-OH Metro Area",2006,62222,32510,14590.0,25330.0,42331.0,67450.0
48540,"Wheeling, WV-OH Metro Area",2007,62084,35446,14596.0,29136.0,43799.0,72415.0
48540,"Wheeling, WV-OH Metro Area",2008,61521,38687,15467.0,29703.0,48516.0,73224.0
48540,"Wheeling, WV-OH Metro Area",2009,61217,39009,16715.0,31078.0,48973.0,75147.0
48540,"Wheeling, WV-OH Metro Area",2010,60776,38415,17230.0,30183.0,47968.0,80505.0
48540,"Wheeling, WV-OH Metro Area",2011,60046,40081,17607.0,31366.0,49876.0,78380.0
48540,"Wheeling, WV-OH Metro Area",2012,61627,41677,16921.0,32357.0,50800.0,77097.0
48540,"Wheeling, WV-OH Metro Area",2013,60546,40289,17969.0,31547.0,51147.0,82002.0
48540,"Wheeling, WV-OH Metro Area",2014,58775,40929,17494.0,32200.0,52891.0,90411.0
48540,"Wheeling, WV-OH Metro Area",2015,58313,47726,19856.0,37870.0,59731.0,93282.0
48540,"Wheeling, WV-OH Metro Area",2016,57441,44131,17523.0,32792.0,57726.0,94078.0
48540,"Wheeling, WV-OH Metro Area",2017,51143,49343,22028.0,40716.0,61897.0,98040.0
48540,"Wheeling, WV-OH Metro Area",2018,52435,49749,21061.0,38164.0,60285.0,91627.0
48540,"Wheeling, WV-OH Metro Area",2019,55796,50440,21858.0,41053.0,65573.0,101121.0
48540,"Wheeling, WV-OH Metro Area",2021,57332,52728,21068.0,41006.0,69970.0,102771.0
48540,"Wheeling, WV-OH Metro Area",2022,56516,56218,20597.0,44241.0,71342.0,114448.0
48540,"Wheeling, WV-OH Metro Area",2023,59980,59180,24691.0,47658.0,72500.0,114918.0
48540,"Wheeling, WV-OH Metro Area",2024,59314,55531,23972.0,45780.0,69475.0,115929.0
48580,"Whitewater, WI Micro Area",2005,39067,48656,,,,
48580,"Whitewater, WI Micro Area",2006,37863,51846,22082.0,40085.0,61213.0,87547.0
48580,"Whitewater, WI Micro Area",2007,38291,54022,22445.0,43962.0,64436.0,97500.0
48580,"Whitewater, WI Micro Area",2008,36709,54190,23687.0,41614.0,65062.0,98497.0
48580,"Whitewater, WI Micro Area",2009,40219,49482,20128.0,40143.0,61230.0,89059.0
48580,"Whitewater, WI Micro Area",2010,39108,53388,25875.0,45155.0,63674.0,89742.0
48580,"Whitewater, WI Micro Area",2011,39012,52250,23775.0,41631.0,65636.0,97771.0
48580,"Whitewater, WI Micro Area",2012,39758,48940,22358.0,41573.0,62867.0,93218.0
48580,"Whitewater-Elkhorn, WI Micro Area",2013,40292,52057,22547.0,39835.0,64609.0,101790.0
48580,"Whitewater-Elkhorn, WI Micro Area",2014,39679,52277,22681.0,42955.0,62090.0,100400.0
48580,"Whitewater-Elkhorn, WI Micro Area",2015,38106,58537,23533.0,45541.0,71593.0,104048.0
48580,"Whitewater-Elkhorn, WI Micro Area",2016,40039,58302,23643.0,45399.0,70565.0,106801.0
48580,"Whitewater-Elkhorn, WI Micro Area",2017,41071,60178,28866.0,49131.0,73925.0,109234.0
48580,"Whitewater-Elkhorn, WI Micro Area",2018,40864,63800,30886.0,51275.0,76987.0,115754.0
48580,"Whitewater, WI Micro Area",2019,42799,63549,26911.0,52293.0,78267.0,121362.0
48580,"Whitewater, WI Micro Area",2021,43086,69996,30755.0,54933.0,84637.0,124088.0
48580,"Whitewater, WI Micro Area",2022,42781,72713,34678.0,61695.0,92424.0,148215.0
48580,"Whitewater-Elkhorn, WI Micro Area",2023,43005,75229,32731.0,61198.0,96387.0,149020.0
48580,"Whitewater-Elkhorn, WI Micro Area",2024,45483,82147,39208.0,69423.0,103850.0,156444.0
48620,"Wichita, KS Metro Area",2005,226366,43259,,,,
48620,"Wichita, KS Metro Area",2006,233056,45198,20195.0,36136.0,55362.0,84815.0
48620,"Wichita, KS Metro Area",2007,231108,47404,21972.0,38156.0,59696.0,91079.0
48620,"Wichita, KS Metro Area",2008,241543,49827,22272.0,39115.0,61053.0,91959.0
48620,"Wichita, KS Metro Area",2009,243299,48202,20793.0,39301.0,59710.0,90683.0
48620,"Wichita, KS Metro Area",2010,235977,46131,20448.0,36872.0,56711.0,90198.0
48620,"Wichita, KS Metro Area",2011,237408,49799,21845.0,39396.0,61800.0,91779.0
48620,"Wichita, KS Metro Area",2012,239925,48509,21656.0,38994.0,58846.0,93443.0
48620,"Wichita, KS Metro Area",2013,242612,49476,21162.0,39145.0,61306.0,96236.0
48620,"Wichita, KS Metro Area",2014,240230,52231,22609.0,40764.0,63383.0,99720.0
48620,"Wichita, KS Metro Area",2015,244522,51591,21971.0,41770.0,62389.0,100320.0
48620,"Wichita, KS Metro Area",2016,244765,53663,23312.0,41594.0,65911.0,103536.0
48620,"Wichita, KS Metro Area",2017,246524,54432,23456.0,43595.0,66831.0,104229.0
48620,"Wichita, KS Metro Area",2018,248799,56909,24529.0,45238.0,70384.0,109187.0
48620,"Wichita, KS Metro Area",2019,246836,59779,26813.0,48402.0,72885.0,112567.0
48620,"Wichita, KS Metro Area",2021,250146,61131,27657.0,49763.0,73976.0,114987.0
48620,"Wichita, KS Metro Area",2022,252826,67012,28018.0,52835.0,82157.0,126210.0
48620,"Wichita, KS Metro Area",2023,260885,67434,30996.0,52450.0,82709.0,129124.0
48620,"Wichita, KS Metro Area",2024,260869,71810,33006.0,59208.0,88384.0,136249.0
48660,"Wichita Falls, TX Metro Area",2005,55559,40397,,,,
48660,"Wichita Falls, TX Metro Area",2006,57520,36997,14068.0,29383.0,45297.0,73102.0
48660,"Wichita Falls, TX Metro Area",2007,56514,41431,20030.0,34609.0,50733.0,77748.0
48660,"Wichita Falls, TX Metro Area",2008,56151,45417,20494.0,37444.0,54663.0,82727.0
48660,"Wichita Falls, TX Metro Area",2009,56969,43628,19989.0,33878.0,52118.0,80955.0
48660,"Wichita Falls, TX Metro Area",2010,54996,39633,17002.0,32753.0,49078.0,76275.0
48660,"Wichita Falls, TX Metro Area",2011,52528,44118,20865.0,35547.0,52893.0,85216.0
48660,"Wichita Falls, TX Metro Area",2012,56261,46653,19415.0,36935.0,57956.0,87716.0
48660,"Wichita Falls, TX Metro Area",2013,57532,44702,18482.0,34815.0,54611.0,87256.0
48660,"Wichita Falls, TX Metro Area",2014,54196,43804,18236.0,35622.0,55973.0,85860.0
48660,"Wichita Falls, TX Metro Area",2015,55562,45641,20427.0,36489.0,57168.0,90405.0
48660,"Wichita Falls, TX Metro Area",2016,56183,44951,18769.0,34536.0,53605.0,89213.0
48660,"Wichita Falls, TX Metro Area",2017,55426,45267,17738.0,34337.0,56710.0,90043.0
48660,"Wichita Falls, TX Metro Area",2018,54429,50309,19654.0,39133.0,63902.0,99460.0
48660,"Wichita Falls, TX Metro Area",2019,56673,52233,21960.0,41510.0,66138.0,100391.0
48660,"Wichita Falls, TX Metro Area",2021,56846,55107,22485.0,43965.0,68554.0,115334.0
48660,"Wichita Falls, TX Metro Area",2022,57968,59256,25193.0,46542.0,74533.0,115786.0
48660,"Wichita Falls, TX Metro Area",2023,57000,63502,29245.0,50983.0,81369.0,121708.0
48660,"Wichita Falls, TX Metro Area",2024,57750,66981,31142.0,55046.0,83241.0,134084.0
48680,"Wildwood-The Villages, FL Metro Area",2023,73238,74715,34536.0,58899.0,93003.0,128038.0
48680,"Wildwood-The Villages, FL Metro Area",2024,77562,78807,34437.0,61016.0,96875.0,148617.0
48700,"Williamsport, PA Metro Area",2005,48270,38562,,,,
48700,"Williamsport, PA Metro Area",2006,47465,38907,16835.0,30325.0,47440.0,72269.0
48700,"Williamsport, PA Metro Area",2007,47761,41714,18438.0,32504.0,49577.0,75653.0
48700,"Williamsport, PA Metro Area",2008,47778,42084,18143.0,32395.0,51059.0,77951.0
48700,"Williamsport, PA Metro Area",2009,48061,39968,18921.0,32071.0,50806.0,73870.0
48700,"Williamsport, PA Metro Area",2010,45611,41037,16016.0,32288.0,50362.0,70507.0
48700,"Williamsport, PA Metro Area",2011,46506,42391,20679.0,34904.0,51757.0,79508.0
48700,"Williamsport, PA Metro Area",2012,45595,45710,21011.0,36700.0,57740.0,84124.0
48700,"Williamsport, PA Metro Area",2013,44961,47373,19894.0,36770.0,58542.0,87145.0
48700,"Williamsport, PA Metro Area",2014,45742,45161,20209.0,36218.0,55396.0,88849.0
48700,"Williamsport, PA Metro Area",2015,45751,51455,20325.0,36872.0,63208.0,93588.0
48700,"Williamsport, PA Metro Area",2016,45525,49052,22631.0,40268.0,58952.0,91313.0
48700,"Williamsport, PA Metro Area",2017,46122,50909,23943.0,41253.0,61960.0,96582.0
48700,"Williamsport, PA Metro Area",2018,44585,55045,22478.0,44582.0,68606.0,101292.0
48700,"Williamsport, PA Metro Area",2019,44842,53881,23356.0,42175.0,67336.0,101975.0
48700,"Williamsport, PA Metro Area",2021,47022,60494,29568.0,48607.0,71113.0,105145.0
48700,"Williamsport, PA Metro Area",2022,46774,62516,29090.0,51675.0,78903.0,116779.0
48700,"Williamsport, PA Metro Area",2023,46849,62135,25167.0,50624.0,79155.0,129409.0
48700,"Williamsport, PA Metro Area",2024,47922,60403,24001.0,47424.0,74229.0,119022.0
48740,"Willimantic, CT Micro Area",2005,42401,47684,,,,
48740,"Willimantic, CT Micro Area",2006,43832,55013,22848.0,44882.0,64213.0,90391.0
48740,"Willimantic, CT Micro Area",2007,43627,58594,28943.0,47461.0,66286.0,93903.0
48740,"Willimantic, CT Micro Area",2008,42669,53810,22588.0,42148.0,64009.0,100174.0
48740,"Willimantic, CT Micro Area",2009,41254,58459,23958.0,46856.0,71753.0,103891.0
48740,"Willimantic, CT Micro Area",2010,44756,60026,23630.0,47354.0,72888.0,108000.0
48740,"Willimantic, CT Micro Area",2011,45032,55744,25469.0,45616.0,69046.0,102084.0
48740,"Willimantic, CT Micro Area",2012,43167,54098,24417.0,44449.0,69056.0,103218.0
48900,"Wilmington, NC Metro Area",2005,138238,41000,,,,
48900,"Wilmington, NC Metro Area",2006,140894,44166,20097.0,35131.0,53155.0,81858.0
48900,"Wilmington, NC Metro Area",2007,147137,44780,18781.0,35752.0,56385.0,87552.0
48900,"Wilmington, NC Metro Area",2008,147921,48111,22086.0,39202.0,59189.0,88074.0
48900,"Wilmington, NC Metro Area",2009,153938,44034,18165.0,35939.0,54809.0,89839.0
48900,"Wilmington, NC Metro Area",2010,151338,44825,18449.0,35344.0,56364.0,87087.0
48900,"Wilmington, NC Metro Area",2011,151967,43260,17244.0,33701.0,55934.0,95145.0
48900,"Wilmington, NC Metro Area",2012,152292,49999,21284.0,40316.0,60850.0,94384.0
48900,"Wilmington, NC Metro Area",2013,106814,47594,20445.0,38676.0,57387.0,92051.0
48900,"Wilmington, NC Metro Area",2014,110993,48469,19922.0,38204.0,60262.0,103340.0
48900,"Wilmington, NC Metro Area",2015,111546,52655,20746.0,41141.0,65990.0,107425.0
48900,"Wilmington, NC Metro Area",2016,114024,50155,19467.0,36691.0,61103.0,100039.0
48900,"Wilmington, NC Metro Area",2017,117982,52416,20501.0,41238.0,67350.0,115225.0
48900,"Wilmington, NC Metro Area",2018,120886,52756,21362.0,44363.0,67715.0,105085.0
48900,"Wilmington, NC Metro Area",2019,121734,57667,24787.0,45971.0,72093.0,122355.0
48900,"Wilmington, NC Metro Area",2021,127095,66939,30739.0,52688.0,83040.0,131441.0
48900,"Wilmington, NC Metro Area",2022,130017,72339,31766.0,57185.0,92416.0,140708.0
48900,"Wilmington, NC Metro Area",2023,206546,76904,32481.0,60909.0,94140.0,143848.0
48900,"Wilmington, NC Metro Area",2024,213704,78890,36242.0,62149.0,96875.0,150434.0
48980,"Wilson, NC Micro Area",2005,29058,35033,,,,
48980,"Wilson, NC Micro Area",2006,29596,37023,14907.0,29859.0,46461.0,74119.0
48980,"Wilson, NC Micro Area",2007,30545,36908,15150.0,27749.0,45523.0,76006.0
48980,"Wilson, NC Micro Area",2008,31566,38004,14387.0,29456.0,47045.0,82349.0
48980,"Wilson, NC Micro Area",2009,30932,40053,16040.0,32187.0,49017.0,74663.0
48980,"Wilson, NC Micro Area",2010,32762,34883,15812.0,28779.0,45723.0,78861.0
48980,"Wilson, NC Micro Area",2011,30750,36508,15036.0,28742.0,45857.0,75109.0
48980,"Wilson, NC Micro Area",2012,31762,37020,14036.0,30275.0,47181.0,72677.0
48980,"Wilson, NC Micro Area",2013,31657,41095,20843.0,35707.0,48981.0,73167.0
48980,"Wilson, NC Micro Area",2014,32691,38774,16205.0,32025.0,47967.0,76997.0
48980,"Wilson, NC Micro Area",2015,32324,41204,16344.0,34821.0,51588.0,87678.0
48980,"Wilson, NC Micro Area",2016,30897,39036,17542.0,30908.0,51821.0,83583.0
48980,"Wilson, NC Micro Area",2017,32015,45960,22638.0,37429.0,57088.0,82967.0
48980,"Wilson, NC Micro Area",2018,31817,42769,15643.0,30638.0,55570.0,90050.0
48980,"Wilson, NC Micro Area",2019,32384,38830,13479.0,28776.0,53517.0,98998.0
48980,"Wilson, NC Micro Area",2021,32868,47201,19231.0,35562.0,56598.0,90099.0
48980,"Wilson, NC Micro Area",2022,33587,50267,18975.0,40527.0,63041.0,100512.0
48980,"Wilson, NC Micro Area",2023,34524,51247,23527.0,42365.0,69694.0,104578.0
48980,"Wilson, NC Micro Area",2024,33157,64769,25977.0,51440.0,79807.0,116446.0
49020,"Winchester, VA-WV Metro Area",2005,43653,49736,,,,
49020,"Winchester, VA-WV Metro Area",2006,46412,47279,23152.0,38581.0,57699.0,92782.0
49020,"Winchester, VA-WV Metro Area",2007,44284,55860,23976.0,43359.0,66606.0,100555.0
49020,"Winchester, VA-WV Metro Area",2008,46412,50999,23568.0,41391.0,61271.0,94495.0
49020,"Winchester, VA-WV Metro Area",2009,48764,48498,20108.0,40850.0,61776.0,94729.0
49020,"Winchester, VA-WV Metro Area",2010,49365,46626,17412.0,36151.0,60938.0,100081.0
49020,"Winchester, VA-WV Metro Area",2011,50524,50772,19388.0,37602.0,63420.0,107715.0
49020,"Winchester, VA-WV Metro Area",2012,50815,47850,19541.0,37648.0,63345.0,101214.0
49020,"Winchester, VA-WV Metro Area",2013,49477,55045,24936.0,41854.0,68933.0,101304.0
49020,"Winchester, VA-WV Metro Area",2014,51140,52568,22442.0,39027.0,66822.0,110928.0
49020,"Winchester, VA-WV Metro Area",2015,48995,60752,25025.0,50004.0,73047.0,110235.0
49020,"Winchester, VA-WV Metro Area",2016,52538,60962,32169.0,51428.0,71919.0,115066.0
49020,"Winchester, VA-WV Metro Area",2017,51174,65334,31743.0,51829.0,79475.0,117269.0
49020,"Winchester, VA-WV Metro Area",2018,53715,65170,30652.0,51139.0,80731.0,122313.0
49020,"Winchester, VA-WV Metro Area",2019,50062,76583,36242.0,62752.0,90595.0,125634.0
49020,"Winchester, VA-WV Metro Area",2021,52949,72798,30826.0,57734.0,92985.0,136362.0
49020,"Winchester, VA-WV Metro Area",2022,55012,82028,38208.0,65883.0,102966.0,148013.0
49020,"Winchester, VA-WV Metro Area",2023,56287,81272,35398.0,64545.0,101365.0,152756.0
49020,"Winchester, VA-WV Metro Area",2024,59138,81443,37550.0,65146.0,100048.0,159732.0
49180,"Winston-Salem, NC Metro Area",2005,180887,42444,,,,
49180,"Winston-Salem, NC Metro Area",2006,180612,44706,19514.0,35708.0,54222.0,84552.0
49180,"Winston-Salem, NC Metro Area",2007,182959,44970,19265.0,35237.0,56232.0,90519.0
49180,"Winston-Salem, NC Metro Area",2008,184796,46028,20350.0,36003.0,56499.0,89762.0
49180,"Winston-Salem, NC Metro Area",2009,187735,45722,19930.0,35887.0,54903.0,85953.0
49180,"Winston-Salem, NC Metro Area",2010,187786,42644,18976.0,34478.0,55042.0,83828.0
49180,"Winston-Salem, NC Metro Area",2011,189075,42381,18142.0,33396.0,53496.0,86803.0
49180,"Winston-Salem, NC Metro Area",2012,193105,42254,17657.0,32180.0,52279.0,89152.0
49180,"Winston-Salem, NC Metro Area",2013,255660,42563,18001.0,33180.0,54188.0,87722.0
49180,"Winston-Salem, NC Metro Area",2014,256999,43665,19124.0,35423.0,55184.0,86093.0
49180,"Winston-Salem, NC Metro Area",2015,260437,45098,20297.0,35895.0,57540.0,90448.0
49180,"Winston-Salem, NC Metro Area",2016,258760,47711,20582.0,38192.0,58987.0,92477.0
49180,"Winston-Salem, NC Metro Area",2017,263215,49162,20795.0,38992.0,61626.0,96801.0
49180,"Winston-Salem, NC Metro Area",2018,270772,48699,21422.0,39047.0,61657.0,96583.0
49180,"Winston-Salem, NC Metro Area",2019,270273,52322,22345.0,40513.0,66583.0,103787.0
49180,"Winston-Salem, NC Metro Area",2021,273913,57392,24141.0,45305.0,71930.0,112895.0
49180,"Winston-Salem, NC Metro Area",2022,278269,61556,25937.0,48732.0,77155.0,122062.0
49180,"Winston-Salem, NC Metro Area",2023,292187,64406,30139.0,53795.0,77909.0,122463.0
49180,"Winston-Salem, NC Metro Area",2024,300531,65903,27792.0,51371.0,84088.0,131847.0
49220,"Wisconsin Rapids-Marshfield, WI Micro Area",2005,31356,44062,,,,
49220,"Wisconsin Rapids-Marshfield, WI Micro Area",2013,31724,47726,20107.0,35652.0,57241.0,83228.0
49220,"Wisconsin Rapids-Marshfield, WI Micro Area",2014,32383,50831,24238.0,40199.0,62070.0,91053.0
49220,"Wisconsin Rapids-Marshfield, WI Micro Area",2015,30960,50796,23578.0,40791.0,62119.0,91533.0
49220,"Wisconsin Rapids-Marshfield, WI Micro Area",2016,32749,51887,24124.0,40525.0,65714.0,100066.0
49220,"Wisconsin Rapids-Marshfield, WI Micro Area",2017,32478,52110,22714.0,41848.0,64345.0,96799.0
49220,"Wisconsin Rapids-Marshfield, WI Micro Area",2018,32274,55273,26196.0,45542.0,65492.0,93174.0
49220,"Wisconsin Rapids-Marshfield, WI Micro Area",2019,32684,56278,26025.0,44230.0,65262.0,99094.0
49220,"Wisconsin Rapids-Marshfield, WI Micro Area",2021,31890,52627,25355.0,43533.0,65989.0,110585.0
49220,"Wisconsin Rapids-Marshfield, WI Micro Area",2022,32290,63643,30380.0,52143.0,80634.0,120939.0
49220,"Wisconsin Rapids-Marshfield, WI Micro Area",2023,32099,66461,30122.0,54415.0,78542.0,113433.0
49220,"Wisconsin Rapids-Marshfield, WI Micro Area",2024,33541,64400,30149.0,52254.0,82208.0,117975.0
49300,"Wooster, OH Micro Area",2005,42481,44118,,,,
49300,"Wooster, OH Micro Area",2006,42063,45271,21102.0,37995.0,55248.0,79500.0
49300,"Wooster, OH Micro Area",2007,42417,46678,23514.0,39524.0,58203.0,84779.0
49300,"Wooster, OH Micro Area",2008,42989,48360,22543.0,39038.0,57190.0,80060.0
49300,"Wooster, OH Micro Area",2009,42457,47562,21988.0,36467.0,56140.0,83958.0
49300,"Wooster, OH Micro Area",2010,41530,46288,20561.0,38116.0,57880.0,83567.0
49300,"Wooster, OH Micro Area",2011,42635,46827,22878.0,37605.0,57093.0,85420.0
49300,"Wooster, OH Micro Area",2012,42246,47946,22672.0,39120.0,61084.0,88158.0
49300,"Wooster, OH Micro Area",2013,43848,49849,23748.0,40590.0,60788.0,90467.0
49300,"Wooster, OH Micro Area",2014,42830,49988,23146.0,40583.0,58102.0,90174.0
49300,"Wooster, OH Micro Area",2015,42439,52760,24339.0,43044.0,62173.0,91631.0
49300,"Wooster, OH Micro Area",2016,43277,53434,22766.0,42372.0,64179.0,97027.0
49300,"Wooster, OH Micro Area",2017,42890,55899,23648.0,45417.0,65554.0,94710.0
49300,"Wooster, OH Micro Area",2018,43908,59111,29206.0,48763.0,69161.0,97428.0
49300,"Wooster, OH Micro Area",2019,44589,57458,27029.0,46941.0,70788.0,104287.0
49300,"Wooster, OH Micro Area",2021,44215,59666,28290.0,50212.0,73150.0,106504.0
49300,"Wooster, OH Micro Area",2022,44042,69876,30685.0,56171.0,81628.0,121891.0
49300,"Wooster, OH Micro Area",2023,44453,69101,36097.0,56426.0,83310.0,120767.0
49300,"Wooster, OH Micro Area",2024,45213,68401,33358.0,54547.0,83906.0,131674.0
49340,"Worcester, MA Metro Area",2005,284040,55513,,,,
49340,"Worcester, MA Metro Area",2006,290280,58984,23604.0,46310.0,72948.0,110832.0
49340,"Worcester, MA Metro Area",2007,289780,61988,24288.0,48559.0,76870.0,114206.0
49340,"Worcester, MA Metro Area",2008,292767,66878,28291.0,53655.0,81006.0,120068.0
49340,"Worcester, MA Metro Area",2009,295973,63360,25091.0,49912.0,78331.0,118480.0
49340,"Worcester, MA Metro Area",2010,296295,61212,23013.0,47230.0,75922.0,114090.0
49340,"Worcester, MA Metro Area",2011,296948,60493,23970.0,47086.0,75733.0,118855.0
49340,"Worcester, MA Metro Area",2012,300308,62505,24040.0,48543.0,78536.0,121524.0
49340,"Worcester, MA-CT Metro Area",2013,345518,61789,23322.0,48012.0,77163.0,120711.0
49340,"Worcester, MA-CT Metro Area",2014,344496,64556,25455.0,51004.0,80535.0,124217.0
49340,"Worcester, MA-CT Metro Area",2015,345269,65427,25902.0,51745.0,81370.0,126044.0
49340,"Worcester, MA-CT Metro Area",2016,349567,67763,26959.0,51612.0,86499.0,131561.0
49340,"Worcester, MA-CT Metro Area",2017,352356,69412,26263.0,54001.0,88023.0,135747.0
49340,"Worcester, MA-CT Metro Area",2018,353402,70869,28380.0,55819.0,90121.0,140464.0
49340,"Worcester, MA-CT Metro Area",2019,363177,76348,30804.0,59395.0,94646.0,149678.0
49340,"Worcester, MA-CT Metro Area",2021,379159,83195,31217.0,64581.0,102219.0,160112.0
49340,"Worcester, MA-CT Metro Area",2022,385088,83891,32125.0,64658.0,104549.0,165412.0
49340,"Worcester, MA Metro Area",2023,336660,94099,38901.0,73976.0,115230.0,183438.0
49340,"Worcester, MA Metro Area",2024,340956,96602,40357.0,75985.0,119704.0,186856.0
49420,"Yakima, WA Metro Area",2005,76288,34412,,,,
49420,"Yakima, WA Metro Area",2006,76522,38909,16796.0,31831.0,48693.0,72474.0
49420,"Yakima, WA Metro Area",2007,77682,42686,18385.0,34834.0,52031.0,78257.0
49420,"Yakima, WA Metro Area",2008,77409,45242,20663.0,37111.0,52751.0,79622.0
49420,"Yakima, WA Metro Area",2009,79998,41249,18136.0,32882.0,50857.0,82293.0
49420,"Yakima, WA Metro Area",2010,79875,40648,18230.0,32420.0,54042.0,86418.0
49420,"Yakima, WA Metro Area",2011,80071,42173,19659.0,33672.0,52905.0,81660.0
49420,"Yakima, WA Metro Area",2012,78472,43942,18699.0,35736.0,54434.0,84525.0
49420,"Yakima, WA Metro Area",2013,79742,41917,20156.0,34488.0,51424.0,78396.0
49420,"Yakima, WA Metro Area",2014,79700,44648,21172.0,36256.0,55798.0,82372.0
49420,"Yakima, WA Metro Area",2015,81709,47223,21869.0,39119.0,57216.0,86393.0
49420,"Yakima, WA Metro Area",2016,81084,48965,22645.0,39697.0,59066.0,91992.0
49420,"Yakima, WA Metro Area",2017,82107,47402,23450.0,39389.0,58695.0,87203.0
49420,"Yakima, WA Metro Area",2018,83320,51555,22473.0,41206.0,64695.0,95883.0
49420,"Yakima, WA Metro Area",2019,83992,56233,25414.0,45094.0,67308.0,101136.0
49420,"Yakima, WA Metro Area",2021,86992,61012,27043.0,47274.0,71885.0,110982.0
49420,"Yakima, WA Metro Area",2022,87616,63865,27913.0,51286.0,82619.0,115348.0
49420,"Yakima, WA Metro Area",2023,89414,69525,28993.0,54986.0,81314.0,124618.0
49420,"Yakima, WA Metro Area",2024,90541,75399,33145.0,59853.0,90856.0,130330.0
49500,"Yauco, PR Metro Area",2005,35948,11905,,,,
49500,"Yauco, PR Metro Area",2006,35519,13512,4911.0,10535.0,17746.0,33140.0
49500,"Yauco, PR Metro Area",2007,34641,13597,4581.0,10504.0,17101.0,31060.0
49500,"Yauco, PR Metro Area",2008,34722,12125,3948.0,8912.0,17219.0,31154.0
49500,"Yauco, PR Metro Area",2009,33894,13554,4700.0,9918.0,17932.0,32916.0
49500,"Yauco, PR Metro Area",2010,32875,13721,5376.0,10535.0,17704.0,29955.0
49500,"Yauco, PR Metro Area",2011,30006,14469,4749.0,11299.0,18415.0,32441.0
49500,"Yauco, PR Metro Area",2012,30718,15561,4586.0,11455.0,19937.0,31370.0
49500,"Yauco, PR Metro Area",2019,30396,15695,6210.0,12133.0,19554.0,32586.0
49500,"Yauco, PR Metro Area",2021,29142,17728,7786.0,14303.0,23305.0,38415.0
49500,"Yauco, PR Metro Area",2022,32081,21469,9669.0,16385.0,26656.0,42236.0
49620,"York-Hanover, PA Metro Area",2005,159432,48911,,,,
49620,"York-Hanover, PA Metro Area",2006,162285,52428,25244.0,43301.0,62590.0,90175.0
49620,"York-Hanover, PA Metro Area",2007,165004,55120,25547.0,45306.0,66401.0,97430.0
49620,"York-Hanover, PA Metro Area",2008,165676,56910,27146.0,46618.0,68005.0,100155.0
49620,"York-Hanover, PA Metro Area",2009,165368,57027,26610.0,46568.0,67447.0,98645.0
49620,"York-Hanover, PA Metro Area",2010,170055,56368,26266.0,46376.0,68739.0,101094.0
49620,"York-Hanover, PA Metro Area",2011,167625,55551,24582.0,45419.0,67130.0,101929.0
49620,"York-Hanover, PA Metro Area",2012,168508,55648,25826.0,44434.0,67774.0,100386.0
49620,"York-Hanover, PA Metro Area",2013,164937,57065,25836.0,45750.0,69176.0,102859.0
49620,"York-Hanover, PA Metro Area",2014,169212,58587,25219.0,46674.0,70085.0,105963.0
49620,"York-Hanover, PA Metro Area",2015,165672,58409,27540.0,49001.0,71508.0,106333.0
49620,"York-Hanover, PA Metro Area",2016,169885,62462,28307.0,51576.0,74180.0,110863.0
49620,"York-Hanover, PA Metro Area",2017,171781,63519,30166.0,52408.0,78064.0,111981.0
49620,"York-Hanover, PA Metro Area",2018,173958,65239,29551.0,51972.0,78609.0,119857.0
49620,"York-Hanover, PA Metro Area",2019,175441,69172,30886.0,55735.0,83786.0,124111.0
49620,"York-Hanover, PA Metro Area",2021,178898,72949,33789.0,59143.0,89106.0,136540.0
49620,"York-Hanover, PA Metro Area",2022,184019,80130,36371.0,64640.0,97090.0,144056.0
49620,"York-Hanover, PA Metro Area",2023,183864,81362,37332.0,66409.0,97129.0,142954.0
49620,"York-Hanover, PA Metro Area",2024,185039,81453,37165.0,66520.0,101455.0,151169.0
49660,"Youngstown-Warren-Boardman, OH-PA Metro Area",2005,236779,38497,,,,
49660,"Youngstown-Warren-Boardman, OH-PA Metro Area",2006,234545,40031,16900.0,31409.0,49479.0,74724.0
49660,"Youngstown-Warren-Boardman, OH-PA Metro Area",2007,231895,40292,17547.0,32384.0,49878.0,76344.0
49660,"Youngstown-Warren-Boardman, OH-PA Metro Area",2008,234938,40549,16498.0,32030.0,50648.0,75927.0
49660,"Youngstown-Warren-Boardman, OH-PA Metro Area",2009,233687,40920,16935.0,31297.0,50129.0,75189.0
49660,"Youngstown-Warren-Boardman, OH-PA Metro Area",2010,228960,39240,16877.0,31112.0,48605.0,75228.0
49660,"Youngstown-Warren-Boardman, OH-PA Metro Area",2011,231532,40599,17299.0,32122.0,50009.0,77376.0
49660,"Youngstown-Warren-Boardman, OH-PA Metro Area",2012,229328,40686,17674.0,31964.0,50505.0,78481.0
49660,"Youngstown-Warren-Boardman, OH-PA Metro Area",2013,229074,41992,18203.0,32684.0,51820.0,80865.0
49660,"Youngstown-Warren-Boardman, OH-PA Metro Area",2014,228797,42228,18052.0,34037.0,52056.0,82243.0
49660,"Youngstown-Warren-Boardman, OH-PA Metro Area",2015,228692,43127,18891.0,34485.0,54421.0,85833.0
49660,"Youngstown-Warren-Boardman, OH-PA Metro Area",2016,228427,44981,19374.0,35488.0,55603.0,87920.0
49660,"Youngstown-Warren-Boardman, OH-PA Metro Area",2017,231423,45382,20198.0,35904.0,55695.0,89160.0
49660,"Youngstown-Warren-Boardman, OH-PA Metro Area",2018,227477,47476,19642.0,37551.0,60095.0,94243.0
49660,"Youngstown-Warren-Boardman, OH-PA Metro Area",2019,230643,48558,20571.0,38533.0,59870.0,93219.0
49660,"Youngstown-Warren-Boardman, OH-PA Metro Area",2021,230536,51194,20904.0,41039.0,63987.0,101221.0
49660,"Youngstown-Warren-Boardman, OH-PA Metro Area",2022,229685,54506,22303.0,43568.0,67576.0,107524.0
49660,"Youngstown-Warren, OH Metro Area",2023,186827,51350,21879.0,41965.0,65702.0,105962.0
49660,"Youngstown-Warren, OH Metro Area",2024,184997,57812,23036.0,45748.0,71272.0,116946.0
49700,"Yuba City, CA Metro Area",2005,52227,43885,,,,
49700,"Yuba City, CA Metro Area",2006,54586,45287,19272.0,35254.0,57247.0,86565.0
49700,"Yuba City, CA Metro Area",2007,55450,47777,20770.0,37706.0,59139.0,93779.0
49700,"Yuba City, CA Metro Area",2008,56215,50746,20695.0,37575.0,60727.0,92792.0
49700,"Yuba City, CA Metro Area",2009,55805,47327,21474.0,36174.0,57792.0,87684.0
49700,"Yuba City, CA Metro Area",2010,55241,46314,20609.0,37043.0,56646.0,88188.0
49700,"Yuba City, CA Metro Area",2011,55418,46509,21204.0,40261.0,55986.0,82523.0
49700,"Yuba City, CA Metro Area",2012,56101,45646,18909.0,36616.0,59424.0,90706.0
49700,"Yuba City, CA Metro Area",2013,56806,46773,20971.0,35964.0,57824.0,87395.0
49700,"Yuba City, CA Metro Area",2014,57366,48115,20838.0,38514.0,59979.0,95055.0
49700,"Yuba City, CA Metro Area",2015,58262,51185,20611.0,38726.0,65053.0,101213.0
49700,"Yuba City, CA Metro Area",2016,59044,50775,22748.0,39561.0,61625.0,100685.0
49700,"Yuba City, CA Metro Area",2017,58173,58727,24918.0,46425.0,72772.0,105542.0
49700,"Yuba City, CA Metro Area",2018,58180,54745,25110.0,42958.0,68312.0,112093.0
49700,"Yuba City, CA Metro Area",2019,59866,61307,27454.0,49615.0,75112.0,119528.0
49700,"Yuba City, CA Metro Area",2021,61597,63678,27322.0,51647.0,76634.0,113190.0
49700,"Yuba City, CA Metro Area",2022,63162,65034,30247.0,54483.0,83744.0,129358.0
49700,"Yuba City, CA Metro Area",2023,62578,77335,31298.0,60826.0,94638.0,146336.0
49700,"Yuba City, CA Metro Area",2024,62892,81094,36197.0,64271.0,102854.0,158226.0
49740,"Yuma, AZ Metro Area",2005,66877,35956,,,,
49740,"Yuma, AZ Metro Area",2006,69922,37457,17054.0,30145.0,47149.0,72609.0
49740,"Yuma, AZ Metro Area",2007,70173,40733,20136.0,32911.0,48110.0,73194.0
49740,"Yuma, AZ Metro Area",2008,69370,38930,16708.0,30840.0,47966.0,72688.0
49740,"Yuma, AZ Metro Area",2009,71680,38681,18966.0,31884.0,47171.0,70730.0
49740,"Yuma, AZ Metro Area",2010,67750,42240,19484.0,33337.0,52493.0,78595.0
49740,"Yuma, AZ Metro Area",2011,71490,38390,18514.0,31252.0,48820.0,70877.0
49740,"Yuma, AZ Metro Area",2012,70895,39485,17860.0,31467.0,49024.0,72271.0
49740,"Yuma, AZ Metro Area",2013,69744,41666,20099.0,32873.0,51137.0,80994.0
49740,"Yuma, AZ Metro Area",2014,70593,40008,18152.0,31713.0,49276.0,79109.0
49740,"Yuma, AZ Metro Area",2015,71751,40539,18097.0,31501.0,49744.0,76646.0
49740,"Yuma, AZ Metro Area",2016,73072,43518,20977.0,35574.0,54533.0,86670.0
49740,"Yuma, AZ Metro Area",2017,74620,46798,19239.0,36421.0,57466.0,91123.0
49740,"Yuma, AZ Metro Area",2018,74532,43403,20695.0,34517.0,56070.0,85728.0
49740,"Yuma, AZ Metro Area",2019,74042,46419,18226.0,36261.0,56443.0,89360.0
49740,"Yuma, AZ Metro Area",2021,74981,57304,26042.0,46489.0,69245.0,103951.0
49740,"Yuma, AZ Metro Area",2022,80857,53994,25666.0,43894.0,66198.0,103919.0
49740,"Yuma, AZ Metro Area",2023,83811,62888,26782.0,51115.0,73573.0,107102.0
49740,"Yuma, AZ Metro Area",2024,83795,66844,28427.0,50024.0,76539.0,119913.0
49780,"Zanesville, OH Micro Area",2005,32272,36870,,,,
49780,"Zanesville, OH Micro Area",2006,32376,36047,14884.0,29593.0,45281.0,68727.0
49780,"Zanesville, OH Micro Area",2007,32290,40702,15382.0,31372.0,50084.0,77004.0
49780,"Zanesville, OH Micro Area",2008,32286,41569,17008.0,32897.0,50111.0,76604.0
49780,"Zanesville, OH Micro Area",2009,32265,36989,17885.0,30672.0,47302.0,76169.0
49780,"Zanesville, OH Micro Area",2010,34238,40894,17471.0,31742.0,48269.0,73701.0
49780,"Zanesville, OH Micro Area",2011,34639,38259,15672.0,28343.0,49577.0,75182.0
49780,"Zanesville, OH Micro Area",2012,33675,39266,15983.0,29969.0,50758.0,80164.0
49780,"Zanesville, OH Micro Area",2013,34207,39212,17434.0,30756.0,49812.0,76021.0
49780,"Zanesville, OH Micro Area",2014,33921,41230,15993.0,30033.0,50550.0,79738.0
49780,"Zanesville, OH Micro Area",2015,34150,42815,18608.0,35019.0,52461.0,79173.0
49780,"Zanesville, OH Micro Area",2016,34169,43422,19168.0,32075.0,50469.0,81782.0
49780,"Zanesville, OH Micro Area",2017,33074,43113,17932.0,34906.0,57009.0,82287.0
49780,"Zanesville, OH Micro Area",2018,34471,49602,19505.0,37112.0,61833.0,94472.0
49780,"Zanesville, OH Micro Area",2019,33342,51844,21752.0,38542.0,64635.0,94596.0
49780,"Zanesville, OH Micro Area",2021,33876,51173,20647.0,38592.0,61789.0,102108.0
49780,"Zanesville, OH Micro Area",2022,35912,58326,23915.0,45968.0,70913.0,110071.0
49780,"Zanesville, OH Micro Area",2023,32776,56654,22796.0,41376.0,71309.0,112263.0
49780,"Zanesville, OH Micro Area",2024,33511,61026,29357.0,49515.0,73547.0,114257.0
