AREA,AREA_NAME,OCC_CODE,A_PCT25,A_MEDIAN,A_PCT75,YEAR,AREA_TITLE
31100,"Los Angeles-Long Beach-Santa Ana, CA",00-0000,19910,31680,52230,2005,
41860,"San Francisco-Oakland-Fremont, CA",00-0000,24940,40400,64190,2005,
47900,"Washington-Arlington-Alexandria, DC-VA-MD-WV",00-0000,24130,39300,65520,2005,
33100,"Miami-Fort Lauderdale-Miami Beach, FL",00-0000,18850,27550,43750,2005,
16980,"Chicago-Naperville-Joilet, IL-IN-WI",00-0000,20540,32140,52080,2005,
71650,"Boston-Cambridge-Quincy, MA-NH",00-0000,25150,38410,59780,2005,
19820,"Detroit-Warren-Livonia, MI",00-0000,22540,35730,55980,2005,
35620,"New York-Northern New Jersey-Long Island, NY-NJ-PA",00-0000,22980,36510,58740,2005,
37980,"Philadelphia-Camden-Wilmington, PA-NJ-DE-MD",00-0000,21510,33230,51680,2005,
19100,"Dallas-Fort Worth-Arlington, TX",00-0000,19600,29570,47330,2005,
42660,"Seattle-Tacoma-Bellevue, WA",00-0000,24400,36600,56190,2005,
31100,"Los Angeles-Long Beach-Santa Ana, CA",00-0000,20610,32950,54300,2006,
41860,"San Francisco-Oakland-Fremont, CA",00-0000,25840,41930,66650,2006,
47900,"Washington-Arlington-Alexandria, DC-VA-MD-WV",00-0000,25330,41210,69190,2006,
33100,"Miami-Fort Lauderdale-Miami Beach, FL",00-0000,19740,28720,45680,2006,
16980,"Chicago-Naperville-Joilet, IL-IN-WI",00-0000,21080,33220,54480,2006,
71650,"Boston-Cambridge-Quincy, MA-NH",00-0000,25750,39470,62270,2006,
19820,"Detroit-Warren-Livonia, MI",00-0000,23120,36550,58160,2006,
35620,"New York-Northern New Jersey-Long Island, NY-NJ-PA",00-0000,23740,37780,61290,2006,
37980,"Philadelphia-Camden-Wilmington, PA-NJ-DE-MD",00-0000,22400,34470,53650,2006,
19100,"Dallas-Fort Worth-Arlington, TX",00-0000,19970,30250,48350,2006,
42660,"Seattle-Tacoma-Bellevue, WA",00-0000,25410,37920,58510,2006,
31100,"Los Angeles-Long Beach-Santa Ana, CA",00-0000,21580,34380,56770,2007,
41860,"San Francisco-Oakland-Fremont, CA",00-0000,26690,43210,69080,2007,
47900,"Washington-Arlington-Alexandria, DC-VA-MD-WV",00-0000,26290,42670,71700,2007,
33100,"Miami-Fort Lauderdale-Miami Beach, FL",00-0000,20450,29850,47250,2007,
16980,"Chicago-Naperville-Joliet, IL-IN-WI",00-0000,21710,34570,57500,2007,
71650,"Boston-Cambridge-Quincy, MA-NH",00-0000,26400,40440,64570,2007,
19820,"Detroit-Warren-Livonia, MI",00-0000,23430,37300,59550,2007,
35620,"New York-Northern New Jersey-Long Island, NY-NJ-PA",00-0000,24590,39120,63240,2007,
37980,"Philadelphia-Camden-Wilmington, PA-NJ-DE-MD",00-0000,22990,35270,55040,2007,
19100,"Dallas-Fort Worth-Arlington, TX",00-0000,20590,31340,50380,2007,
42660,"Seattle-Tacoma-Bellevue, WA",00-0000,26600,39210,61030,2007,
31100,"Los Angeles-Long Beach-Santa Ana, CA",00-0000,22390,35610,59630,2008,
41860,"San Francisco-Oakland-Fremont, CA",00-0000,27670,44930,72270,2008,
47900,"Washington-Arlington-Alexandria, DC-VA-MD-WV",00-0000,27260,44620,75540,2008,
33100,"Miami-Fort Lauderdale-Miami Beach, FL",00-0000,21000,30760,48780,2008,
16980,"Chicago-Naperville-Joliet, IL-IN-WI",00-0000,22390,35590,60170,2008,
71650,"Boston-Cambridge-Quincy, MA-NH",00-0000,27110,41740,67000,2008,
19820,"Detroit-Warren-Livonia, MI",00-0000,23490,37100,60280,2008,
35620,"New York-Northern New Jersey-Long Island, NY-NJ-PA",00-0000,25340,40280,65590,2008,
37980,"Philadelphia-Camden-Wilmington, PA-NJ-DE-MD",00-0000,23920,36440,57260,2008,
19100,"Dallas-Fort Worth-Arlington, TX",00-0000,21160,32340,52060,2008,
42660,"Seattle-Tacoma-Bellevue, WA",00-0000,27210,40390,63590,2008,
31100,"Los Angeles-Long Beach-Santa Ana, CA",00-0000,22900,36370,61050,2009,
41860,"San Francisco-Oakland-Fremont, CA",00-0000,28010,45580,74030,2009,
47900,"Washington-Arlington-Alexandria, DC-VA-MD-WV",00-0000,27700,46520,78930,2009,
33100,"Miami-Fort Lauderdale-Pompano Beach, FL",00-0000,21210,31240,49530,2009,
16980,"Chicago-Naperville-Joliet, IL-IN-WI",00-0000,22590,36410,61160,2009,
71650,"Boston-Cambridge-Quincy, MA-NH",00-0000,27840,43210,69690,2009,
19820,"Detroit-Warren-Livonia, MI",00-0000,23430,36680,59440,2009,
35620,"New York-Northern New Jersey-Long Island, NY-NJ-PA",00-0000,25570,41110,67530,2009,
37980,"Philadelphia-Camden-Wilmington, PA-NJ-DE-MD",00-0000,24610,37620,58740,2009,
19100,"Dallas-Fort Worth-Arlington, TX",00-0000,21720,33610,54230,2009,
42660,"Seattle-Tacoma-Bellevue, WA",00-0000,27770,41630,65720,2009,
31100,"Los Angeles-Long Beach-Santa Ana, CA",00-0000,23090,36920,62790,2010,
41860,"San Francisco-Oakland-Fremont, CA",00-0000,28640,46370,75620,2010,
47900,"Washington-Arlington-Alexandria, DC-VA-MD-WV",00-0000,28310,47770,82170,2010,
33100,"Miami-Fort Lauderdale-Pompano Beach, FL",00-0000,21250,31490,50840,2010,
16980,"Chicago-Naperville-Joliet, IL-IN-WI",00-0000,22660,36590,61260,2010,
71650,"Boston-Cambridge-Quincy, MA-NH",00-0000,28290,44220,71140,2010,
19820,"Detroit-Warren-Livonia, MI",00-0000,23430,36750,59980,2010,
35620,"New York-Northern New Jersey-Long Island, NY-NJ-PA",00-0000,25610,41550,69040,2010,
37980,"Philadelphia-Camden-Wilmington, PA-NJ-DE-MD",00-0000,24870,38190,59860,2010,
19100,"Dallas-Fort Worth-Arlington, TX",00-0000,21920,34460,55780,2010,
42660,"Seattle-Tacoma-Bellevue, WA",00-0000,28140,42930,67780,2010,
31100,"Los Angeles-Long Beach-Santa Ana, CA",00-0000,23510,37620,64900,2011,
41860,"San Francisco-Oakland-Fremont, CA",00-0000,29100,47440,77900,2011,
47900,"Washington-Arlington-Alexandria, DC-VA-MD-WV",00-0000,28650,48940,84610,2011,
33100,"Miami-Fort Lauderdale-Pompano Beach, FL",00-0000,21300,31660,51400,2011,
16980,"Chicago-Joliet-Naperville, IL-IN-WI",00-0000,22780,36560,60930,2011,
71650,"Boston-Cambridge-Quincy, MA-NH",00-0000,28480,44860,72560,2011,
19820,"Detroit-Warren-Livonia, MI",00-0000,23680,37020,60380,2011,
35620,"New York-Northern New Jersey-Long Island, NY-NJ-PA",00-0000,25780,42350,70750,2011,
37980,"Philadelphia-Camden-Wilmington, PA-NJ-DE-MD",00-0000,25220,38810,61080,2011,
19100,"Dallas-Fort Worth-Arlington, TX",00-0000,22150,34930,56800,2011,
42660,"Seattle-Tacoma-Bellevue, WA",00-0000,28960,44240,70220,2011,
31100,"Los Angeles-Long Beach-Santa Ana, CA",00-0000,23550,37940,66150,2012,
41860,"San Francisco-Oakland-Fremont, CA",00-0000,29260,48370,80730,2012,
47900,"Washington-Arlington-Alexandria, DC-VA-MD-WV",00-0000,28790,49370,85940,2012,
33100,"Miami-Fort Lauderdale-Pompano Beach, FL",00-0000,21110,31250,51160,2012,
16980,"Chicago-Joliet-Naperville, IL-IN-WI",00-0000,22800,36830,62150,2012,
71650,"Boston-Cambridge-Quincy, MA-NH",00-0000,28640,45510,73230,2012,
19820,"Detroit-Warren-Livonia, MI",00-0000,23540,36940,60250,2012,
35620,"New York-Northern New Jersey-Long Island, NY-NJ-PA",00-0000,25760,42660,71980,2012,
37980,"Philadelphia-Camden-Wilmington, PA-NJ-DE-MD",00-0000,25110,38800,61620,2012,
19100,"Dallas-Fort Worth-Arlington, TX",00-0000,22010,34830,56960,2012,
42660,"Seattle-Tacoma-Bellevue, WA",00-0000,28980,44750,72000,2012,
31100,"Los Angeles-Long Beach-Santa Ana, CA",00-0000,23760,38090,66660,2013,
41860,"San Francisco-Oakland-Fremont, CA",00-0000,29340,48730,82670,2013,
47900,"Washington-Arlington-Alexandria, DC-VA-MD-WV",00-0000,28820,49830,86700,2013,
33100,"Miami-Fort Lauderdale-Pompano Beach, FL",00-0000,21150,31260,51260,2013,
16980,"Chicago-Joliet-Naperville, IL-IN-WI",00-0000,23000,36660,62250,2013,
71650,"Boston-Cambridge-Quincy, MA-NH",00-0000,28680,45880,74090,2013,
19820,"Detroit-Warren-Livonia, MI",00-0000,23680,37010,60730,2013,
35620,"New York-Northern New Jersey-Long Island, NY-NJ-PA",00-0000,25900,43250,73490,2013,
37980,"Philadelphia-Camden-Wilmington, PA-NJ-DE-MD",00-0000,25150,39180,63240,2013,
19100,"Dallas-Fort Worth-Arlington, TX",00-0000,22240,35150,57690,2013,
42660,"Seattle-Tacoma-Bellevue, WA",00-0000,29110,45170,73360,2013,
31100,"Los Angeles-Long Beach-Santa Ana, CA",00-0000,23850,38290,66880,2014,
41860,"San Francisco-Oakland-Fremont, CA",00-0000,29600,49330,84340,2014,
47900,"Washington-Arlington-Alexandria, DC-VA-MD-WV",00-0000,28980,50070,87540,2014,
33100,"Miami-Fort Lauderdale-Pompano Beach, FL",00-0000,21550,31830,52430,2014,
16980,"Chicago-Joliet-Naperville, IL-IN-WI",00-0000,23280,37590,63950,2014,
71650,"Boston-Cambridge-Quincy, MA-NH",00-0000,29000,46920,75990,2014,
19820,"Detroit-Warren-Livonia, MI",00-0000,23690,37270,61630,2014,
35620,"New York-Northern New Jersey-Long Island, NY-NJ-PA",00-0000,25950,43660,74530,2014,
37980,"Philadelphia-Camden-Wilmington, PA-NJ-DE-MD",00-0000,25110,39480,64010,2014,
19100,"Dallas-Fort Worth-Arlington, TX",00-0000,22670,35610,58610,2014,
42660,"Seattle-Tacoma-Bellevue, WA",00-0000,29070,45040,73710,2014,
31080,"Los Angeles-Long Beach-Anaheim, CA",00-0000,24340,38700,67310,2015,
41860,"San Francisco-Oakland-Hayward, CA",00-0000,30440,50310,86550,2015,
47900,"Washington-Arlington-Alexandria, DC-VA-MD-WV",00-0000,29240,50690,88600,2015,
33100,"Miami-Fort Lauderdale-West Palm Beach, FL",00-0000,22010,32820,54030,2015,
16980,"Chicago-Naperville-Elgin, IL-IN-WI",00-0000,23800,38250,64650,2015,
71650,"Boston-Cambridge-Nashua, MA-NH",00-0000,29510,48020,77940,2015,
19820,"Detroit-Warren-Dearborn, MI",00-0000,23990,37830,62610,2015,
35620,"New York-Newark-Jersey City, NY-NJ-PA",00-0000,26120,44100,75120,2015,
37980,"Philadelphia-Camden-Wilmington, PA-NJ-DE-MD",00-0000,25270,39720,64990,2015,
19100,"Dallas-Fort Worth-Arlington, TX",00-0000,23220,36450,59930,2015,
42660,"Seattle-Tacoma-Bellevue, WA",00-0000,30040,46330,75300,2015,
31080,"Los Angeles-Long Beach-Anaheim, CA",00-0000,25180,39680,68420,2016,
41860,"San Francisco-Oakland-Hayward, CA",00-0000,31480,51780,88390,2016,
47900,"Washington-Arlington-Alexandria, DC-VA-MD-WV",00-0000,30040,52270,91310,2016,
33100,"Miami-Fort Lauderdale-West Palm Beach, FL",00-0000,22710,33900,55190,2016,
16980,"Chicago-Naperville-Elgin, IL-IN-WI",00-0000,24440,39380,66920,2016,
71650,"Boston-Cambridge-Nashua, MA-NH",00-0000,30210,49340,79930,2016,
19820,"Detroit-Warren-Dearborn, MI",00-0000,24360,38630,63930,2016,
35620,"New York-Newark-Jersey City, NY-NJ-PA",00-0000,26760,45220,76990,2016,
37980,"Philadelphia-Camden-Wilmington, PA-NJ-DE-MD",00-0000,25780,40360,65970,2016,
19100,"Dallas-Fort Worth-Arlington, TX",00-0000,24030,37430,61430,2016,
42660,"Seattle-Tacoma-Bellevue, WA",00-0000,31090,47650,77310,2016,
31080,"Los Angeles-Long Beach-Anaheim, CA",00-0000,25640,39800,68440,2017,
41860,"San Francisco-Oakland-Hayward, CA",00-0000,31660,51750,88740,2017,
47900,"Washington-Arlington-Alexandria, DC-VA-MD-WV",00-0000,30480,53310,92990,2017,
33100,"Miami-Fort Lauderdale-West Palm Beach, FL",00-0000,23270,34670,56110,2017,
16980,"Chicago-Naperville-Elgin, IL-IN-WI",00-0000,25080,39990,67690,2017,
71650,"Boston-Cambridge-Nashua, MA-NH",00-0000,30990,50250,80990,2017,
19820,"Detroit-Warren-Dearborn, MI",00-0000,24930,39240,65070,2017,
35620,"New York-Newark-Jersey City, NY-NJ-PA",00-0000,27310,45900,78090,2017,
37980,"Philadelphia-Camden-Wilmington, PA-NJ-DE-MD",00-0000,26660,41540,67970,2017,
19100,"Dallas-Fort Worth-Arlington, TX",00-0000,24540,38020,62660,2017,
42660,"Seattle-Tacoma-Bellevue, WA",00-0000,32400,48890,78670,2017,
11260,"Anchorage, AK",00-0000,31070,47170,74510,2018,
21820,"Fairbanks, AK",00-0000,33120,49750,74200,2018,
11500,"Anniston-Oxford-Jacksonville, AL",00-0000,20890,32130,48610,2018,
12220,"Auburn-Opelika, AL",00-0000,20120,30310,47850,2018,
13820,"Birmingham-Hoover, AL",00-0000,24060,37050,58080,2018,
19300,"Daphne-Fairhope-Foley, AL",00-0000,21300,28960,43910,2018,
19460,"Decatur, AL",00-0000,21360,31410,50650,2018,
20020,"Dothan, AL",00-0000,20440,29810,46130,2018,
22520,"Florence-Muscle Shoals, AL",00-0000,21290,30900,46190,2018,
23460,"Gadsden, AL",00-0000,19960,28310,44520,2018,
26620,"Huntsville, AL",00-0000,24080,39820,69650,2018,
33660,"Mobile, AL",00-0000,23110,35310,54370,2018,
33860,"Montgomery, AL",00-0000,22320,33670,51960,2018,
46220,"Tuscaloosa, AL",00-0000,22200,33740,52280,2018,
22220,"Fayetteville-Springdale-Rogers, AR-MO",00-0000,23680,34300,54760,2018,
22900,"Fort Smith, AR-OK",00-0000,21670,29730,45420,2018,
26300,"Hot Springs, AR",00-0000,20280,27260,40950,2018,
27860,"Jonesboro, AR",00-0000,21350,30060,44830,2018,
30780,"Little Rock-North Little Rock-Conway, AR",00-0000,23700,35140,54740,2018,
38220,"Pine Bluff, AR",00-0000,22280,31830,48220,2018,
22380,"Flagstaff, AZ",00-0000,24210,33650,53270,2018,
29420,"Lake Havasu City-Kingman, AZ",00-0000,23990,31090,45700,2018,
38060,"Phoenix-Mesa-Scottsdale, AZ",00-0000,26010,37980,60110,2018,
39140,"Prescott, AZ",00-0000,24730,33700,49410,2018,
43420,"Sierra Vista-Douglas, AZ",00-0000,24340,36180,63710,2018,
46060,"Tucson, AZ",00-0000,24680,35430,56370,2018,
49740,"Yuma, AZ",00-0000,23310,29540,45570,2018,
12540,"Bakersfield, CA",00-0000,24640,35450,61090,2018,
17020,"Chico, CA",00-0000,25030,34730,54200,2018,
20940,"El Centro, CA",00-0000,24180,32250,57010,2018,
23420,"Fresno, CA",00-0000,24750,34390,56970,2018,
25260,"Hanford-Corcoran, CA",00-0000,24780,36200,61900,2018,
31080,"Los Angeles-Long Beach-Anaheim, CA",00-0000,27210,40970,70830,2018,
31460,"Madera, CA",00-0000,24500,32990,59000,2018,
32900,"Merced, CA",00-0000,24620,35150,56620,2018,
33700,"Modesto, CA",00-0000,25010,36210,55570,2018,
34900,"Napa, CA",00-0000,29420,41780,66140,2018,
37100,"Oxnard-Thousand Oaks-Ventura, CA",00-0000,26640,39260,65240,2018,
39820,"Redding, CA",00-0000,25340,36700,59190,2018,
40140,"Riverside-San Bernardino-Ontario, CA",00-0000,25370,36610,58740,2018,
40900,"Sacramento--Roseville--Arden-Arcade, CA",00-0000,27620,42950,71000,2018,
41500,"Salinas, CA",00-0000,26000,35750,59450,2018,
41740,"San Diego-Carlsbad, CA",00-0000,28100,43390,72370,2018,
41860,"San Francisco-Oakland-Hayward, CA",00-0000,33240,54090,92820,2018,
41940,"San Jose-Sunnyvale-Santa Clara, CA",00-0000,35040,60110,108790,2018,
42020,"San Luis Obispo-Paso Robles-Arroyo Grande, CA",00-0000,26260,37390,61340,2018,
42100,"Santa Cruz-Watsonville, CA",00-0000,27860,40270,65240,2018,
42200,"Santa Maria-Santa Barbara, CA",00-0000,26700,39340,65390,2018,
42220,"Santa Rosa, CA",00-0000,29620,42150,66610,2018,
44700,"Stockton-Lodi, CA",00-0000,25720,37330,58870,2018,
46700,"Vallejo-Fairfield, CA",00-0000,27270,41340,67680,2018,
47300,"Visalia-Porterville, CA",00-0000,24220,31680,48970,2018,
49700,"Yuba City, CA",00-0000,25340,37450,62230,2018,
14500,"Boulder, CO",00-0000,30720,49090,81510,2018,
17820,"Colorado Springs, CO",00-0000,25830,38720,62450,2018,
19740,"Denver-Aurora-Lakewood, CO",00-0000,29290,45420,73300,2018,
22660,"Fort Collins, CO",00-0000,26770,39240,62070,2018,
24300,"Grand Junction, CO",00-0000,25210,36160,55490,2018,
24540,"Greeley, CO",00-0000,27760,39370,57750,2018,
39380,"Pueblo, CO",00-0000,24310,36000,54570,2018,
71950,"Bridgeport-Stamford-Norwalk, CT",00-0000,29890,50450,83490,2018,
72850,"Danbury, CT",00-0000,28770,43390,67810,2018,
73450,"Hartford-West Hartford-East Hartford, CT",00-0000,30330,48820,76470,2018,
75700,"New Haven, CT",00-0000,28690,44640,70770,2018,
76450,"Norwich-New London-Westerly, CT-RI",00-0000,27860,43610,69470,2018,
78700,"Waterbury, CT",00-0000,27000,39920,62830,2018,
47900,"Washington-Arlington-Alexandria, DC-VA-MD-WV",00-0000,31240,54680,95020,2018,
20100,"Dover, DE",00-0000,24600,36060,55360,2018,
15980,"Cape Coral-Fort Myers, FL",00-0000,23740,32930,50510,2018,
18880,"Crestview-Fort Walton Beach-Destin, FL",00-0000,23440,33110,53780,2018,
19660,"Deltona-Daytona Beach-Ormond Beach, FL",00-0000,22110,30470,45330,2018,
23540,"Gainesville, FL",00-0000,23370,35080,56140,2018,
26140,"Homosassa Springs, FL",00-0000,21970,30420,45400,2018,
27260,"Jacksonville, FL",00-0000,24400,35790,56580,2018,
29460,"Lakeland-Winter Haven, FL",00-0000,23680,33210,49980,2018,
33100,"Miami-Fort Lauderdale-West Palm Beach, FL",00-0000,24050,35780,57430,2018,
34940,"Naples-Immokalee-Marco Island, FL",00-0000,25240,35160,52870,2018,
35840,"North Port-Sarasota-Bradenton, FL",00-0000,24100,34090,51480,2018,
36100,"Ocala, FL",00-0000,22310,30470,45360,2018,
36740,"Orlando-Kissimmee-Sanford, FL",00-0000,23040,33150,52500,2018,
37340,"Palm Bay-Melbourne-Titusville, FL",00-0000,24160,35820,57770,2018,
37460,"Panama City, FL",00-0000,22490,30850,47330,2018,
37860,"Pensacola-Ferry Pass-Brent, FL",00-0000,22910,33120,50530,2018,
38940,"Port St. Lucie, FL",00-0000,23950,34360,51530,2018,
39460,"Punta Gorda, FL",00-0000,23370,31830,48380,2018,
42680,"Sebastian-Vero Beach, FL",00-0000,23230,31620,47500,2018,
42700,"Sebring, FL",00-0000,21370,27880,40030,2018,
45220,"Tallahassee, FL",00-0000,23780,35510,53950,2018,
45300,"Tampa-St. Petersburg-Clearwater, FL",00-0000,24370,35910,57450,2018,
45540,"The Villages, FL",00-0000,22260,31950,49030,2018,
10500,"Albany, GA",00-0000,20750,30660,49890,2018,
12020,"Athens-Clarke County, GA",00-0000,22610,33950,55060,2018,
12060,"Atlanta-Sandy Springs-Roswell, GA",00-0000,24650,39080,64320,2018,
12260,"Augusta-Richmond County, GA-SC",00-0000,22300,34240,56070,2018,
15260,"Brunswick, GA",00-0000,21170,30880,52890,2018,
17980,"Columbus, GA-AL",00-0000,20900,31460,50650,2018,
19140,"Dalton, GA",00-0000,23140,32410,45190,2018,
23580,"Gainesville, GA",00-0000,23370,32310,50190,2018,
25980,"Hinesville, GA",00-0000,22740,36430,53770,2018,
31420,"Macon, GA",00-0000,21810,32750,50350,2018,
40660,"Rome, GA",00-0000,22120,31740,51090,2018,
42340,"Savannah, GA",00-0000,22470,34290,55240,2018,
46660,"Valdosta, GA",00-0000,19940,28840,45170,2018,
47580,"Warner Robins, GA",00-0000,22490,38380,59390,2018,
27980,"Kahului-Wailuku-Lahaina, HI",00-0000,29890,41350,58230,2018,
46520,"Urban Honolulu, HI",00-0000,29050,43840,67740,2018,
11180,"Ames, IA",00-0000,24830,40530,61740,2018,
16300,"Cedar Rapids, IA",00-0000,26780,39590,61390,2018,
19340,"Davenport-Moline-Rock Island, IA-IL",00-0000,24560,36480,58680,2018,
19780,"Des Moines-West Des Moines, IA",00-0000,27680,40950,62870,2018,
20220,"Dubuque, IA",00-0000,25080,36280,54250,2018,
26980,"Iowa City, IA",00-0000,26530,39870,60580,2018,
43580,"Sioux City, IA-NE-SD",00-0000,25340,35150,49780,2018,
47940,"Waterloo-Cedar Falls, IA",00-0000,24640,35400,50910,2018,
14260,"Boise City, ID",00-0000,24610,35280,55370,2018,
17660,"Coeur d'Alene, ID",00-0000,23660,33460,49980,2018,
26820,"Idaho Falls, ID",00-0000,22600,32650,55110,2018,
30300,"Lewiston, ID-WA",00-0000,25330,36670,53500,2018,
38540,"Pocatello, ID",00-0000,22060,31450,48670,2018,
14010,"Bloomington, IL",00-0000,24940,40620,67300,2018,
16060,"Carbondale-Marion, IL",00-0000,22790,33220,53660,2018,
16580,"Champaign-Urbana, IL",00-0000,25620,39190,60930,2018,
16980,"Chicago-Naperville-Elgin, IL-IN-WI",00-0000,26200,41210,69940,2018,
19180,"Danville, IL",00-0000,24510,35590,52330,2018,
19500,"Decatur, IL",00-0000,23410,35510,55170,2018,
28100,"Kankakee, IL",00-0000,24400,35920,58150,2018,
37900,"Peoria, IL",00-0000,24870,38410,63180,2018,
40420,"Rockford, IL",00-0000,24550,35820,55650,2018,
44100,"Springfield, IL",00-0000,24390,39010,63700,2018,
14020,"Bloomington, IN",00-0000,23330,34410,52010,2018,
18020,"Columbus, IN",00-0000,25470,36150,51960,2018,
21140,"Elkhart-Goshen, IN",00-0000,26990,36050,52590,2018,
21780,"Evansville, IN-KY",00-0000,24080,34710,52370,2018,
23060,"Fort Wayne, IN",00-0000,24480,35950,54290,2018,
26900,"Indianapolis-Carmel-Anderson, IN",00-0000,25600,37750,59620,2018,
29020,"Kokomo, IN",00-0000,23160,37920,59690,2018,
29200,"Lafayette-West Lafayette, IN",00-0000,23800,35930,55980,2018,
33140,"Michigan City-La Porte, IN",00-0000,22880,33190,48900,2018,
34620,"Muncie, IN",00-0000,22260,33170,50970,2018,
43780,"South Bend-Mishawaka, IN-MI",00-0000,24440,35520,54090,2018,
45460,"Terre Haute, IN",00-0000,22310,32930,50720,2018,
29940,"Lawrence, KS",00-0000,22830,32670,51080,2018,
31740,"Manhattan, KS",00-0000,21460,31960,50240,2018,
45820,"Topeka, KS",00-0000,24690,36700,53620,2018,
48620,"Wichita, KS",00-0000,24190,35770,54940,2018,
14540,"Bowling Green, KY",00-0000,22500,32690,48120,2018,
21060,"Elizabethtown-Fort Knox, KY",00-0000,23610,35380,53080,2018,
30460,"Lexington-Fayette, KY",00-0000,23640,35940,55500,2018,
31140,"Louisville/Jefferson County, KY-IN",00-0000,24760,36350,55610,2018,
36980,"Owensboro, KY",00-0000,23160,34740,52000,2018,
10780,"Alexandria, LA",00-0000,20950,31290,48370,2018,
12940,"Baton Rouge, LA",00-0000,23020,36500,56690,2018,
25220,"Hammond, LA",00-0000,19780,28980,47350,2018,
26380,"Houma-Thibodaux, LA",00-0000,22990,35730,53830,2018,
29180,"Lafayette, LA",00-0000,21630,32400,49410,2018,
29340,"Lake Charles, LA",00-0000,23010,37430,58520,2018,
33740,"Monroe, LA",00-0000,20340,30040,46820,2018,
35380,"New Orleans-Metairie, LA",00-0000,22040,34020,55320,2018,
43340,"Shreveport-Bossier City, LA",00-0000,20950,31090,49420,2018,
70900,"Barnstable Town, MA",00-0000,29050,41800,62830,2018,
71650,"Boston-Cambridge-Nashua, MA-NH",00-0000,32030,51510,83490,2018,
74500,"Leominster-Gardner, MA",00-0000,27470,38360,60890,2018,
75550,"New Bedford, MA",00-0000,26890,36920,60100,2018,
76600,"Pittsfield, MA",00-0000,27140,38260,62490,2018,
78100,"Springfield, MA-CT",00-0000,28470,40780,63750,2018,
79600,"Worcester, MA-CT",00-0000,29190,42660,66400,2018,
12580,"Baltimore-Columbia-Towson, MD",00-0000,27780,44520,72390,2018,
15680,"California-Lexington Park, MD",00-0000,30240,61840,103800,2018,
19060,"Cumberland, MD-WV",00-0000,23200,34800,55070,2018,
25180,"Hagerstown-Martinsburg, MD-WV",00-0000,24760,36380,54130,2018,
41540,"Salisbury, MD-DE",00-0000,23440,31970,50520,2018,
70750,"Bangor, ME",00-0000,24710,34890,51460,2018,
74650,"Lewiston-Auburn, ME",00-0000,25430,35210,50560,2018,
76750,"Portland-South Portland, ME",00-0000,27940,39670,60930,2018,
11460,"Ann Arbor, MI",00-0000,26470,41390,66910,2018,
12980,"Battle Creek, MI",00-0000,25710,37630,59110,2018,
13020,"Bay City, MI",00-0000,22450,32230,52360,2018,
19820,"Detroit-Warren-Dearborn, MI",00-0000,26020,40600,67310,2018,
22420,"Flint, MI",00-0000,23120,34830,58730,2018,
24340,"Grand Rapids-Wyoming, MI",00-0000,25860,36050,54800,2018,
27100,"Jackson, MI",00-0000,24960,37890,60440,2018,
28020,"Kalamazoo-Portage, MI",00-0000,24330,35900,56940,2018,
29620,"Lansing-East Lansing, MI",00-0000,25330,38800,61880,2018,
33220,"Midland, MI",00-0000,24260,38010,63490,2018,
33780,"Monroe, MI",00-0000,23410,33830,54390,2018,
34740,"Muskegon, MI",00-0000,23690,33760,50750,2018,
35660,"Niles-Benton Harbor, MI",00-0000,23410,33220,52160,2018,
40980,"Saginaw, MI",00-0000,23360,33860,53040,2018,
20260,"Duluth, MN-WI",00-0000,25760,38020,58010,2018,
31860,"Mankato-North Mankato, MN",00-0000,25760,37520,55330,2018,
33460,"Minneapolis-St. Paul-Bloomington, MN-WI",00-0000,29900,45520,71220,2018,
40340,"Rochester, MN",00-0000,28020,42240,68910,2018,
41060,"St. Cloud, MN",00-0000,27930,39280,56270,2018,
16020,"Cape Girardeau, MO-IL",00-0000,21710,30670,47310,2018,
17860,"Columbia, MO",00-0000,23260,35070,55320,2018,
27620,"Jefferson City, MO",00-0000,24650,34630,50090,2018,
27900,"Joplin, MO",00-0000,22140,31490,45850,2018,
28140,"Kansas City, MO-KS",00-0000,26150,39280,61830,2018,
41140,"St. Joseph, MO-KS",00-0000,24200,34130,49700,2018,
41180,"St. Louis, MO-IL",00-0000,25320,38870,62000,2018,
44180,"Springfield, MO",00-0000,22920,33060,49460,2018,
25060,"Gulfport-Biloxi-Pascagoula, MS",00-0000,21700,34560,54540,2018,
25620,"Hattiesburg, MS",00-0000,20190,28890,45200,2018,
27140,"Jackson, MS",00-0000,22490,33140,51690,2018,
13740,"Billings, MT",00-0000,25510,36980,57120,2018,
24500,"Great Falls, MT",00-0000,22980,31830,48400,2018,
33540,"Missoula, MT",00-0000,23390,33470,51610,2018,
11700,"Asheville, NC",00-0000,24000,33400,49810,2018,
15500,"Burlington, NC",00-0000,21530,30840,46620,2018,
16740,"Charlotte-Concord-Gastonia, NC-SC",00-0000,24910,38050,60490,2018,
20500,"Durham-Chapel Hill, NC",00-0000,29000,45640,73790,2018,
22180,"Fayetteville, NC",00-0000,22160,33620,51400,2018,
24140,"Goldsboro, NC",00-0000,22230,31430,46060,2018,
24660,"Greensboro-High Point, NC",00-0000,23320,34900,53310,2018,
24780,"Greenville, NC",00-0000,22590,34070,53950,2018,
25860,"Hickory-Lenoir-Morganton, NC",00-0000,23520,32480,47320,2018,
27340,"Jacksonville, NC",00-0000,20210,28450,45660,2018,
35100,"New Bern, NC",00-0000,22620,34840,55180,2018,
39580,"Raleigh, NC",00-0000,25340,39460,64040,2018,
40580,"Rocky Mount, NC",00-0000,21860,30850,45910,2018,
48900,"Wilmington, NC",00-0000,22610,33860,51590,2018,
49180,"Winston-Salem, NC",00-0000,23410,35090,54160,2018,
13900,"Bismarck, ND",00-0000,29830,41410,60380,2018,
22020,"Fargo, ND-MN",00-0000,28280,39560,59360,2018,
24220,"Grand Forks, ND-MN",00-0000,26370,37430,55120,2018,
24260,"Grand Island, NE",00-0000,25450,35180,49110,2018,
30700,"Lincoln, NE",00-0000,26020,37960,57090,2018,
36540,"Omaha-Council Bluffs, NE-IA",00-0000,26490,38410,59710,2018,
73050,"Dover-Durham, NH-ME",00-0000,27540,39830,63180,2018,
74950,"Manchester, NH",00-0000,28010,41510,64900,2018,
76900,"Portsmouth, NH-ME",00-0000,28900,43970,69900,2018,
12100,"Atlantic City-Hammonton, NJ",00-0000,23900,35460,60570,2018,
36140,"Ocean City, NJ",00-0000,24380,33700,52800,2018,
45940,"Trenton, NJ",00-0000,30700,51920,80840,2018,
47220,"Vineland-Bridgeton, NJ",00-0000,24570,38570,60090,2018,
10740,"Albuquerque, NM",00-0000,23570,34930,56700,2018,
22140,"Farmington, NM",00-0000,22230,34410,55310,2018,
29740,"Las Cruces, NM",00-0000,21110,30190,52790,2018,
42140,"Santa Fe, NM",00-0000,25990,36700,55760,2018,
16180,"Carson City, NV",00-0000,28010,42000,62330,2018,
29820,"Las Vegas-Henderson-Paradise, NV",00-0000,24270,34900,54160,2018,
39900,"Reno, NV",00-0000,25440,36440,57480,2018,
10580,"Albany-Schenectady-Troy, NY",00-0000,28510,43340,67010,2018,
13780,"Binghamton, NY",00-0000,24970,35880,57940,2018,
15380,"Buffalo-Cheektowaga-Niagara Falls, NY",00-0000,25730,38010,60270,2018,
21300,"Elmira, NY",00-0000,25310,36750,56950,2018,
24020,"Glens Falls, NY",00-0000,25570,35750,53860,2018,
27060,"Ithaca, NY",00-0000,29230,44350,68280,2018,
28740,"Kingston, NY",00-0000,26400,37860,59000,2018,
35620,"New York-Newark-Jersey City, NY-NJ-PA",00-0000,28680,47080,79960,2018,
40380,"Rochester, NY",00-0000,26780,39230,61780,2018,
45060,"Syracuse, NY",00-0000,26830,39730,62310,2018,
46540,"Utica-Rome, NY",00-0000,25080,36290,55880,2018,
48060,"Watertown-Fort Drum, NY",00-0000,24860,36010,55320,2018,
10420,"Akron, OH",00-0000,24960,37510,59980,2018,
15940,"Canton-Massillon, OH",00-0000,22840,33610,51380,2018,
17140,"Cincinnati, OH-KY-IN",00-0000,25340,38370,60900,2018,
17460,"Cleveland-Elyria, OH",00-0000,25310,38980,61970,2018,
18140,"Columbus, OH",00-0000,25950,39300,62650,2018,
19380,"Dayton, OH",00-0000,24690,38020,62160,2018,
30620,"Lima, OH",00-0000,23520,35380,54920,2018,
31900,"Mansfield, OH",00-0000,22700,32680,48580,2018,
44220,"Springfield, OH",00-0000,23850,35300,54790,2018,
45780,"Toledo, OH",00-0000,23950,36040,55800,2018,
49660,"Youngstown-Warren-Boardman, OH-PA",00-0000,22180,32690,50590,2018,
21420,"Enid, OK",00-0000,23310,34150,52290,2018,
30020,"Lawton, OK",00-0000,21200,30750,50240,2018,
36420,"Oklahoma City, OK",00-0000,24260,36500,57750,2018,
46140,"Tulsa, OK",00-0000,24240,35890,54970,2018,
10540,"Albany, OR",00-0000,26730,36970,54660,2018,
13460,"Bend-Redmond, OR",00-0000,27220,37280,56680,2018,
18700,"Corvallis, OR",00-0000,26430,40020,63650,2018,
21660,"Eugene, OR",00-0000,26360,36740,55890,2018,
24420,"Grants Pass, OR",00-0000,24760,32410,44790,2018,
32780,"Medford, OR",00-0000,26380,36000,52650,2018,
38900,"Portland-Vancouver-Hillsboro, OR-WA",00-0000,29670,43420,69650,2018,
41420,"Salem, OR",00-0000,26420,38030,59430,2018,
10900,"Allentown-Bethlehem-Easton, PA-NJ",00-0000,25870,37260,58160,2018,
11020,"Altoona, PA",00-0000,22370,32410,48470,2018,
14100,"Bloomsburg-Berwick, PA",00-0000,25100,36850,57190,2018,
16540,"Chambersburg-Waynesboro, PA",00-0000,25150,36870,52770,2018,
20700,"East Stroudsburg, PA",00-0000,22570,32800,51340,2018,
21500,"Erie, PA",00-0000,22670,32110,49700,2018,
23900,"Gettysburg, PA",00-0000,24280,34510,48850,2018,
25420,"Harrisburg-Carlisle, PA",00-0000,26420,39320,61640,2018,
27780,"Johnstown, PA",00-0000,22110,32140,50050,2018,
29540,"Lancaster, PA",00-0000,25320,36380,53490,2018,
30140,"Lebanon, PA",00-0000,24490,34190,51110,2018,
37980,"Philadelphia-Camden-Wilmington, PA-NJ-DE-MD",00-0000,27300,42580,69500,2018,
38300,"Pittsburgh, PA",00-0000,25990,38980,61570,2018,
39740,"Reading, PA",00-0000,25410,38010,58920,2018,
42540,"Scranton--Wilkes-Barre--Hazleton, PA",00-0000,24350,34670,51490,2018,
44300,"State College, PA",00-0000,25090,37690,60220,2018,
48700,"Williamsport, PA",00-0000,23520,34480,52480,2018,
49620,"York-Hanover, PA",00-0000,25660,37480,56790,2018,
10380,"Aguadilla-Isabela, PR",00-0000,17510,19420,30220,2018,
11640,"Arecibo, PR",00-0000,17570,19490,28320,2018,
25020,"Guayama, PR",00-0000,17630,19610,30330,2018,
32420,"Mayaguez, PR",00-0000,17560,19520,28650,2018,
38660,"Ponce, PR",00-0000,17530,19530,29430,2018,
41900,"San German, PR",00-0000,17220,18790,23520,2018,
41980,"San Juan-Carolina-Caguas, PR",00-0000,18030,21930,34360,2018,
77200,"Providence-Warwick, RI-MA",00-0000,27370,40860,65960,2018,
16700,"Charleston-North Charleston, SC",00-0000,24020,36240,56800,2018,
17900,"Columbia, SC",00-0000,23510,35140,54690,2018,
22500,"Florence, SC",00-0000,20840,30500,48820,2018,
24860,"Greenville-Anderson-Mauldin, SC",00-0000,23510,34420,52090,2018,
25940,"Hilton Head Island-Bluffton-Beaufort, SC",00-0000,22150,30870,48790,2018,
34820,"Myrtle Beach-Conway-North Myrtle Beach, SC-NC",00-0000,20470,27810,42440,2018,
43900,"Spartanburg, SC",00-0000,24450,35390,52360,2018,
44940,"Sumter, SC",00-0000,21240,30940,47990,2018,
39660,"Rapid City, SD",00-0000,23860,32640,48370,2018,
43620,"Sioux Falls, SD",00-0000,25920,35410,51970,2018,
16860,"Chattanooga, TN-GA",00-0000,23460,34420,52330,2018,
17300,"Clarksville, TN-KY",00-0000,21940,31560,48190,2018,
17420,"Cleveland, TN",00-0000,22350,31110,46380,2018,
27180,"Jackson, TN",00-0000,22770,32840,48990,2018,
27740,"Johnson City, TN",00-0000,21280,31980,49560,2018,
28700,"Kingsport-Bristol-Bristol, TN-VA",00-0000,22620,33700,52700,2018,
28940,"Knoxville, TN",00-0000,23210,34640,53920,2018,
32820,"Memphis, TN-MS-AR",00-0000,23180,34550,54190,2018,
34100,"Morristown, TN",00-0000,22400,31590,45950,2018,
34980,"Nashville-Davidson--Murfreesboro--Franklin, TN",00-0000,25780,37680,57770,2018,
10180,"Abilene, TX",00-0000,22100,32360,49660,2018,
11100,"Amarillo, TX",00-0000,23350,34750,53970,2018,
12420,"Austin-Round Rock, TX",00-0000,26800,40070,65520,2018,
13140,"Beaumont-Port Arthur, TX",00-0000,24020,38180,61120,2018,
15180,"Brownsville-Harlingen, TX",00-0000,19540,24550,41790,2018,
17780,"College Station-Bryan, TX",00-0000,23640,35520,55920,2018,
18580,"Corpus Christi, TX",00-0000,22720,34120,55790,2018,
19100,"Dallas-Fort Worth-Arlington, TX",00-0000,25570,39230,63860,2018,
21340,"El Paso, TX",00-0000,19750,28270,48200,2018,
26420,"Houston-The Woodlands-Sugar Land, TX",00-0000,25200,39630,64850,2018,
28660,"Killeen-Temple, TX",00-0000,22840,33640,51370,2018,
29700,"Laredo, TX",00-0000,20160,28260,48580,2018,
30980,"Longview, TX",00-0000,22890,33740,51220,2018,
31180,"Lubbock, TX",00-0000,22230,32770,51790,2018,
32580,"McAllen-Edinburg-Mission, TX",00-0000,19710,25700,44170,2018,
33260,"Midland, TX",00-0000,28990,42230,63790,2018,
36220,"Odessa, TX",00-0000,27300,39130,56310,2018,
41660,"San Angelo, TX",00-0000,21430,31120,48480,2018,
41700,"San Antonio-New Braunfels, TX",00-0000,23930,35240,57100,2018,
43300,"Sherman-Denison, TX",00-0000,22980,33040,51240,2018,
45500,"Texarkana, TX-AR",00-0000,21860,33520,50850,2018,
46340,"Tyler, TX",00-0000,22310,32880,51230,2018,
47020,"Victoria, TX",00-0000,23230,34330,51640,2018,
47380,"Waco, TX",00-0000,23150,33050,51770,2018,
48660,"Wichita Falls, TX",00-0000,21200,31400,48810,2018,
30860,"Logan, UT-ID",00-0000,22870,31490,47770,2018,
36260,"Ogden-Clearfield, UT",00-0000,24980,36350,57150,2018,
39340,"Provo-Orem, UT",00-0000,24370,34920,57760,2018,
41100,"St. George, UT",00-0000,23180,31760,48800,2018,
41620,"Salt Lake City, UT",00-0000,27150,38700,61420,2018,
13980,"Blacksburg-Christiansburg-Radford, VA",00-0000,22920,34680,52690,2018,
16820,"Charlottesville, VA",00-0000,27130,41170,65180,2018,
25500,"Harrisonburg, VA",00-0000,24160,33500,49710,2018,
31340,"Lynchburg, VA",00-0000,22140,32990,50450,2018,
40060,"Richmond, VA",00-0000,25500,39580,62300,2018,
40220,"Roanoke, VA",00-0000,24120,34870,51600,2018,
44420,"Staunton-Waynesboro, VA",00-0000,24160,35750,51130,2018,
47260,"Virginia Beach-Norfolk-Newport News, VA-NC",00-0000,24150,38130,60730,2018,
49020,"Winchester, VA-WV",00-0000,24780,36340,54990,2018,
72400,"Burlington-South Burlington, VT",00-0000,30220,42670,63390,2018,
13380,"Bellingham, WA",00-0000,28930,39630,59360,2018,
14740,"Bremerton-Silverdale, WA",00-0000,30220,46480,69260,2018,
28420,"Kennewick-Richland, WA",00-0000,27840,40340,68350,2018,
31020,"Longview, WA",00-0000,27910,40430,60420,2018,
34580,"Mount Vernon-Anacortes, WA",00-0000,29320,40360,61130,2018,
36500,"Olympia-Tumwater, WA",00-0000,29900,44370,67730,2018,
42660,"Seattle-Tacoma-Bellevue, WA",00-0000,34240,50860,81390,2018,
44060,"Spokane-Spokane Valley, WA",00-0000,28160,38840,59720,2018,
47460,"Walla Walla, WA",00-0000,28870,39220,60010,2018,
48300,"Wenatchee, WA",00-0000,26780,35450,54540,2018,
49420,"Yakima, WA",00-0000,26510,35250,51080,2018,
11540,"Appleton, WI",00-0000,26510,38010,55990,2018,
20740,"Eau Claire, WI",00-0000,24650,35450,52320,2018,
22540,"Fond du Lac, WI",00-0000,25950,38520,56240,2018,
24580,"Green Bay, WI",00-0000,26300,37840,55580,2018,
27500,"Janesville-Beloit, WI",00-0000,24810,36320,54560,2018,
29100,"La Crosse-Onalaska, WI-MN",00-0000,25010,36870,56150,2018,
31540,"Madison, WI",00-0000,29420,42770,65620,2018,
33340,"Milwaukee-Waukesha-West Allis, WI",00-0000,26160,39320,62590,2018,
36780,"Oshkosh-Neenah, WI",00-0000,27420,39030,57270,2018,
39540,"Racine, WI",00-0000,24500,35980,53620,2018,
43100,"Sheboygan, WI",00-0000,26210,39320,55880,2018,
48140,"Wausau, WI",00-0000,27320,37880,53780,2018,
13220,"Beckley, WV",00-0000,21230,30100,46650,2018,
16620,"Charleston, WV",00-0000,23450,34750,54320,2018,
26580,"Huntington-Ashland, WV-KY-OH",00-0000,22180,32770,52300,2018,
34060,"Morgantown, WV",00-0000,23380,35720,58630,2018,
37620,"Parkersburg-Vienna, WV",00-0000,21390,30270,49330,2018,
48260,"Weirton-Steubenville, WV-OH",00-0000,22000,31040,51780,2018,
48540,"Wheeling, WV-OH",00-0000,22530,32510,52740,2018,
16220,"Casper, WY",00-0000,27550,40530,59930,2018,
16940,"Cheyenne, WY",00-0000,27480,39760,60510,2018,
10180,,00-0000,22810,32530,50030,2019,"Abilene, TX"
10380,,00-0000,17420,19210,28640,2019,"Aguadilla-Isabela, PR"
10420,,00-0000,25680,38640,61100,2019,"Akron, OH"
10500,,00-0000,20960,31320,51820,2019,"Albany, GA"
10540,,00-0000,28300,38580,57560,2019,"Albany, OR"
10580,,00-0000,29900,44580,68620,2019,"Albany-Schenectady-Troy, NY"
10740,,00-0000,24310,36260,59140,2019,"Albuquerque, NM"
10780,,00-0000,21560,32560,49880,2019,"Alexandria, LA"
10900,,00-0000,26620,38020,59000,2019,"Allentown-Bethlehem-Easton, PA-NJ"
11020,,00-0000,23180,33540,49900,2019,"Altoona, PA"
11100,,00-0000,23940,35050,52630,2019,"Amarillo, TX"
11180,,00-0000,26090,41750,62750,2019,"Ames, IA"
11260,,00-0000,31980,48140,75630,2019,"Anchorage, AK"
11460,,00-0000,28150,43550,70020,2019,"Ann Arbor, MI"
11500,,00-0000,22090,33860,49460,2019,"Anniston-Oxford-Jacksonville, AL"
11540,,00-0000,27530,38910,57840,2019,"Appleton, WI"
11640,,00-0000,17550,19420,28050,2019,"Arecibo, PR"
11700,,00-0000,25120,35070,52110,2019,"Asheville, NC"
12020,,00-0000,23400,34700,56260,2019,"Athens-Clarke County, GA"
12060,,00-0000,25610,40000,65960,2019,"Atlanta-Sandy Springs-Roswell, GA"
12100,,00-0000,24070,35650,61000,2019,"Atlantic City-Hammonton, NJ"
12220,,00-0000,20500,31090,49400,2019,"Auburn-Opelika, AL"
12260,,00-0000,23340,35180,56690,2019,"Augusta-Richmond County, GA-SC"
12420,,00-0000,27810,41560,67420,2019,"Austin-Round Rock, TX"
12540,,00-0000,25770,35960,61440,2019,"Bakersfield, CA"
12580,,00-0000,28690,45810,74460,2019,"Baltimore-Columbia-Towson, MD"
12940,,00-0000,23910,37570,57950,2019,"Baton Rouge, LA"
12980,,00-0000,27030,38860,59660,2019,"Battle Creek, MI"
13020,,00-0000,23680,33370,53900,2019,"Bay City, MI"
13140,,00-0000,24320,38330,60750,2019,"Beaumont-Port Arthur, TX"
13220,,00-0000,22120,31130,48160,2019,"Beckley, WV"
13380,,00-0000,30230,40780,60840,2019,"Bellingham, WA"
13460,,00-0000,28760,38540,58790,2019,"Bend-Redmond, OR"
13740,,00-0000,26400,37940,58730,2019,"Billings, MT"
13780,,00-0000,26340,37280,60280,2019,"Binghamton, NY"
13820,,00-0000,24700,38020,59270,2019,"Birmingham-Hoover, AL"
13900,,00-0000,30750,42990,61620,2019,"Bismarck, ND"
13980,,00-0000,23850,36490,56190,2019,"Blacksburg-Christiansburg-Radford, VA"
14010,,00-0000,25920,40390,70470,2019,"Bloomington, IL"
14020,,00-0000,24640,35770,55870,2019,"Bloomington, IN"
14100,,00-0000,26090,37790,57960,2019,"Bloomsburg-Berwick, PA"
14260,,00-0000,25770,36660,57100,2019,"Boise City, ID"
14500,,00-0000,32760,51520,84340,2019,"Boulder, CO"
14540,,00-0000,23040,33250,49370,2019,"Bowling Green, KY"
14740,,00-0000,31890,47930,71330,2019,"Bremerton-Silverdale, WA"
15180,,00-0000,19800,24910,41800,2019,"Brownsville-Harlingen, TX"
15260,,00-0000,22120,32350,53150,2019,"Brunswick, GA"
15380,,00-0000,27420,39470,61580,2019,"Buffalo-Cheektowaga-Niagara Falls, NY"
15500,,00-0000,22460,32110,48250,2019,"Burlington, NC"
15680,,00-0000,31320,63040,104570,2019,"California-Lexington Park, MD"
15940,,00-0000,23870,34260,51870,2019,"Canton-Massillon, OH"
15980,,00-0000,25290,35080,53000,2019,"Cape Coral-Fort Myers, FL"
16020,,00-0000,22500,32360,49220,2019,"Cape Girardeau, MO-IL"
16060,,00-0000,23320,34830,55400,2019,"Carbondale-Marion, IL"
16180,,00-0000,28770,42400,63360,2019,"Carson City, NV"
16220,,00-0000,28770,41820,60870,2019,"Casper, WY"
16300,,00-0000,28120,40490,62960,2019,"Cedar Rapids, IA"
16540,,00-0000,25550,37280,54640,2019,"Chambersburg-Waynesboro, PA"
16580,,00-0000,26510,40370,62020,2019,"Champaign-Urbana, IL"
16620,,00-0000,23990,35820,55740,2019,"Charleston, WV"
16700,,00-0000,25310,37430,58850,2019,"Charleston-North Charleston, SC"
16740,,00-0000,25970,39230,62220,2019,"Charlotte-Concord-Gastonia, NC-SC"
16820,,00-0000,27480,41600,66300,2019,"Charlottesville, VA"
16860,,00-0000,24210,35420,53800,2019,"Chattanooga, TN-GA"
16940,,00-0000,28250,40440,61300,2019,"Cheyenne, WY"
16980,,00-0000,27780,42500,71680,2019,"Chicago-Naperville-Elgin, IL-IN-WI"
17020,,00-0000,26890,36420,57870,2019,"Chico, CA"
17140,,00-0000,26770,39620,62050,2019,"Cincinnati, OH-KY-IN"
17300,,00-0000,22640,32810,48510,2019,"Clarksville, TN-KY"
17420,,00-0000,22150,30530,46340,2019,"Cleveland, TN"
17460,,00-0000,26530,40440,63700,2019,"Cleveland-Elyria, OH"
17660,,00-0000,24230,34260,52170,2019,"Coeur d'Alene, ID"
17780,,00-0000,23570,35880,55730,2019,"College Station-Bryan, TX"
17820,,00-0000,27210,39750,63490,2019,"Colorado Springs, CO"
17860,,00-0000,23890,35100,56100,2019,"Columbia, MO"
17900,,00-0000,24250,35860,56390,2019,"Columbia, SC"
17980,,00-0000,21700,32720,52790,2019,"Columbus, GA-AL"
18020,,00-0000,27560,39070,62250,2019,"Columbus, IN"
18140,,00-0000,27230,40380,64070,2019,"Columbus, OH"
18580,,00-0000,23310,34540,56350,2019,"Corpus Christi, TX"
18700,,00-0000,28170,41990,67720,2019,"Corvallis, OR"
18880,,00-0000,24750,35160,57040,2019,"Crestview-Fort Walton Beach-Destin, FL"
19060,,00-0000,24340,35540,56010,2019,"Cumberland, MD-WV"
19100,,00-0000,26540,40430,65120,2019,"Dallas-Fort Worth-Arlington, TX"
19140,,00-0000,23890,33790,46840,2019,"Dalton, GA"
19180,,00-0000,25690,36570,53370,2019,"Danville, IL"
19300,,00-0000,21630,29750,45360,2019,"Daphne-Fairhope-Foley, AL"
19340,,00-0000,25680,37420,58450,2019,"Davenport-Moline-Rock Island, IA-IL"
19380,,00-0000,26060,39550,64240,2019,"Dayton, OH"
19460,,00-0000,22520,33590,53200,2019,"Decatur, AL"
19500,,00-0000,24970,37570,54880,2019,"Decatur, IL"
19660,,00-0000,22960,31430,46780,2019,"Deltona-Daytona Beach-Ormond Beach, FL"
19740,,00-0000,31010,47440,75750,2019,"Denver-Aurora-Lakewood, CO"
19780,,00-0000,28690,42370,63960,2019,"Des Moines-West Des Moines, IA"
19820,,00-0000,27330,41620,68710,2019,"Detroit-Warren-Dearborn, MI"
20020,,00-0000,21060,30600,47200,2019,"Dothan, AL"
20100,,00-0000,25450,37390,57260,2019,"Dover, DE"
20220,,00-0000,26710,37730,55890,2019,"Dubuque, IA"
20260,,00-0000,27120,39590,60380,2019,"Duluth, MN-WI"
20500,,00-0000,29660,46760,75450,2019,"Durham-Chapel Hill, NC"
20700,,00-0000,23350,34070,52940,2019,"East Stroudsburg, PA"
20740,,00-0000,25690,36520,53610,2019,"Eau Claire, WI"
20940,,00-0000,25200,33750,58790,2019,"El Centro, CA"
21060,,00-0000,24540,36070,54280,2019,"Elizabethtown-Fort Knox, KY"
21140,,00-0000,28230,37160,53450,2019,"Elkhart-Goshen, IN"
21300,,00-0000,26660,37810,57930,2019,"Elmira, NY"
21340,,00-0000,20080,29120,50170,2019,"El Paso, TX"
21420,,00-0000,23820,34810,55350,2019,"Enid, OK"
21500,,00-0000,23600,33420,50870,2019,"Erie, PA"
21660,,00-0000,27410,37920,57590,2019,"Eugene, OR"
21780,,00-0000,24760,35670,54060,2019,"Evansville, IN-KY"
21820,,00-0000,32730,48580,73680,2019,"Fairbanks, AK"
22020,,00-0000,29300,40770,60330,2019,"Fargo, ND-MN"
22140,,00-0000,23700,36020,57390,2019,"Farmington, NM"
22180,,00-0000,22690,34110,52590,2019,"Fayetteville, NC"
22220,,00-0000,24740,35620,56140,2019,"Fayetteville-Springdale-Rogers, AR-MO"
22380,,00-0000,25390,34470,52970,2019,"Flagstaff, AZ"
22420,,00-0000,24340,35690,59030,2019,"Flint, MI"
22500,,00-0000,21950,32100,52110,2019,"Florence, SC"
22520,,00-0000,21680,31580,48280,2019,"Florence-Muscle Shoals, AL"
22540,,00-0000,27480,40400,59490,2019,"Fond du Lac, WI"
22660,,00-0000,28630,41250,64050,2019,"Fort Collins, CO"
22900,,00-0000,22600,30690,47460,2019,"Fort Smith, AR-OK"
23060,,00-0000,25560,37240,56280,2019,"Fort Wayne, IN"
23420,,00-0000,26070,35170,58400,2019,"Fresno, CA"
23460,,00-0000,20330,29210,46070,2019,"Gadsden, AL"
23540,,00-0000,24980,36530,58400,2019,"Gainesville, FL"
23580,,00-0000,24770,34110,51650,2019,"Gainesville, GA"
23900,,00-0000,24580,35110,50340,2019,"Gettysburg, PA"
24020,,00-0000,27140,37130,56070,2019,"Glens Falls, NY"
24140,,00-0000,22660,32340,47640,2019,"Goldsboro, NC"
24220,,00-0000,27800,38780,56800,2019,"Grand Forks, ND-MN"
24260,,00-0000,26390,36060,50870,2019,"Grand Island, NE"
24300,,00-0000,26380,37230,56680,2019,"Grand Junction, CO"
24340,,00-0000,27000,37410,56860,2019,"Grand Rapids-Wyoming, MI"
24420,,00-0000,25590,33420,48250,2019,"Grants Pass, OR"
24500,,00-0000,23660,33420,51370,2019,"Great Falls, MT"
24540,,00-0000,29740,41020,59280,2019,"Greeley, CO"
24580,,00-0000,27310,38690,57400,2019,"Green Bay, WI"
24660,,00-0000,24340,35870,54550,2019,"Greensboro-High Point, NC"
24780,,00-0000,23390,35250,56070,2019,"Greenville, NC"
24860,,00-0000,24230,35270,53550,2019,"Greenville-Anderson-Mauldin, SC"
25020,,00-0000,17770,19780,29900,2019,"Guayama, PR"
25060,,00-0000,22080,35080,55840,2019,"Gulfport-Biloxi-Pascagoula, MS"
25180,,00-0000,25850,36550,55690,2019,"Hagerstown-Martinsburg, MD-WV"
25220,,00-0000,20060,29880,48090,2019,"Hammond, LA"
25260,,00-0000,26250,37220,64410,2019,"Hanford-Corcoran, CA"
25420,,00-0000,27410,40180,62770,2019,"Harrisburg-Carlisle, PA"
25500,,00-0000,24770,35290,51670,2019,"Harrisonburg, VA"
25620,,00-0000,20910,29520,46620,2019,"Hattiesburg, MS"
25860,,00-0000,24070,33480,48960,2019,"Hickory-Lenoir-Morganton, NC"
25940,,00-0000,23230,32510,50350,2019,"Hilton Head Island-Bluffton-Beaufort, SC"
25980,,00-0000,22470,36010,52870,2019,"Hinesville, GA"
26140,,00-0000,22850,31480,46690,2019,"Homosassa Springs, FL"
26300,,00-0000,21360,28190,42580,2019,"Hot Springs, AR"
26380,,00-0000,23470,36930,55710,2019,"Houma-Thibodaux, LA"
26420,,00-0000,25980,40570,65230,2019,"Houston-The Woodlands-Sugar Land, TX"
26580,,00-0000,22930,34150,53340,2019,"Huntington-Ashland, WV-KY-OH"
26620,,00-0000,25100,41090,71980,2019,"Huntsville, AL"
26820,,00-0000,23510,33970,57730,2019,"Idaho Falls, ID"
26900,,00-0000,26790,39030,61320,2019,"Indianapolis-Carmel-Anderson, IN"
26980,,00-0000,27460,41150,62140,2019,"Iowa City, IA"
27060,,00-0000,30890,46370,71180,2019,"Ithaca, NY"
27100,,00-0000,26870,39450,61920,2019,"Jackson, MI"
27140,,00-0000,22730,33790,52380,2019,"Jackson, MS"
27180,,00-0000,23090,33610,50260,2019,"Jackson, TN"
27260,,00-0000,25250,36770,57690,2019,"Jacksonville, FL"
27340,,00-0000,21250,29910,47330,2019,"Jacksonville, NC"
27500,,00-0000,25990,37840,57280,2019,"Janesville-Beloit, WI"
27620,,00-0000,25360,35380,50930,2019,"Jefferson City, MO"
27740,,00-0000,22460,32930,49290,2019,"Johnson City, TN"
27780,,00-0000,23340,34130,51900,2019,"Johnstown, PA"
27860,,00-0000,22100,30860,46160,2019,"Jonesboro, AR"
27900,,00-0000,23110,32340,46340,2019,"Joplin, MO"
27980,,00-0000,30860,42220,59700,2019,"Kahului-Wailuku-Lahaina, HI"
28020,,00-0000,25480,37360,58210,2019,"Kalamazoo-Portage, MI"
28100,,00-0000,25230,36340,58630,2019,"Kankakee, IL"
28140,,00-0000,27340,40640,63530,2019,"Kansas City, MO-KS"
28420,,00-0000,29290,41450,68920,2019,"Kennewick-Richland, WA"
28660,,00-0000,23320,34830,53600,2019,"Killeen-Temple, TX"
28700,,00-0000,22920,34060,53140,2019,"Kingsport-Bristol-Bristol, TN-VA"
28740,,00-0000,28130,39380,60270,2019,"Kingston, NY"
28940,,00-0000,24080,35280,53790,2019,"Knoxville, TN"
29020,,00-0000,24120,37980,59980,2019,"Kokomo, IN"
29100,,00-0000,26290,37760,57420,2019,"La Crosse-Onalaska, WI-MN"
29180,,00-0000,21970,33060,50210,2019,"Lafayette, LA"
29200,,00-0000,25740,37690,57070,2019,"Lafayette-West Lafayette, IN"
29340,,00-0000,23620,38590,60930,2019,"Lake Charles, LA"
29420,,00-0000,25240,32280,46320,2019,"Lake Havasu City-Kingman, AZ"
29460,,00-0000,24180,34420,50620,2019,"Lakeland-Winter Haven, FL"
29540,,00-0000,25960,37330,55230,2019,"Lancaster, PA"
29620,,00-0000,26400,40340,64230,2019,"Lansing-East Lansing, MI"
29700,,00-0000,20800,28590,48320,2019,"Laredo, TX"
29740,,00-0000,21950,30670,52960,2019,"Las Cruces, NM"
29820,,00-0000,24750,35660,55620,2019,"Las Vegas-Henderson-Paradise, NV"
29940,,00-0000,23370,33380,52120,2019,"Lawrence, KS"
30020,,00-0000,21530,31430,51160,2019,"Lawton, OK"
30140,,00-0000,25800,35660,53010,2019,"Lebanon, PA"
30300,,00-0000,26310,38110,55920,2019,"Lewiston, ID-WA"
30460,,00-0000,24520,36520,55600,2019,"Lexington-Fayette, KY"
30620,,00-0000,24770,36190,56510,2019,"Lima, OH"
30700,,00-0000,27160,38890,59020,2019,"Lincoln, NE"
30780,,00-0000,24190,35920,56160,2019,"Little Rock-North Little Rock-Conway, AR"
30860,,00-0000,23780,32910,49200,2019,"Logan, UT-ID"
30980,,00-0000,23610,34900,52640,2019,"Longview, TX"
31020,,00-0000,29330,41380,61340,2019,"Longview, WA"
31080,,00-0000,28960,42680,73500,2019,"Los Angeles-Long Beach-Anaheim, CA"
31140,,00-0000,25730,37460,56980,2019,"Louisville/Jefferson County, KY-IN"
31180,,00-0000,22700,33050,52100,2019,"Lubbock, TX"
31340,,00-0000,23310,34470,52900,2019,"Lynchburg, VA"
31420,,00-0000,22660,33500,52120,2019,"Macon, GA"
31460,,00-0000,25520,35080,61170,2019,"Madera, CA"
31540,,00-0000,30580,44080,67230,2019,"Madison, WI"
31740,,00-0000,22270,32810,52650,2019,"Manhattan, KS"
31860,,00-0000,27200,39010,57520,2019,"Mankato-North Mankato, MN"
31900,,00-0000,23500,33950,49970,2019,"Mansfield, OH"
32420,,00-0000,17620,19640,29440,2019,"Mayaguez, PR"
32580,,00-0000,20550,26810,45370,2019,"McAllen-Edinburg-Mission, TX"
32780,,00-0000,27680,37440,55320,2019,"Medford, OR"
32820,,00-0000,23950,35540,55220,2019,"Memphis, TN-MS-AR"
32900,,00-0000,25870,35030,57460,2019,"Merced, CA"
33100,,00-0000,25000,36930,59620,2019,"Miami-Fort Lauderdale-West Palm Beach, FL"
33140,,00-0000,23310,33640,49030,2019,"Michigan City-La Porte, IN"
33220,,00-0000,25080,39370,67050,2019,"Midland, MI"
33260,,00-0000,30980,44910,67550,2019,"Midland, TX"
33340,,00-0000,27410,40720,64360,2019,"Milwaukee-Waukesha-West Allis, WI"
33460,,00-0000,31300,47010,73570,2019,"Minneapolis-St. Paul-Bloomington, MN-WI"
33540,,00-0000,24220,35060,52780,2019,"Missoula, MT"
33660,,00-0000,23330,35710,55260,2019,"Mobile, AL"
33700,,00-0000,26820,37290,58080,2019,"Modesto, CA"
33740,,00-0000,20430,30730,47490,2019,"Monroe, LA"
33780,,00-0000,24850,35930,58190,2019,"Monroe, MI"
33860,,00-0000,22760,34250,52940,2019,"Montgomery, AL"
34060,,00-0000,24020,36540,59310,2019,"Morgantown, WV"
34100,,00-0000,23100,32210,46080,2019,"Morristown, TN"
34580,,00-0000,30920,43380,64840,2019,"Mount Vernon-Anacortes, WA"
34620,,00-0000,22920,34030,52430,2019,"Muncie, IN"
34740,,00-0000,24630,35240,53120,2019,"Muskegon, MI"
34820,,00-0000,21230,28480,43420,2019,"Myrtle Beach-Conway-North Myrtle Beach, SC-NC"
34900,,00-0000,31510,44180,67760,2019,"Napa, CA"
34940,,00-0000,26530,36460,56100,2019,"Naples-Immokalee-Marco Island, FL"
34980,,00-0000,26820,38900,59580,2019,"Nashville-Davidson--Murfreesboro--Franklin, TN"
35100,,00-0000,23640,36140,57020,2019,"New Bern, NC"
35380,,00-0000,22830,35620,57620,2019,"New Orleans-Metairie, LA"
35620,,00-0000,30720,48840,82770,2019,"New York-Newark-Jersey City, NY-NJ-PA"
35660,,00-0000,24570,34640,53220,2019,"Niles-Benton Harbor, MI"
35840,,00-0000,25140,35370,53060,2019,"North Port-Sarasota-Bradenton, FL"
36100,,00-0000,22930,31050,46430,2019,"Ocala, FL"
36140,,00-0000,24780,33800,53350,2019,"Ocean City, NJ"
36220,,00-0000,28960,40930,57790,2019,"Odessa, TX"
36260,,00-0000,25720,36910,57740,2019,"Ogden-Clearfield, UT"
36420,,00-0000,25280,37640,59060,2019,"Oklahoma City, OK"
36500,,00-0000,31660,46810,71250,2019,"Olympia-Tumwater, WA"
36540,,00-0000,27760,39880,61980,2019,"Omaha-Council Bluffs, NE-IA"
36740,,00-0000,23890,34320,54980,2019,"Orlando-Kissimmee-Sanford, FL"
36780,,00-0000,28750,39970,58540,2019,"Oshkosh-Neenah, WI"
36980,,00-0000,23650,34880,51920,2019,"Owensboro, KY"
37100,,00-0000,28540,40540,67090,2019,"Oxnard-Thousand Oaks-Ventura, CA"
37340,,00-0000,25300,37410,60720,2019,"Palm Bay-Melbourne-Titusville, FL"
37460,,00-0000,24220,33840,52180,2019,"Panama City, FL"
37620,,00-0000,22340,31490,51420,2019,"Parkersburg-Vienna, WV"
37860,,00-0000,23910,34430,52350,2019,"Pensacola-Ferry Pass-Brent, FL"
37900,,00-0000,25890,39200,64400,2019,"Peoria, IL"
37980,,00-0000,28230,43840,71420,2019,"Philadelphia-Camden-Wilmington, PA-NJ-DE-MD"
38060,,00-0000,27710,39420,61750,2019,"Phoenix-Mesa-Scottsdale, AZ"
38220,,00-0000,22830,32490,48490,2019,"Pine Bluff, AR"
38300,,00-0000,27060,40570,63580,2019,"Pittsburgh, PA"
38540,,00-0000,22850,32500,50260,2019,"Pocatello, ID"
38660,,00-0000,17660,19740,29860,2019,"Ponce, PR"
38900,,00-0000,31350,45350,72100,2019,"Portland-Vancouver-Hillsboro, OR-WA"
38940,,00-0000,24660,35720,54320,2019,"Port St. Lucie, FL"
39140,,00-0000,25800,34630,49790,2019,"Prescott, AZ"
39340,,00-0000,25210,35950,59070,2019,"Provo-Orem, UT"
39380,,00-0000,25950,37340,56150,2019,"Pueblo, CO"
39460,,00-0000,24090,32640,50140,2019,"Punta Gorda, FL"
39540,,00-0000,25380,37400,57390,2019,"Racine, WI"
39580,,00-0000,26800,41640,67450,2019,"Raleigh, NC"
39660,,00-0000,24320,33820,49910,2019,"Rapid City, SD"
39740,,00-0000,26210,38710,60560,2019,"Reading, PA"
39820,,00-0000,27140,37730,60130,2019,"Redding, CA"
39900,,00-0000,26650,37390,58020,2019,"Reno, NV"
40060,,00-0000,26260,40590,63640,2019,"Richmond, VA"
40140,,00-0000,27200,37780,60400,2019,"Riverside-San Bernardino-Ontario, CA"
40220,,00-0000,24900,36020,54070,2019,"Roanoke, VA"
40340,,00-0000,29770,44490,71160,2019,"Rochester, MN"
40380,,00-0000,28000,40070,62850,2019,"Rochester, NY"
40420,,00-0000,25440,36990,57800,2019,"Rockford, IL"
40580,,00-0000,22200,31640,47170,2019,"Rocky Mount, NC"
40660,,00-0000,22610,32670,51470,2019,"Rome, GA"
40900,,00-0000,29140,44590,73390,2019,"Sacramento--Roseville--Arden-Arcade, CA"
40980,,00-0000,24230,35030,55490,2019,"Saginaw, MI"
41060,,00-0000,28990,40460,58010,2019,"St. Cloud, MN"
41100,,00-0000,24090,33020,49680,2019,"St. George, UT"
41140,,00-0000,25460,35700,50760,2019,"St. Joseph, MO-KS"
41180,,00-0000,26420,40170,63860,2019,"St. Louis, MO-IL"
41420,,00-0000,27960,39360,61430,2019,"Salem, OR"
41500,,00-0000,27770,37230,62030,2019,"Salinas, CA"
41540,,00-0000,24370,32850,51770,2019,"Salisbury, MD-DE"
41620,,00-0000,28250,40120,63070,2019,"Salt Lake City, UT"
41660,,00-0000,22180,31990,49080,2019,"San Angelo, TX"
41700,,00-0000,24830,36130,57790,2019,"San Antonio-New Braunfels, TX"
41740,,00-0000,29480,45050,74800,2019,"San Diego-Carlsbad, CA"
41860,,00-0000,35830,57040,97890,2019,"San Francisco-Oakland-Hayward, CA"
41900,,00-0000,17110,18650,22950,2019,"San German, PR"
41940,,00-0000,36670,61980,114500,2019,"San Jose-Sunnyvale-Santa Clara, CA"
41980,,00-0000,18100,22230,34680,2019,"San Juan-Carolina-Caguas, PR"
42020,,00-0000,27900,38390,63120,2019,"San Luis Obispo-Paso Robles-Arroyo Grande, CA"
42100,,00-0000,29270,41610,68690,2019,"Santa Cruz-Watsonville, CA"
42140,,00-0000,27580,38110,58300,2019,"Santa Fe, NM"
42200,,00-0000,28570,40680,68190,2019,"Santa Maria-Santa Barbara, CA"
42220,,00-0000,30840,43430,68200,2019,"Santa Rosa, CA"
42340,,00-0000,23230,35210,56400,2019,"Savannah, GA"
42540,,00-0000,24850,35190,52610,2019,"Scranton--Wilkes-Barre--Hazleton, PA"
42660,,00-0000,36020,53360,85800,2019,"Seattle-Tacoma-Bellevue, WA"
42680,,00-0000,24420,33170,49160,2019,"Sebastian-Vero Beach, FL"
42700,,00-0000,21860,28990,41780,2019,"Sebring, FL"
43100,,00-0000,27610,39420,54220,2019,"Sheboygan, WI"
43300,,00-0000,23360,32610,50870,2019,"Sherman-Denison, TX"
43340,,00-0000,21490,32300,51410,2019,"Shreveport-Bossier City, LA"
43420,,00-0000,25070,36160,62640,2019,"Sierra Vista-Douglas, AZ"
43580,,00-0000,26320,36500,51450,2019,"Sioux City, IA-NE-SD"
43620,,00-0000,26880,36710,53720,2019,"Sioux Falls, SD"
43780,,00-0000,25210,36300,55000,2019,"South Bend-Mishawaka, IN-MI"
43900,,00-0000,25540,36390,53650,2019,"Spartanburg, SC"
44060,,00-0000,29770,40060,61290,2019,"Spokane-Spokane Valley, WA"
44100,,00-0000,25090,39750,64400,2019,"Springfield, IL"
44180,,00-0000,23760,33930,50580,2019,"Springfield, MO"
44220,,00-0000,24120,35460,55280,2019,"Springfield, OH"
44300,,00-0000,26320,39720,62530,2019,"State College, PA"
44420,,00-0000,25240,36790,52270,2019,"Staunton-Waynesboro, VA"
44700,,00-0000,27490,38080,59580,2019,"Stockton-Lodi, CA"
44940,,00-0000,22400,32210,48420,2019,"Sumter, SC"
45060,,00-0000,27900,40520,63230,2019,"Syracuse, NY"
45220,,00-0000,24730,36130,55090,2019,"Tallahassee, FL"
45300,,00-0000,25320,37170,59570,2019,"Tampa-St. Petersburg-Clearwater, FL"
45460,,00-0000,22800,33910,51350,2019,"Terre Haute, IN"
45500,,00-0000,22230,33360,51550,2019,"Texarkana, TX-AR"
45540,,00-0000,23000,31580,48750,2019,"The Villages, FL"
45780,,00-0000,25080,37330,57300,2019,"Toledo, OH"
45820,,00-0000,25670,37620,55370,2019,"Topeka, KS"
45940,,00-0000,31970,52970,82690,2019,"Trenton, NJ"
46060,,00-0000,25730,36900,58130,2019,"Tucson, AZ"
46140,,00-0000,25080,36830,57600,2019,"Tulsa, OK"
46220,,00-0000,22820,35030,53800,2019,"Tuscaloosa, AL"
46300,,00-0000,23660,32230,47190,2019,"Twin Falls, ID"
46340,,00-0000,22870,32980,50640,2019,"Tyler, TX"
46520,,00-0000,30870,45900,70380,2019,"Urban Honolulu, HI"
46540,,00-0000,26300,36750,56820,2019,"Utica-Rome, NY"
46660,,00-0000,20720,30230,46900,2019,"Valdosta, GA"
46700,,00-0000,28850,44140,72430,2019,"Vallejo-Fairfield, CA"
47020,,00-0000,23480,35020,52980,2019,"Victoria, TX"
47220,,00-0000,25050,38750,60670,2019,"Vineland-Bridgeton, NJ"
47260,,00-0000,24810,38960,62490,2019,"Virginia Beach-Norfolk-Newport News, VA-NC"
47300,,00-0000,25420,32470,49470,2019,"Visalia-Porterville, CA"
47380,,00-0000,23600,33790,52000,2019,"Waco, TX"
47460,,00-0000,29990,39970,61120,2019,"Walla Walla, WA"
47580,,00-0000,23560,38070,60760,2019,"Warner Robins, GA"
47900,,00-0000,32340,56320,97080,2019,"Washington-Arlington-Alexandria, DC-VA-MD-WV"
47940,,00-0000,26270,37120,53970,2019,"Waterloo-Cedar Falls, IA"
48060,,00-0000,26470,37080,57060,2019,"Watertown-Fort Drum, NY"
48140,,00-0000,28550,39160,56830,2019,"Wausau, WI"
48260,,00-0000,23180,34170,53920,2019,"Weirton-Steubenville, WV-OH"
48300,,00-0000,28280,36830,56560,2019,"Wenatchee, WA"
48540,,00-0000,23830,35420,55850,2019,"Wheeling, WV-OH"
48620,,00-0000,25080,36980,57140,2019,"Wichita, KS"
48660,,00-0000,21950,32260,49350,2019,"Wichita Falls, TX"
48700,,00-0000,24160,34710,52120,2019,"Williamsport, PA"
48900,,00-0000,23230,34780,53180,2019,"Wilmington, NC"
49020,,00-0000,25480,37270,58010,2019,"Winchester, VA-WV"
49180,,00-0000,24270,36150,56120,2019,"Winston-Salem, NC"
49420,,00-0000,28090,36840,52950,2019,"Yakima, WA"
49620,,00-0000,26510,38420,58680,2019,"York-Hanover, PA"
49660,,00-0000,22760,33660,51280,2019,"Youngstown-Warren-Boardman, OH-PA"
49700,,00-0000,27210,38130,62260,2019,"Yuba City, CA"
49740,,00-0000,24620,30840,45840,2019,"Yuma, AZ"
70750,,00-0000,26100,36370,54140,2019,"Bangor, ME"
70900,,00-0000,30390,43150,64920,2019,"Barnstable Town, MA"
71650,,00-0000,33480,53300,86480,2019,"Boston-Cambridge-Nashua, MA-NH"
71950,,00-0000,31660,53040,87650,2019,"Bridgeport-Stamford-Norwalk, CT"
72400,,00-0000,31050,43400,63660,2019,"Burlington-South Burlington, VT"
72850,,00-0000,29760,44440,68210,2019,"Danbury, CT"
73050,,00-0000,28960,40900,64090,2019,"Dover-Durham, NH-ME"
73450,,00-0000,31800,50630,78970,2019,"Hartford-West Hartford-East Hartford, CT"
74500,,00-0000,29170,39820,61610,2019,"Leominster-Gardner, MA"
74650,,00-0000,26840,36530,52000,2019,"Lewiston-Auburn, ME"
74950,,00-0000,29180,43710,66900,2019,"Manchester, NH"
75550,,00-0000,28400,37850,61610,2019,"New Bedford, MA"
75700,,00-0000,29600,45970,72500,2019,"New Haven, CT"
76450,,00-0000,27520,42590,69810,2019,"Norwich-New London-Westerly, CT-RI"
76600,,00-0000,28730,39690,64670,2019,"Pittsfield, MA"
76750,,00-0000,29400,41160,62220,2019,"Portland-South Portland, ME"
76900,,00-0000,31260,46690,73220,2019,"Portsmouth, NH-ME"
77200,,00-0000,28940,42700,69050,2019,"Providence-Warwick, RI-MA"
78100,,00-0000,29910,42230,64870,2019,"Springfield, MA-CT"
78700,,00-0000,28350,41830,64830,2019,"Waterbury, CT"
79600,,00-0000,30450,44000,68140,2019,"Worcester, MA-CT"
10180,,00-0000,23710,34130,51620,2020,"Abilene, TX"
10380,,00-0000,17600,19490,29400,2020,"Aguadilla-Isabela, PR"
10420,,00-0000,27230,40440,63500,2020,"Akron, OH"
10500,,00-0000,21810,32810,54740,2020,"Albany, GA"
10540,,00-0000,29560,39780,59650,2020,"Albany, OR"
10580,,00-0000,31930,47650,72880,2020,"Albany-Schenectady-Troy, NY"
10740,,00-0000,25610,38490,62720,2020,"Albuquerque, NM"
10780,,00-0000,21640,32970,51090,2020,"Alexandria, LA"
10900,,00-0000,28290,40240,62200,2020,"Allentown-Bethlehem-Easton, PA-NJ"
11020,,00-0000,24860,35810,52670,2020,"Altoona, PA"
11100,,00-0000,24670,35630,53710,2020,"Amarillo, TX"
11180,,00-0000,27790,41360,62990,2020,"Ames, IA"
11260,,00-0000,33520,50180,79030,2020,"Anchorage, AK"
11460,,00-0000,30030,47230,74700,2020,"Ann Arbor, MI"
11500,,00-0000,22910,34560,51080,2020,"Anniston-Oxford-Jacksonville, AL"
11540,,00-0000,28880,40480,60100,2020,"Appleton, WI"
11640,,00-0000,17730,19770,29190,2020,"Arecibo, PR"
11700,,00-0000,26380,36580,53760,2020,"Asheville, NC"
12020,,00-0000,24770,36860,59300,2020,"Athens-Clarke County, GA"
12060,,00-0000,27230,42220,69370,2020,"Atlanta-Sandy Springs-Roswell, GA"
12100,,00-0000,26390,38710,65240,2020,"Atlantic City-Hammonton, NJ"
12220,,00-0000,21820,32780,51600,2020,"Auburn-Opelika, AL"
12260,,00-0000,24410,36870,60090,2020,"Augusta-Richmond County, GA-SC"
12420,,00-0000,29530,44020,71200,2020,"Austin-Round Rock, TX"
12540,,00-0000,29220,38070,65450,2020,"Bakersfield, CA"
12580,,00-0000,30660,48470,78290,2020,"Baltimore-Columbia-Towson, MD"
12940,,00-0000,25360,40020,61730,2020,"Baton Rouge, LA"
12980,,00-0000,28030,40220,62540,2020,"Battle Creek, MI"
13020,,00-0000,25180,35970,57720,2020,"Bay City, MI"
13140,,00-0000,25060,39210,62650,2020,"Beaumont-Port Arthur, TX"
13220,,00-0000,23320,32850,50080,2020,"Beckley, WV"
13380,,00-0000,31960,42570,63870,2020,"Bellingham, WA"
13460,,00-0000,30760,40830,62130,2020,"Bend-Redmond, OR"
13740,,00-0000,27610,39250,60420,2020,"Billings, MT"
13780,,00-0000,28090,39330,62870,2020,"Binghamton, NY"
13820,,00-0000,25980,39530,61510,2020,"Birmingham-Hoover, AL"
13900,,00-0000,31700,44450,63510,2020,"Bismarck, ND"
13980,,00-0000,25630,38050,58060,2020,"Blacksburg-Christiansburg-Radford, VA"
14010,,00-0000,27160,42010,75050,2020,"Bloomington, IL"
14020,,00-0000,26780,39290,60910,2020,"Bloomington, IN"
14100,,00-0000,28070,40320,62630,2020,"Bloomsburg-Berwick, PA"
14260,,00-0000,26920,38080,59080,2020,"Boise City, ID"
14500,,00-0000,34900,54770,89170,2020,"Boulder, CO"
14540,,00-0000,24020,34020,51200,2020,"Bowling Green, KY"
14740,,00-0000,34100,51060,75490,2020,"Bremerton-Silverdale, WA"
15180,,00-0000,20410,25680,43150,2020,"Brownsville-Harlingen, TX"
15260,,00-0000,23110,33700,55850,2020,"Brunswick, GA"
15380,,00-0000,29530,42040,64620,2020,"Buffalo-Cheektowaga-Niagara Falls, NY"
15500,,00-0000,23760,33950,50980,2020,"Burlington, NC"
15680,,00-0000,32420,63750,106480,2020,"California-Lexington Park, MD"
15940,,00-0000,25080,35700,53210,2020,"Canton-Massillon, OH"
15980,,00-0000,26790,36580,55110,2020,"Cape Coral-Fort Myers, FL"
16020,,00-0000,23290,33170,50870,2020,"Cape Girardeau, MO-IL"
16060,,00-0000,24680,36550,57720,2020,"Carbondale-Marion, IL"
16180,,00-0000,30260,44550,66550,2020,"Carson City, NV"
16220,,00-0000,29000,42110,62320,2020,"Casper, WY"
16300,,00-0000,29710,42480,65290,2020,"Cedar Rapids, IA"
16540,,00-0000,27660,39650,57880,2020,"Chambersburg-Waynesboro, PA"
16580,,00-0000,27620,42290,64660,2020,"Champaign-Urbana, IL"
16620,,00-0000,25700,37750,58530,2020,"Charleston, WV"
16700,,00-0000,27010,39580,62020,2020,"Charleston-North Charleston, SC"
16740,,00-0000,27910,41410,65950,2020,"Charlotte-Concord-Gastonia, NC-SC"
16820,,00-0000,29350,44640,69490,2020,"Charlottesville, VA"
16860,,00-0000,25770,37850,56490,2020,"Chattanooga, TN-GA"
16940,,00-0000,29350,41870,62920,2020,"Cheyenne, WY"
16980,,00-0000,29830,45420,75560,2020,"Chicago-Naperville-Elgin, IL-IN-WI"
17020,,00-0000,29660,38040,59940,2020,"Chico, CA"
17140,,00-0000,28680,41660,64770,2020,"Cincinnati, OH-KY-IN"
17300,,00-0000,23980,34460,50880,2020,"Clarksville, TN-KY"
17420,,00-0000,22780,30330,45970,2020,"Cleveland, TN"
17460,,00-0000,28210,42740,66610,2020,"Cleveland-Elyria, OH"
17660,,00-0000,25510,35990,53980,2020,"Coeur d'Alene, ID"
17780,,00-0000,24390,36550,56650,2020,"College Station-Bryan, TX"
17820,,00-0000,29270,41860,66920,2020,"Colorado Springs, CO"
17860,,00-0000,25580,37080,57950,2020,"Columbia, MO"
17900,,00-0000,25570,37070,57470,2020,"Columbia, SC"
17980,,00-0000,23120,33600,53800,2020,"Columbus, GA-AL"
18020,,00-0000,29000,40760,64970,2020,"Columbus, IN"
18140,,00-0000,28890,42370,66520,2020,"Columbus, OH"
18580,,00-0000,24080,35430,58190,2020,"Corpus Christi, TX"
18700,,00-0000,30790,45360,72570,2020,"Corvallis, OR"
18880,,00-0000,26220,37080,60960,2020,"Crestview-Fort Walton Beach-Destin, FL"
19060,,00-0000,25210,36600,59070,2020,"Cumberland, MD-WV"
19100,,00-0000,28060,42710,68080,2020,"Dallas-Fort Worth-Arlington, TX"
19140,,00-0000,25790,34710,47840,2020,"Dalton, GA"
19180,,00-0000,27740,38940,58740,2020,"Danville, IL"
19300,,00-0000,22440,31250,47740,2020,"Daphne-Fairhope-Foley, AL"
19340,,00-0000,27390,39600,61570,2020,"Davenport-Moline-Rock Island, IA-IL"
19380,,00-0000,27420,41430,66830,2020,"Dayton, OH"
19460,,00-0000,23770,35380,55690,2020,"Decatur, AL"
19500,,00-0000,26580,39460,58220,2020,"Decatur, IL"
19660,,00-0000,24540,33120,48750,2020,"Deltona-Daytona Beach-Ormond Beach, FL"
19740,,00-0000,33010,50170,79680,2020,"Denver-Aurora-Lakewood, CO"
19780,,00-0000,30150,44700,67080,2020,"Des Moines-West Des Moines, IA"
19820,,00-0000,29530,44840,72320,2020,"Detroit-Warren-Dearborn, MI"
20020,,00-0000,21960,31550,48720,2020,"Dothan, AL"
20100,,00-0000,26960,38760,59950,2020,"Dover, DE"
20220,,00-0000,28060,39110,56940,2020,"Dubuque, IA"
20260,,00-0000,29000,42180,63390,2020,"Duluth, MN-WI"
20500,,00-0000,31730,49460,79640,2020,"Durham-Chapel Hill, NC"
20700,,00-0000,25090,37200,56590,2020,"East Stroudsburg, PA"
20740,,00-0000,27280,37970,55060,2020,"Eau Claire, WI"
20940,,00-0000,28770,35510,60680,2020,"El Centro, CA"
21060,,00-0000,25500,37460,57100,2020,"Elizabethtown-Fort Knox, KY"
21140,,00-0000,29420,38490,53610,2020,"Elkhart-Goshen, IN"
21300,,00-0000,28120,39040,59410,2020,"Elmira, NY"
21340,,00-0000,20720,30590,51920,2020,"El Paso, TX"
21420,,00-0000,24720,34600,54230,2020,"Enid, OK"
21500,,00-0000,24770,35520,53610,2020,"Erie, PA"
21660,,00-0000,29040,39720,60460,2020,"Eugene, OR"
21780,,00-0000,25850,36930,56200,2020,"Evansville, IN-KY"
21820,,00-0000,33950,50660,75610,2020,"Fairbanks, AK"
22020,,00-0000,30740,42720,62910,2020,"Fargo, ND-MN"
22140,,00-0000,24260,37040,58180,2020,"Farmington, NM"
22180,,00-0000,23890,35800,54960,2020,"Fayetteville, NC"
22220,,00-0000,26030,37530,60240,2020,"Fayetteville-Springdale-Rogers, AR-MO"
22380,,00-0000,28130,37750,58160,2020,"Flagstaff, AZ"
22420,,00-0000,25690,37420,60490,2020,"Flint, MI"
22500,,00-0000,22970,33360,53380,2020,"Florence, SC"
22520,,00-0000,22410,33040,51180,2020,"Florence-Muscle Shoals, AL"
22540,,00-0000,28780,42540,62220,2020,"Fond du Lac, WI"
22660,,00-0000,30580,43780,67550,2020,"Fort Collins, CO"
22900,,00-0000,23700,31930,48820,2020,"Fort Smith, AR-OK"
23060,,00-0000,27210,38580,57340,2020,"Fort Wayne, IN"
23420,,00-0000,29050,37050,61110,2020,"Fresno, CA"
23460,,00-0000,20800,29520,46230,2020,"Gadsden, AL"
23540,,00-0000,26490,38400,59670,2020,"Gainesville, FL"
23580,,00-0000,25980,35350,52990,2020,"Gainesville, GA"
23900,,00-0000,26630,37850,54340,2020,"Gettysburg, PA"
24020,,00-0000,29410,39800,59210,2020,"Glens Falls, NY"
24140,,00-0000,23740,32910,49020,2020,"Goldsboro, NC"
24220,,00-0000,29440,40480,59520,2020,"Grand Forks, ND-MN"
24260,,00-0000,27690,37780,53730,2020,"Grand Island, NE"
24300,,00-0000,28220,38800,57910,2020,"Grand Junction, CO"
24340,,00-0000,28590,39430,60290,2020,"Grand Rapids-Wyoming, MI"
24420,,00-0000,26860,35320,50210,2020,"Grants Pass, OR"
24500,,00-0000,24500,34920,54220,2020,"Great Falls, MT"
24540,,00-0000,31540,42930,61840,2020,"Greeley, CO"
24580,,00-0000,29190,40820,60400,2020,"Green Bay, WI"
24660,,00-0000,25800,37780,58090,2020,"Greensboro-High Point, NC"
24780,,00-0000,24280,36780,58270,2020,"Greenville, NC"
24860,,00-0000,25570,36680,55880,2020,"Greenville-Anderson-Mauldin, SC"
25020,,00-0000,17580,19630,30280,2020,"Guayama, PR"
25060,,00-0000,23240,37160,58630,2020,"Gulfport-Biloxi-Pascagoula, MS"
25180,,00-0000,27190,38070,57740,2020,"Hagerstown-Martinsburg, MD-WV"
25220,,00-0000,21130,31490,49610,2020,"Hammond, LA"
25260,,00-0000,29760,39150,66970,2020,"Hanford-Corcoran, CA"
25420,,00-0000,28930,42570,65720,2020,"Harrisburg-Carlisle, PA"
25500,,00-0000,26230,37400,54320,2020,"Harrisonburg, VA"
25620,,00-0000,21840,31370,48240,2020,"Hattiesburg, MS"
25860,,00-0000,25550,35100,50410,2020,"Hickory-Lenoir-Morganton, NC"
25940,,00-0000,24520,33930,51380,2020,"Hilton Head Island-Bluffton-Beaufort, SC"
25980,,00-0000,24160,37530,56190,2020,"Hinesville, GA"
26140,,00-0000,22970,31390,46700,2020,"Homosassa Springs, FL"
26300,,00-0000,22950,29560,44780,2020,"Hot Springs, AR"
26380,,00-0000,23960,38140,57780,2020,"Houma-Thibodaux, LA"
26420,,00-0000,27060,42090,67330,2020,"Houston-The Woodlands-Sugar Land, TX"
26580,,00-0000,23980,35500,55110,2020,"Huntington-Ashland, WV-KY-OH"
26620,,00-0000,26530,43590,76440,2020,"Huntsville, AL"
26820,,00-0000,25000,36710,61380,2020,"Idaho Falls, ID"
26900,,00-0000,28730,40910,63590,2020,"Indianapolis-Carmel-Anderson, IN"
26980,,00-0000,29250,43520,64560,2020,"Iowa City, IA"
27060,,00-0000,33620,49880,76960,2020,"Ithaca, NY"
27100,,00-0000,28040,40470,63090,2020,"Jackson, MI"
27140,,00-0000,23570,35380,54200,2020,"Jackson, MS"
27180,,00-0000,24220,34720,50380,2020,"Jackson, TN"
27260,,00-0000,26540,38280,60180,2020,"Jacksonville, FL"
27340,,00-0000,22540,31830,49930,2020,"Jacksonville, NC"
27500,,00-0000,27610,39650,60340,2020,"Janesville-Beloit, WI"
27620,,00-0000,26670,37920,56390,2020,"Jefferson City, MO"
27740,,00-0000,23820,34220,50940,2020,"Johnson City, TN"
27780,,00-0000,24420,35410,53200,2020,"Johnstown, PA"
27860,,00-0000,23470,32180,47950,2020,"Jonesboro, AR"
27900,,00-0000,24200,33660,47870,2020,"Joplin, MO"
27980,,00-0000,32190,44130,62330,2020,"Kahului-Wailuku-Lahaina, HI"
28020,,00-0000,27610,39730,62460,2020,"Kalamazoo-Portage, MI"
28100,,00-0000,26910,37540,59530,2020,"Kankakee, IL"
28140,,00-0000,29010,43200,66700,2020,"Kansas City, MO-KS"
28420,,00-0000,31410,44330,72700,2020,"Kennewick-Richland, WA"
28660,,00-0000,24690,37290,57460,2020,"Killeen-Temple, TX"
28700,,00-0000,24130,35650,55390,2020,"Kingsport-Bristol-Bristol, TN-VA"
28740,,00-0000,29730,40880,62670,2020,"Kingston, NY"
28940,,00-0000,25320,36810,56710,2020,"Knoxville, TN"
29020,,00-0000,25810,39740,61900,2020,"Kokomo, IN"
29100,,00-0000,27980,39750,60160,2020,"La Crosse-Onalaska, WI-MN"
29180,,00-0000,22880,34100,51770,2020,"Lafayette, LA"
29200,,00-0000,27220,39460,60120,2020,"Lafayette-West Lafayette, IN"
29340,,00-0000,24170,38390,59800,2020,"Lake Charles, LA"
29420,,00-0000,26530,33360,48240,2020,"Lake Havasu City-Kingman, AZ"
29460,,00-0000,25790,36350,52860,2020,"Lakeland-Winter Haven, FL"
29540,,00-0000,27930,39170,57480,2020,"Lancaster, PA"
29620,,00-0000,29470,44640,68410,2020,"Lansing-East Lansing, MI"
29700,,00-0000,21430,29790,51140,2020,"Laredo, TX"
29740,,00-0000,22980,32100,55920,2020,"Las Cruces, NM"
29820,,00-0000,25770,37690,60110,2020,"Las Vegas-Henderson-Paradise, NV"
29940,,00-0000,24390,35390,54680,2020,"Lawrence, KS"
30020,,00-0000,22580,34150,55190,2020,"Lawton, OK"
30140,,00-0000,27620,38120,57120,2020,"Lebanon, PA"
30300,,00-0000,28700,39700,58130,2020,"Lewiston, ID-WA"
30460,,00-0000,26550,39110,59020,2020,"Lexington-Fayette, KY"
30620,,00-0000,25500,37500,58370,2020,"Lima, OH"
30700,,00-0000,28520,40700,61360,2020,"Lincoln, NE"
30780,,00-0000,25320,37410,58200,2020,"Little Rock-North Little Rock-Conway, AR"
30860,,00-0000,24820,33400,49440,2020,"Logan, UT-ID"
30980,,00-0000,24660,36290,54530,2020,"Longview, TX"
31020,,00-0000,31500,42920,63690,2020,"Longview, WA"
31080,,00-0000,31080,45550,78540,2020,"Los Angeles-Long Beach-Anaheim, CA"
31140,,00-0000,27760,39330,59260,2020,"Louisville/Jefferson County, KY-IN"
31180,,00-0000,23700,34500,53140,2020,"Lubbock, TX"
31340,,00-0000,24450,36040,56890,2020,"Lynchburg, VA"
31420,,00-0000,23840,34940,53050,2020,"Macon, GA"
31460,,00-0000,28820,36580,61440,2020,"Madera, CA"
31540,,00-0000,32750,47200,71630,2020,"Madison, WI"
31740,,00-0000,23290,35280,55720,2020,"Manhattan, KS"
31860,,00-0000,29050,40670,59780,2020,"Mankato-North Mankato, MN"
31900,,00-0000,24700,35530,51290,2020,"Mansfield, OH"
32420,,00-0000,17770,19890,30530,2020,"Mayaguez, PR"
32580,,00-0000,21480,27880,47440,2020,"McAllen-Edinburg-Mission, TX"
32780,,00-0000,29300,38940,57610,2020,"Medford, OR"
32820,,00-0000,25420,37110,56620,2020,"Memphis, TN-MS-AR"
32900,,00-0000,28880,36040,57580,2020,"Merced, CA"
33100,,00-0000,26460,38690,62780,2020,"Miami-Fort Lauderdale-West Palm Beach, FL"
33140,,00-0000,24750,35360,51440,2020,"Michigan City-La Porte, IN"
33220,,00-0000,26730,40900,68500,2020,"Midland, MI"
33260,,00-0000,32010,45980,67220,2020,"Midland, TX"
33340,,00-0000,29200,43380,67460,2020,"Milwaukee-Waukesha-West Allis, WI"
33460,,00-0000,33530,49700,77340,2020,"Minneapolis-St. Paul-Bloomington, MN-WI"
33540,,00-0000,25780,36390,54430,2020,"Missoula, MT"
33660,,00-0000,24300,36820,56820,2020,"Mobile, AL"
33700,,00-0000,29690,39200,61720,2020,"Modesto, CA"
33740,,00-0000,20740,31490,49870,2020,"Monroe, LA"
33780,,00-0000,26600,38510,62020,2020,"Monroe, MI"
33860,,00-0000,23990,35720,55260,2020,"Montgomery, AL"
34060,,00-0000,24960,38070,60710,2020,"Morgantown, WV"
34100,,00-0000,23850,31890,45440,2020,"Morristown, TN"
34580,,00-0000,32570,45780,67850,2020,"Mount Vernon-Anacortes, WA"
34620,,00-0000,24810,36160,55080,2020,"Muncie, IN"
34740,,00-0000,25840,36770,54490,2020,"Muskegon, MI"
34820,,00-0000,22350,30120,44970,2020,"Myrtle Beach-Conway-North Myrtle Beach, SC-NC"
34900,,00-0000,34000,47420,74450,2020,"Napa, CA"
34940,,00-0000,28280,38260,58170,2020,"Naples-Immokalee-Marco Island, FL"
34980,,00-0000,28340,40650,62100,2020,"Nashville-Davidson--Murfreesboro--Franklin, TN"
35100,,00-0000,24570,37310,59660,2020,"New Bern, NC"
35380,,00-0000,24280,38280,61490,2020,"New Orleans-Metairie, LA"
35620,,00-0000,33140,52020,88270,2020,"New York-Newark-Jersey City, NY-NJ-PA"
35660,,00-0000,25880,36450,56200,2020,"Niles-Benton Harbor, MI"
35840,,00-0000,26640,36970,55190,2020,"North Port-Sarasota-Bradenton, FL"
36100,,00-0000,24510,32350,48670,2020,"Ocala, FL"
36140,,00-0000,26810,36300,57310,2020,"Ocean City, NJ"
36220,,00-0000,29430,41710,59840,2020,"Odessa, TX"
36260,,00-0000,27200,38330,59200,2020,"Ogden-Clearfield, UT"
36420,,00-0000,26570,39080,61100,2020,"Oklahoma City, OK"
36500,,00-0000,33910,50070,76970,2020,"Olympia-Tumwater, WA"
36540,,00-0000,29440,41730,64470,2020,"Omaha-Council Bluffs, NE-IA"
36740,,00-0000,25540,36580,58070,2020,"Orlando-Kissimmee-Sanford, FL"
36780,,00-0000,30920,42600,61540,2020,"Oshkosh-Neenah, WI"
36980,,00-0000,25530,37050,54230,2020,"Owensboro, KY"
37100,,00-0000,30830,43540,73400,2020,"Oxnard-Thousand Oaks-Ventura, CA"
37340,,00-0000,26550,38410,61830,2020,"Palm Bay-Melbourne-Titusville, FL"
37460,,00-0000,26020,35220,53650,2020,"Panama City, FL"
37620,,00-0000,23480,33800,53030,2020,"Parkersburg-Vienna, WV"
37860,,00-0000,24880,35630,54710,2020,"Pensacola-Ferry Pass-Brent, FL"
37900,,00-0000,27130,40850,66480,2020,"Peoria, IL"
37980,,00-0000,29960,46500,75180,2020,"Philadelphia-Camden-Wilmington, PA-NJ-DE-MD"
38060,,00-0000,29650,41300,64430,2020,"Phoenix-Mesa-Scottsdale, AZ"
38220,,00-0000,24090,33260,50920,2020,"Pine Bluff, AR"
38300,,00-0000,28720,43200,66530,2020,"Pittsburgh, PA"
38540,,00-0000,24540,35090,52460,2020,"Pocatello, ID"
38660,,00-0000,17690,19830,30440,2020,"Ponce, PR"
38900,,00-0000,33580,48050,76830,2020,"Portland-Vancouver-Hillsboro, OR-WA"
38940,,00-0000,25650,35980,54410,2020,"Port St. Lucie, FL"
39140,,00-0000,27990,36780,52230,2020,"Prescott, AZ"
39340,,00-0000,26680,37450,60420,2020,"Provo-Orem, UT"
39380,,00-0000,28040,38980,58600,2020,"Pueblo, CO"
39460,,00-0000,25250,34370,52740,2020,"Punta Gorda, FL"
39540,,00-0000,27210,39270,60050,2020,"Racine, WI"
39580,,00-0000,28340,43500,69640,2020,"Raleigh, NC"
39660,,00-0000,25770,35980,52090,2020,"Rapid City, SD"
39740,,00-0000,28080,40810,63210,2020,"Reading, PA"
39820,,00-0000,29680,39940,63150,2020,"Redding, CA"
39900,,00-0000,28660,39810,61800,2020,"Reno, NV"
40060,,00-0000,28150,43090,67610,2020,"Richmond, VA"
40140,,00-0000,29940,39630,63210,2020,"Riverside-San Bernardino-Ontario, CA"
40220,,00-0000,26170,37890,57340,2020,"Roanoke, VA"
40340,,00-0000,31940,47310,72040,2020,"Rochester, MN"
40380,,00-0000,29640,42430,65330,2020,"Rochester, NY"
40420,,00-0000,27420,39650,61730,2020,"Rockford, IL"
40580,,00-0000,23550,33100,48850,2020,"Rocky Mount, NC"
40660,,00-0000,24150,34880,54600,2020,"Rome, GA"
40900,,00-0000,31560,48070,78330,2020,"Sacramento--Roseville--Arden-Arcade, CA"
40980,,00-0000,26200,38170,62010,2020,"Saginaw, MI"
41060,,00-0000,30730,42010,61110,2020,"St. Cloud, MN"
41100,,00-0000,25580,34890,51740,2020,"St. George, UT"
41140,,00-0000,26540,36980,52800,2020,"St. Joseph, MO-KS"
41180,,00-0000,28090,42060,66820,2020,"St. Louis, MO-IL"
41420,,00-0000,29790,41140,64590,2020,"Salem, OR"
41500,,00-0000,30060,38880,64520,2020,"Salinas, CA"
41540,,00-0000,25920,35460,55190,2020,"Salisbury, MD-DE"
41620,,00-0000,29810,42280,66200,2020,"Salt Lake City, UT"
41660,,00-0000,23170,33510,51220,2020,"San Angelo, TX"
41700,,00-0000,26110,37920,60480,2020,"San Antonio-New Braunfels, TX"
41740,,00-0000,31460,48200,79430,2020,"San Diego-Carlsbad, CA"
41860,,00-0000,38720,61790,105570,2020,"San Francisco-Oakland-Hayward, CA"
41900,,00-0000,17350,18950,24120,2020,"San German, PR"
41940,,00-0000,39860,69620,130290,2020,"San Jose-Sunnyvale-Santa Clara, CA"
41980,,00-0000,18330,23280,36310,2020,"San Juan-Carolina-Caguas, PR"
42020,,00-0000,30340,40890,67560,2020,"San Luis Obispo-Paso Robles-Arroyo Grande, CA"
42100,,00-0000,31700,45320,73270,2020,"Santa Cruz-Watsonville, CA"
42140,,00-0000,28970,39910,60770,2020,"Santa Fe, NM"
42200,,00-0000,30720,42820,72000,2020,"Santa Maria-Santa Barbara, CA"
42220,,00-0000,33040,46990,73510,2020,"Santa Rosa, CA"
42340,,00-0000,24670,36940,58300,2020,"Savannah, GA"
42540,,00-0000,26380,37110,55780,2020,"Scranton--Wilkes-Barre--Hazleton, PA"
42660,,00-0000,38460,58330,94960,2020,"Seattle-Tacoma-Bellevue, WA"
42680,,00-0000,25920,35080,51180,2020,"Sebastian-Vero Beach, FL"
42700,,00-0000,22850,30780,45100,2020,"Sebring, FL"
43100,,00-0000,29100,40800,56470,2020,"Sheboygan, WI"
43300,,00-0000,24210,32810,51360,2020,"Sherman-Denison, TX"
43340,,00-0000,22700,34560,54400,2020,"Shreveport-Bossier City, LA"
43420,,00-0000,27150,37780,62510,2020,"Sierra Vista-Douglas, AZ"
43580,,00-0000,27640,37490,53170,2020,"Sioux City, IA-NE-SD"
43620,,00-0000,28540,39050,56720,2020,"Sioux Falls, SD"
43780,,00-0000,26580,37600,56940,2020,"South Bend-Mishawaka, IN-MI"
43900,,00-0000,26730,37750,56270,2020,"Spartanburg, SC"
44060,,00-0000,31700,42140,64480,2020,"Spokane-Spokane Valley, WA"
44100,,00-0000,27120,42490,67250,2020,"Springfield, IL"
44180,,00-0000,24820,35590,52700,2020,"Springfield, MO"
44220,,00-0000,25040,35700,52890,2020,"Springfield, OH"
44300,,00-0000,28030,42080,66130,2020,"State College, PA"
44420,,00-0000,26300,37750,54320,2020,"Staunton-Waynesboro, VA"
44700,,00-0000,30030,39540,62380,2020,"Stockton-Lodi, CA"
44940,,00-0000,23350,34120,50300,2020,"Sumter, SC"
45060,,00-0000,30140,43560,66250,2020,"Syracuse, NY"
45220,,00-0000,26050,37860,56740,2020,"Tallahassee, FL"
45300,,00-0000,26980,38930,61920,2020,"Tampa-St. Petersburg-Clearwater, FL"
45460,,00-0000,23980,35440,52970,2020,"Terre Haute, IN"
45500,,00-0000,23370,34790,53550,2020,"Texarkana, TX-AR"
45540,,00-0000,24440,33160,50800,2020,"The Villages, FL"
45780,,00-0000,26760,39210,60600,2020,"Toledo, OH"
45820,,00-0000,26810,39290,58590,2020,"Topeka, KS"
45940,,00-0000,34580,55220,87910,2020,"Trenton, NJ"
46060,,00-0000,28160,38900,60260,2020,"Tucson, AZ"
46140,,00-0000,26340,38210,60190,2020,"Tulsa, OK"
46220,,00-0000,23960,37170,55890,2020,"Tuscaloosa, AL"
46300,,00-0000,24810,33290,48470,2020,"Twin Falls, ID"
46340,,00-0000,24000,34600,52230,2020,"Tyler, TX"
46520,,00-0000,32830,48310,74630,2020,"Urban Honolulu, HI"
46540,,00-0000,28230,38930,59730,2020,"Utica-Rome, NY"
46660,,00-0000,21770,31540,48490,2020,"Valdosta, GA"
46700,,00-0000,31110,47720,78970,2020,"Vallejo-Fairfield, CA"
47020,,00-0000,23920,35870,54710,2020,"Victoria, TX"
47220,,00-0000,26470,40420,64170,2020,"Vineland-Bridgeton, NJ"
47260,,00-0000,26820,41520,65190,2020,"Virginia Beach-Norfolk-Newport News, VA-NC"
47300,,00-0000,28300,33830,52330,2020,"Visalia-Porterville, CA"
47380,,00-0000,24660,35740,53710,2020,"Waco, TX"
47460,,00-0000,32020,40820,63410,2020,"Walla Walla, WA"
47580,,00-0000,24700,39400,63670,2020,"Warner Robins, GA"
47900,,00-0000,35170,60480,103490,2020,"Washington-Arlington-Alexandria, DC-VA-MD-WV"
47940,,00-0000,28040,38990,57460,2020,"Waterloo-Cedar Falls, IA"
48060,,00-0000,28320,38920,59520,2020,"Watertown-Fort Drum, NY"
48140,,00-0000,30150,41360,59600,2020,"Wausau, WI"
48260,,00-0000,24410,35910,54230,2020,"Weirton-Steubenville, WV-OH"
48300,,00-0000,30950,38730,60070,2020,"Wenatchee, WA"
48540,,00-0000,24760,36140,56440,2020,"Wheeling, WV-OH"
48620,,00-0000,26080,38220,59140,2020,"Wichita, KS"
48660,,00-0000,22830,33360,51820,2020,"Wichita Falls, TX"
48700,,00-0000,25730,36930,55570,2020,"Williamsport, PA"
48900,,00-0000,24780,36650,56170,2020,"Wilmington, NC"
49020,,00-0000,27110,38900,60840,2020,"Winchester, VA-WV"
49180,,00-0000,25780,37930,58720,2020,"Winston-Salem, NC"
49420,,00-0000,30570,38170,55440,2020,"Yakima, WA"
49620,,00-0000,28000,40280,61240,2020,"York-Hanover, PA"
49660,,00-0000,23740,34660,52460,2020,"Youngstown-Warren-Boardman, OH-PA"
49700,,00-0000,29900,39860,65040,2020,"Yuba City, CA"
49740,,00-0000,26140,32390,49020,2020,"Yuma, AZ"
70750,,00-0000,28750,38650,58020,2020,"Bangor, ME"
70900,,00-0000,32330,45840,68830,2020,"Barnstable Town, MA"
71650,,00-0000,36100,57080,92860,2020,"Boston-Cambridge-Nashua, MA-NH"
71950,,00-0000,33820,55630,91240,2020,"Bridgeport-Stamford-Norwalk, CT"
72400,,00-0000,33140,46250,66590,2020,"Burlington-South Burlington, VT"
72850,,00-0000,31860,47730,73530,2020,"Danbury, CT"
73050,,00-0000,30120,42810,66890,2020,"Dover-Durham, NH-ME"
73450,,00-0000,33800,53030,82560,2020,"Hartford-West Hartford-East Hartford, CT"
74500,,00-0000,31100,42010,65030,2020,"Leominster-Gardner, MA"
74650,,00-0000,29270,38480,54420,2020,"Lewiston-Auburn, ME"
74950,,00-0000,31140,46460,69870,2020,"Manchester, NH"
75550,,00-0000,30530,40410,64910,2020,"New Bedford, MA"
75700,,00-0000,31590,48410,76420,2020,"New Haven, CT"
76450,,00-0000,30720,48070,75840,2020,"Norwich-New London-Westerly, CT-RI"
76600,,00-0000,31150,42480,69120,2020,"Pittsfield, MA"
76750,,00-0000,31610,44180,65140,2020,"Portland-South Portland, ME"
76900,,00-0000,33280,49640,77550,2020,"Portsmouth, NH-ME"
77200,,00-0000,31000,46000,73210,2020,"Providence-Warwick, RI-MA"
78100,,00-0000,31690,43910,67190,2020,"Springfield, MA-CT"
78700,,00-0000,29800,43010,66960,2020,"Waterbury, CT"
79600,,00-0000,32320,46500,72620,2020,"Worcester, MA-CT"
10180,,00-0000,25380,36180,50490,2021,"Abilene, TX"
10380,,00-0000,17210,18680,29060,2021,"Aguadilla-Isabela, PR"
10420,,00-0000,29280,39150,61690,2021,"Akron, OH"
10500,,00-0000,23280,35230,52190,2021,"Albany, GA"
10540,,00-0000,29800,38120,59650,2021,"Albany, OR"
10580,,00-0000,32870,48060,77430,2021,"Albany-Schenectady-Troy, NY"
10740,,00-0000,28820,38130,61930,2021,"Albuquerque, NM"
10780,,00-0000,22920,35120,49120,2021,"Alexandria, LA"
10900,,00-0000,29880,39540,62350,2021,"Allentown-Bethlehem-Easton, PA-NJ"
11020,,00-0000,27250,36360,55490,2021,"Altoona, PA"
11100,,00-0000,26620,36990,57340,2021,"Amarillo, TX"
11180,,00-0000,29500,45850,61820,2021,"Ames, IA"
11260,,00-0000,36590,48270,77920,2021,"Anchorage, AK"
11460,,00-0000,30450,48170,76840,2021,"Ann Arbor, MI"
11500,,00-0000,23480,35640,49960,2021,"Anniston-Oxford-Jacksonville, AL"
11540,,00-0000,29780,44740,61140,2021,"Appleton, WI"
11640,,00-0000,17420,19060,29100,2021,"Arecibo, PR"
11700,,00-0000,28450,37350,55340,2021,"Asheville, NC"
12020,,00-0000,26780,37620,60550,2021,"Athens-Clarke County, GA"
12060,,00-0000,29530,45800,74680,2021,"Atlanta-Sandy Springs-Roswell, GA"
12100,,00-0000,28820,38290,62670,2021,"Atlantic City-Hammonton, NJ"
12220,,00-0000,23660,35770,49010,2021,"Auburn-Opelika, AL"
12260,,00-0000,27040,37340,60110,2021,"Augusta-Richmond County, GA-SC"
12420,,00-0000,29940,46910,76590,2021,"Austin-Round Rock, TX"
12540,,00-0000,29680,37530,61970,2021,"Bakersfield, CA"
12580,,00-0000,31600,48060,78220,2021,"Baltimore-Columbia-Towson, MD"
12940,,00-0000,28350,39400,61980,2021,"Baton Rouge, LA"
12980,,00-0000,29810,46030,61240,2021,"Battle Creek, MI"
13020,,00-0000,28610,37440,60120,2021,"Bay City, MI"
13140,,00-0000,27810,38470,61360,2021,"Beaumont-Port Arthur, TX"
13220,,00-0000,23210,35180,48770,2021,"Beckley, WV"
13380,,00-0000,34940,46570,68510,2021,"Bellingham, WA"
13460,,00-0000,30280,44300,61730,2021,"Bend-Redmond, OR"
13740,,00-0000,29710,38890,61940,2021,"Billings, MT"
13780,,00-0000,29570,39180,62030,2021,"Binghamton, NY"
13820,,00-0000,28820,38400,61560,2021,"Birmingham-Hoover, AL"
13900,,00-0000,31350,47270,62210,2021,"Bismarck, ND"
13980,,00-0000,28820,38180,59650,2021,"Blacksburg-Christiansburg-Radford, VA"
14010,,00-0000,28890,44930,75410,2021,"Bloomington, IL"
14020,,00-0000,29060,38750,61860,2021,"Bloomington, IN"
14100,,00-0000,29160,40710,61220,2021,"Bloomsburg-Berwick, PA"
14260,,00-0000,29160,37850,60140,2021,"Boise City, ID"
14500,,00-0000,37560,59700,96250,2021,"Boulder, CO"
14540,,00-0000,27430,36070,48550,2021,"Bowling Green, KY"
14740,,00-0000,36760,50140,77280,2021,"Bremerton-Silverdale, WA"
15180,,00-0000,22280,28830,47500,2021,"Brownsville-Harlingen, TX"
15260,,00-0000,23400,34900,56800,2021,"Brunswick, GA"
15380,,00-0000,30010,46410,63510,2021,"Buffalo-Cheektowaga-Niagara Falls, NY"
15500,,00-0000,26320,36290,49680,2021,"Burlington, NC"
15680,,00-0000,36200,62750,107140,2021,"California-Lexington Park, MD"
15940,,00-0000,28000,37000,57940,2021,"Canton-Massillon, OH"
15980,,00-0000,29130,37640,59260,2021,"Cape Coral-Fort Myers, FL"
16020,,00-0000,26180,35250,48760,2021,"Cape Girardeau, MO-IL"
16060,,00-0000,27340,37270,59640,2021,"Carbondale-Marion, IL"
16180,,00-0000,30110,46960,66210,2021,"Carson City, NV"
16220,,00-0000,29690,39600,61150,2021,"Casper, WY"
16300,,00-0000,30070,46960,62920,2021,"Cedar Rapids, IA"
16540,,00-0000,29360,38410,59880,2021,"Chambersburg-Waynesboro, PA"
16580,,00-0000,29590,45020,65830,2021,"Champaign-Urbana, IL"
16620,,00-0000,26010,37450,59680,2021,"Charleston, WV"
16700,,00-0000,29160,38740,61940,2021,"Charleston-North Charleston, SC"
16740,,00-0000,29780,45250,64100,2021,"Charlotte-Concord-Gastonia, NC-SC"
16820,,00-0000,30020,47310,67140,2021,"Charlottesville, VA"
16860,,00-0000,28560,37650,59320,2021,"Chattanooga, TN-GA"
16940,,00-0000,29580,43180,60800,2021,"Cheyenne, WY"
16980,,00-0000,30380,47300,77450,2021,"Chicago-Naperville-Elgin, IL-IN-WI"
17020,,00-0000,29820,38380,61880,2021,"Chico, CA"
17140,,00-0000,29850,42600,62700,2021,"Cincinnati, OH-KY-IN"
17300,,00-0000,26620,36690,49160,2021,"Clarksville, TN-KY"
17420,,00-0000,27200,35200,47670,2021,"Cleveland, TN"
17460,,00-0000,29950,46740,64590,2021,"Cleveland-Elyria, OH"
17660,,00-0000,28800,37340,50520,2021,"Coeur d'Alene, ID"
17780,,00-0000,23450,35400,52010,2021,"College Station-Bryan, TX"
17820,,00-0000,29940,45790,72210,2021,"Colorado Springs, CO"
17860,,00-0000,28240,37570,59260,2021,"Columbia, MO"
17900,,00-0000,28380,37490,59400,2021,"Columbia, SC"
17980,,00-0000,23990,36440,59040,2021,"Columbus, GA-AL"
18020,,00-0000,29730,40440,61750,2021,"Columbus, IN"
18140,,00-0000,29940,46770,63940,2021,"Columbus, OH"
18580,,00-0000,26150,36930,59950,2021,"Corpus Christi, TX"
18700,,00-0000,34300,47440,76810,2021,"Corvallis, OR"
18880,,00-0000,28770,37720,61250,2021,"Crestview-Fort Walton Beach-Destin, FL"
19060,,00-0000,27810,37710,59450,2021,"Cumberland, MD-WV"
19100,,00-0000,29480,45470,68640,2021,"Dallas-Fort Worth-Arlington, TX"
19140,,00-0000,28650,36990,48410,2021,"Dalton, GA"
19180,,00-0000,28640,38120,59270,2021,"Danville, IL"
19300,,00-0000,23040,29960,47730,2021,"Daphne-Fairhope-Foley, AL"
19340,,00-0000,29010,38240,60720,2021,"Davenport-Moline-Rock Island, IA-IL"
19380,,00-0000,29470,45160,63780,2021,"Dayton, OH"
19460,,00-0000,27060,37460,60010,2021,"Decatur, AL"
19500,,00-0000,29580,45210,60540,2021,"Decatur, IL"
19660,,00-0000,27040,34960,48610,2021,"Deltona-Daytona Beach-Ormond Beach, FL"
19740,,00-0000,36810,49210,79330,2021,"Denver-Aurora-Lakewood, CO"
19780,,00-0000,30390,47720,64340,2021,"Des Moines-West Des Moines, IA"
19820,,00-0000,30390,47570,75770,2021,"Detroit-Warren-Dearborn, MI"
20020,,00-0000,22750,30370,47360,2021,"Dothan, AL"
20100,,00-0000,28820,38210,60230,2021,"Dover, DE"
20220,,00-0000,29470,38460,60050,2021,"Dubuque, IA"
20260,,00-0000,29570,45470,61980,2021,"Duluth, MN-WI"
20500,,00-0000,35570,50210,80690,2021,"Durham-Chapel Hill, NC"
20700,,00-0000,27940,37190,58860,2021,"East Stroudsburg, PA"
20740,,00-0000,29050,38400,59640,2021,"Eau Claire, WI"
20940,,00-0000,29630,36680,61140,2021,"El Centro, CA"
21060,,00-0000,27920,37340,57850,2021,"Elizabethtown-Fort Knox, KY"
21140,,00-0000,30380,39070,58840,2021,"Elkhart-Goshen, IN"
21300,,00-0000,29690,39360,61390,2021,"Elmira, NY"
21340,,00-0000,22560,30320,49540,2021,"El Paso, TX"
21420,,00-0000,27290,36480,57990,2021,"Enid, OK"
21500,,00-0000,27570,36750,57500,2021,"Erie, PA"
21660,,00-0000,29770,39350,60680,2021,"Eugene, OR"
21780,,00-0000,28360,37130,58790,2021,"Evansville, IN-KY"
21820,,00-0000,36980,49120,77760,2021,"Fairbanks, AK"
22020,,00-0000,30220,46210,61220,2021,"Fargo, ND-MN"
22140,,00-0000,28080,37300,60130,2021,"Farmington, NM"
22180,,00-0000,26290,36880,56640,2021,"Fayetteville, NC"
22220,,00-0000,28660,37820,61210,2021,"Fayetteville-Springdale-Rogers, AR-MO"
22380,,00-0000,29950,37850,60040,2021,"Flagstaff, AZ"
22420,,00-0000,29200,37980,61190,2021,"Flint, MI"
22500,,00-0000,23740,34920,49410,2021,"Florence, SC"
22520,,00-0000,23390,35060,48130,2021,"Florence-Muscle Shoals, AL"
22540,,00-0000,29460,45460,60250,2021,"Fond du Lac, WI"
22660,,00-0000,30770,47120,73390,2021,"Fort Collins, CO"
22900,,00-0000,23780,34880,47580,2021,"Fort Smith, AR-OK"
23060,,00-0000,29100,38050,60040,2021,"Fort Wayne, IN"
23420,,00-0000,29680,37470,60670,2021,"Fresno, CA"
23460,,00-0000,21990,29570,45960,2021,"Gadsden, AL"
23540,,00-0000,28770,38670,58730,2021,"Gainesville, FL"
23580,,00-0000,28340,36990,56300,2021,"Gainesville, GA"
23900,,00-0000,29090,37970,59620,2021,"Gettysburg, PA"
24020,,00-0000,29610,38860,60930,2021,"Glens Falls, NY"
24140,,00-0000,26300,35370,47960,2021,"Goldsboro, NC"
24220,,00-0000,29820,43190,60040,2021,"Grand Forks, ND-MN"
24260,,00-0000,29390,37610,52440,2021,"Grand Island, NE"
24300,,00-0000,29620,38810,59860,2021,"Grand Junction, CO"
24340,,00-0000,29690,38690,60910,2021,"Grand Rapids-Wyoming, MI"
24420,,00-0000,29450,37170,49330,2021,"Grants Pass, OR"
24500,,00-0000,27880,36580,57140,2021,"Great Falls, MT"
24540,,00-0000,33980,46210,61200,2021,"Greeley, CO"
24580,,00-0000,29780,44980,60640,2021,"Green Bay, WI"
24660,,00-0000,28700,37650,59590,2021,"Greensboro-High Point, NC"
24780,,00-0000,28080,37730,60500,2021,"Greenville, NC"
24860,,00-0000,28800,37500,59380,2021,"Greenville-Anderson-Mauldin, SC"
25020,,00-0000,17760,18810,29350,2021,"Guayama, PR"
25060,,00-0000,23780,37260,59380,2021,"Gulfport-Biloxi-Pascagoula, MS"
25180,,00-0000,28920,37810,59190,2021,"Hagerstown-Martinsburg, MD-WV"
25220,,00-0000,22310,30330,48270,2021,"Hammond, LA"
25260,,00-0000,29940,40200,66780,2021,"Hanford-Corcoran, CA"
25420,,00-0000,30000,45780,62970,2021,"Harrisburg-Carlisle, PA"
25500,,00-0000,28910,37610,50270,2021,"Harrisonburg, VA"
25620,,00-0000,22790,29780,46900,2021,"Hattiesburg, MS"
25860,,00-0000,28350,36850,48490,2021,"Hickory-Lenoir-Morganton, NC"
25940,,00-0000,24380,35460,48770,2021,"Hilton Head Island-Bluffton-Beaufort, SC"
25980,,00-0000,27650,37770,59930,2021,"Hinesville, GA"
26140,,00-0000,26210,33760,47310,2021,"Homosassa Springs, FL"
26300,,00-0000,23570,29750,47120,2021,"Hot Springs, AR"
26380,,00-0000,24300,37930,60100,2021,"Houma-Thibodaux, LA"
26420,,00-0000,29160,44630,66710,2021,"Houston-The Woodlands-Sugar Land, TX"
26580,,00-0000,24350,36750,55010,2021,"Huntington-Ashland, WV-KY-OH"
26620,,00-0000,29450,47260,78210,2021,"Huntsville, AL"
26820,,00-0000,27970,37230,60550,2021,"Idaho Falls, ID"
26900,,00-0000,29900,39550,62020,2021,"Indianapolis-Carmel-Anderson, IN"
26980,,00-0000,30130,47440,62620,2021,"Iowa City, IA"
27060,,00-0000,37070,49910,78900,2021,"Ithaca, NY"
27100,,00-0000,29160,38210,61030,2021,"Jackson, MI"
27140,,00-0000,23910,36920,50190,2021,"Jackson, MS"
27180,,00-0000,27580,36750,48940,2021,"Jackson, TN"
27260,,00-0000,29020,37960,60660,2021,"Jacksonville, FL"
27340,,00-0000,22970,34010,48720,2021,"Jacksonville, NC"
27500,,00-0000,29530,39280,60550,2021,"Janesville-Beloit, WI"
27620,,00-0000,28600,37630,56890,2021,"Jefferson City, MO"
27740,,00-0000,26560,36150,49120,2021,"Johnson City, TN"
27780,,00-0000,25940,36100,54400,2021,"Johnstown, PA"
27860,,00-0000,24050,35990,47580,2021,"Jonesboro, AR"
27900,,00-0000,26670,36310,48520,2021,"Joplin, MO"
27980,,00-0000,32220,47220,64020,2021,"Kahului-Wailuku-Lahaina, HI"
28020,,00-0000,29080,38520,60500,2021,"Kalamazoo-Portage, MI"
28100,,00-0000,28620,37530,59590,2021,"Kankakee, IL"
28140,,00-0000,29820,45540,63170,2021,"Kansas City, MO-KS"
28420,,00-0000,34220,47160,75920,2021,"Kennewick-Richland, WA"
28660,,00-0000,26830,37340,59620,2021,"Killeen-Temple, TX"
28700,,00-0000,27160,36620,57940,2021,"Kingsport-Bristol-Bristol, TN-VA"
28740,,00-0000,30100,40880,62600,2021,"Kingston, NY"
28940,,00-0000,28610,37650,59830,2021,"Knoxville, TN"
29020,,00-0000,29090,39290,60020,2021,"Kokomo, IN"
29100,,00-0000,29430,40930,60670,2021,"La Crosse-Onalaska, WI-MN"
29180,,00-0000,23270,36230,49330,2021,"Lafayette, LA"
29200,,00-0000,29540,38990,60930,2021,"Lafayette-West Lafayette, IN"
29340,,00-0000,25280,38050,60550,2021,"Lake Charles, LA"
29420,,00-0000,28550,35750,47830,2021,"Lake Havasu City-Kingman, AZ"
29460,,00-0000,28350,36900,49410,2021,"Lakeland-Winter Haven, FL"
29540,,00-0000,29460,38320,60040,2021,"Lancaster, PA"
29620,,00-0000,30180,47440,64940,2021,"Lansing-East Lansing, MI"
29700,,00-0000,22550,29900,49380,2021,"Laredo, TX"
29740,,00-0000,23510,34880,57150,2021,"Las Cruces, NM"
29820,,00-0000,28820,37550,60310,2021,"Las Vegas-Henderson-Paradise, NV"
29940,,00-0000,26850,37400,59380,2021,"Lawrence, KS"
30020,,00-0000,23950,36360,58180,2021,"Lawton, OK"
30140,,00-0000,28830,37330,57950,2021,"Lebanon, PA"
30300,,00-0000,29830,39000,60630,2021,"Lewiston, ID-WA"
30460,,00-0000,29240,38370,60130,2021,"Lexington-Fayette, KY"
30620,,00-0000,28280,37700,59740,2021,"Lima, OH"
30700,,00-0000,29690,39420,61130,2021,"Lincoln, NE"
30780,,00-0000,28400,37620,59970,2021,"Little Rock-North Little Rock-Conway, AR"
30860,,00-0000,27220,36340,50480,2021,"Logan, UT-ID"
30980,,00-0000,26500,36880,56880,2021,"Longview, TX"
31020,,00-0000,35080,46750,66950,2021,"Longview, WA"
31080,,00-0000,31450,47580,78630,2021,"Los Angeles-Long Beach-Anaheim, CA"
31140,,00-0000,29600,38740,61120,2021,"Louisville/Jefferson County, KY-IN"
31180,,00-0000,24170,36010,53200,2021,"Lubbock, TX"
31340,,00-0000,27480,36900,58020,2021,"Lynchburg, VA"
31420,,00-0000,25880,36950,54480,2021,"Macon, GA"
31460,,00-0000,29580,37100,61030,2021,"Madera, CA"
31540,,00-0000,34320,48150,75670,2021,"Madison, WI"
31740,,00-0000,24120,36870,59110,2021,"Manhattan, KS"
31860,,00-0000,29650,43850,60550,2021,"Mankato-North Mankato, MN"
31900,,00-0000,27570,36760,55370,2021,"Mansfield, OH"
32420,,00-0000,17420,19730,29230,2021,"Mayaguez, PR"
32580,,00-0000,22220,29010,47350,2021,"McAllen-Edinburg-Mission, TX"
32780,,00-0000,29780,38200,59680,2021,"Medford, OR"
32820,,00-0000,28940,37790,60110,2021,"Memphis, TN-MS-AR"
32900,,00-0000,29680,36890,59280,2021,"Merced, CA"
33100,,00-0000,29450,38670,62470,2021,"Miami-Fort Lauderdale-West Palm Beach, FL"
33140,,00-0000,27770,36940,48790,2021,"Michigan City-La Porte, IN"
33220,,00-0000,29490,46390,76170,2021,"Midland, MI"
33260,,00-0000,30580,47180,69970,2021,"Midland, TX"
33340,,00-0000,30070,46910,63850,2021,"Milwaukee-Waukesha-West Allis, WI"
33460,,00-0000,36570,48640,78150,2021,"Minneapolis-St. Paul-Bloomington, MN-WI"
33540,,00-0000,28680,37350,58990,2021,"Missoula, MT"
33660,,00-0000,27720,37700,59970,2021,"Mobile, AL"
33700,,00-0000,30010,38910,61550,2021,"Modesto, CA"
33740,,00-0000,22090,30230,47910,2021,"Monroe, LA"
33780,,00-0000,29220,38280,61190,2021,"Monroe, MI"
33860,,00-0000,23990,36880,59090,2021,"Montgomery, AL"
34060,,00-0000,27340,37440,60040,2021,"Morgantown, WV"
34100,,00-0000,26390,35200,47400,2021,"Morristown, TN"
34580,,00-0000,36020,47410,70940,2021,"Mount Vernon-Anacortes, WA"
34620,,00-0000,27610,36890,56830,2021,"Muncie, IN"
34740,,00-0000,28350,37250,59010,2021,"Muskegon, MI"
34820,,00-0000,22920,29680,46480,2021,"Myrtle Beach-Conway-North Myrtle Beach, SC-NC"
34900,,00-0000,35920,47470,76580,2021,"Napa, CA"
34940,,00-0000,29690,38000,59860,2021,"Naples-Immokalee-Marco Island, FL"
34980,,00-0000,29750,39260,61940,2021,"Nashville-Davidson--Murfreesboro--Franklin, TN"
35100,,00-0000,26940,37220,58760,2021,"New Bern, NC"
35380,,00-0000,25830,38060,61210,2021,"New Orleans-Metairie, LA"
35620,,00-0000,36790,55810,96370,2021,"New York-Newark-Jersey City, NY-NJ-PA"
35660,,00-0000,28700,37410,59010,2021,"Niles-Benton Harbor, MI"
35840,,00-0000,29330,37750,59460,2021,"North Port-Sarasota-Bradenton, FL"
36100,,00-0000,27100,34810,47840,2021,"Ocala, FL"
36140,,00-0000,28360,36930,59320,2021,"Ocean City, NJ"
36220,,00-0000,29450,40310,60570,2021,"Odessa, TX"
36260,,00-0000,29190,38150,60650,2021,"Ogden-Clearfield, UT"
36420,,00-0000,28820,38320,61070,2021,"Oklahoma City, OK"
36500,,00-0000,37250,49950,79810,2021,"Olympia-Tumwater, WA"
36540,,00-0000,29990,43850,62960,2021,"Omaha-Council Bluffs, NE-IA"
36740,,00-0000,28810,37500,60550,2021,"Orlando-Kissimmee-Sanford, FL"
36780,,00-0000,30090,46280,61090,2021,"Oshkosh-Neenah, WI"
36980,,00-0000,28350,37440,57570,2021,"Owensboro, KY"
37100,,00-0000,30790,46490,76520,2021,"Oxnard-Thousand Oaks-Ventura, CA"
37340,,00-0000,28900,38220,61710,2021,"Palm Bay-Melbourne-Titusville, FL"
37460,,00-0000,28290,36800,57990,2021,"Panama City, FL"
37620,,00-0000,23120,35210,53410,2021,"Parkersburg-Vienna, WV"
37860,,00-0000,27980,36750,57770,2021,"Pensacola-Ferry Pass-Brent, FL"
37900,,00-0000,28760,42250,62410,2021,"Peoria, IL"
37980,,00-0000,30720,47530,77030,2021,"Philadelphia-Camden-Wilmington, PA-NJ-DE-MD"
38060,,00-0000,30130,45570,62500,2021,"Phoenix-Mesa-Scottsdale, AZ"
38220,,00-0000,25460,36300,48220,2021,"Pine Bluff, AR"
38300,,00-0000,29800,46210,64420,2021,"Pittsburgh, PA"
38540,,00-0000,24310,34930,49860,2021,"Pocatello, ID"
38660,,00-0000,17310,18980,29010,2021,"Ponce, PR"
38900,,00-0000,36850,48380,78430,2021,"Portland-Vancouver-Hillsboro, OR-WA"
38940,,00-0000,28740,36940,56620,2021,"Port St. Lucie, FL"
39140,,00-0000,29450,37440,57330,2021,"Prescott, AZ"
39340,,00-0000,29080,37790,60540,2021,"Provo-Orem, UT"
39380,,00-0000,29650,38940,60130,2021,"Pueblo, CO"
39460,,00-0000,28250,36300,50640,2021,"Punta Gorda, FL"
39540,,00-0000,29330,38500,60430,2021,"Racine, WI"
39580,,00-0000,29910,46910,74160,2021,"Raleigh, NC"
39660,,00-0000,28910,37370,50970,2021,"Rapid City, SD"
39740,,00-0000,29600,39280,61090,2021,"Reading, PA"
39820,,00-0000,29840,42330,61570,2021,"Redding, CA"
39900,,00-0000,29780,38460,61070,2021,"Reno, NV"
40060,,00-0000,29710,45980,64340,2021,"Richmond, VA"
40140,,00-0000,30110,39020,61240,2021,"Riverside-San Bernardino-Ontario, CA"
40220,,00-0000,28550,37620,59640,2021,"Roanoke, VA"
40340,,00-0000,35840,47960,77340,2021,"Rochester, MN"
40380,,00-0000,29860,46320,63600,2021,"Rochester, NY"
40420,,00-0000,29260,38650,60680,2021,"Rockford, IL"
40580,,00-0000,26440,36090,55800,2021,"Rocky Mount, NC"
40660,,00-0000,27300,37170,56470,2021,"Rome, GA"
40900,,00-0000,33980,48570,80170,2021,"Sacramento--Roseville--Arden-Arcade, CA"
40980,,00-0000,28620,37550,59640,2021,"Saginaw, MI"
41060,,00-0000,30230,45190,61200,2021,"St. Cloud, MN"
41100,,00-0000,28120,36450,49240,2021,"St. George, UT"
41140,,00-0000,28910,37810,52330,2021,"St. Joseph, MO-KS"
41180,,00-0000,29390,44050,63520,2021,"St. Louis, MO-IL"
41420,,00-0000,30140,45850,63090,2021,"Salem, OR"
41500,,00-0000,31200,38300,63070,2021,"Salinas, CA"
41540,,00-0000,28010,36420,56690,2021,"Salisbury, MD-DE"
41620,,00-0000,30320,46900,64280,2021,"Salt Lake City, UT"
41660,,00-0000,24570,35620,50360,2021,"San Angelo, TX"
41700,,00-0000,28380,37960,61010,2021,"San Antonio-New Braunfels, TX"
41740,,00-0000,34320,48050,79580,2021,"San Diego-Carlsbad, CA"
41860,,00-0000,42430,62000,115090,2021,"San Francisco-Oakland-Hayward, CA"
41900,,00-0000,17150,18320,24030,2021,"San German, PR"
41940,,00-0000,44570,75510,132050,2021,"San Jose-Sunnyvale-Santa Clara, CA"
41980,,00-0000,17970,23100,36740,2021,"San Juan-Carolina-Caguas, PR"
42020,,00-0000,30540,45850,74930,2021,"San Luis Obispo-Paso Robles-Arroyo Grande, CA"
42100,,00-0000,34030,47480,76880,2021,"Santa Cruz-Watsonville, CA"
42140,,00-0000,29420,38880,60630,2021,"Santa Fe, NM"
42200,,00-0000,30980,46410,76600,2021,"Santa Maria-Santa Barbara, CA"
42220,,00-0000,35410,47900,76880,2021,"Santa Rosa, CA"
42340,,00-0000,27390,37440,60330,2021,"Savannah, GA"
42540,,00-0000,28550,37560,58750,2021,"Scranton--Wilkes-Barre--Hazleton, PA"
42660,,00-0000,38660,60230,98500,2021,"Seattle-Tacoma-Bellevue, WA"
42680,,00-0000,28650,36870,49150,2021,"Sebastian-Vero Beach, FL"
42700,,00-0000,23860,31720,47630,2021,"Sebring, FL"
43100,,00-0000,29660,38830,59430,2021,"Sheboygan, WI"
43300,,00-0000,23800,35570,54460,2021,"Sherman-Denison, TX"
43340,,00-0000,23400,36430,57620,2021,"Shreveport-Bossier City, LA"
43420,,00-0000,28970,38040,61200,2021,"Sierra Vista-Douglas, AZ"
43580,,00-0000,29590,37810,57780,2021,"Sioux City, IA-NE-SD"
43620,,00-0000,29610,38110,59960,2021,"Sioux Falls, SD"
43780,,00-0000,28930,37800,59840,2021,"South Bend-Mishawaka, IN-MI"
43900,,00-0000,28910,37610,59580,2021,"Spartanburg, SC"
44060,,00-0000,33680,45600,62870,2021,"Spokane-Spokane Valley, WA"
44100,,00-0000,29370,46240,74750,2021,"Springfield, IL"
44180,,00-0000,26770,36620,52030,2021,"Springfield, MO"
44220,,00-0000,28390,37370,58570,2021,"Springfield, OH"
44300,,00-0000,29530,46590,67030,2021,"State College, PA"
44420,,00-0000,29000,38160,58570,2021,"Staunton-Waynesboro, VA"
44700,,00-0000,30810,44790,61240,2021,"Stockton-Lodi, CA"
44940,,00-0000,24430,35870,47990,2021,"Sumter, SC"
45060,,00-0000,30220,46970,66610,2021,"Syracuse, NY"
45220,,00-0000,27120,37700,55930,2021,"Tallahassee, FL"
45300,,00-0000,29240,38250,61340,2021,"Tampa-St. Petersburg-Clearwater, FL"
45460,,00-0000,27090,36450,55630,2021,"Terre Haute, IN"
45500,,00-0000,23980,36190,53350,2021,"Texarkana, TX-AR"
45540,,00-0000,27110,35370,48580,2021,"The Villages, FL"
45780,,00-0000,29130,38220,60650,2021,"Toledo, OH"
45820,,00-0000,28820,38200,60130,2021,"Topeka, KS"
45940,,00-0000,36910,57710,93090,2021,"Trenton, NJ"
46060,,00-0000,29310,38050,60510,2021,"Tucson, AZ"
46140,,00-0000,29010,38030,60800,2021,"Tulsa, OK"
46220,,00-0000,26420,37820,60130,2021,"Tuscaloosa, AL"
46300,,00-0000,27810,36380,48600,2021,"Twin Falls, ID"
46340,,00-0000,25620,36330,54660,2021,"Tyler, TX"
46520,,00-0000,35630,48200,77450,2021,"Urban Honolulu, HI"
46540,,00-0000,29650,39470,61030,2021,"Utica-Rome, NY"
46660,,00-0000,22930,31040,47620,2021,"Valdosta, GA"
46700,,00-0000,34640,48430,78020,2021,"Vallejo-Fairfield, CA"
47020,,00-0000,25830,36710,57450,2021,"Victoria, TX"
47220,,00-0000,28890,40150,63330,2021,"Vineland-Bridgeton, NJ"
47260,,00-0000,29170,40350,63670,2021,"Virginia Beach-Norfolk-Newport News, VA-NC"
47300,,00-0000,29410,36450,57900,2021,"Visalia-Porterville, CA"
47380,,00-0000,26870,37020,57050,2021,"Waco, TX"
47460,,00-0000,35120,44860,63030,2021,"Walla Walla, WA"
47580,,00-0000,26630,37990,61630,2021,"Warner Robins, GA"
47900,,00-0000,37420,61630,102440,2021,"Washington-Arlington-Alexandria, DC-VA-MD-WV"
47940,,00-0000,29460,38050,60550,2021,"Waterloo-Cedar Falls, IA"
48060,,00-0000,29200,38470,60860,2021,"Watertown-Fort Drum, NY"
48140,,00-0000,30070,45600,60500,2021,"Wausau, WI"
48260,,00-0000,26980,37760,58830,2021,"Weirton-Steubenville, WV-OH"
48300,,00-0000,30500,38350,61400,2021,"Wenatchee, WA"
48540,,00-0000,25980,36890,57240,2021,"Wheeling, WV-OH"
48620,,00-0000,28470,37950,59640,2021,"Wichita, KS"
48660,,00-0000,23500,34970,48950,2021,"Wichita Falls, TX"
48700,,00-0000,28560,37680,59450,2021,"Williamsport, PA"
48900,,00-0000,27980,37340,58980,2021,"Wilmington, NC"
49020,,00-0000,29770,39080,61890,2021,"Winchester, VA-WV"
49180,,00-0000,28820,37910,60140,2021,"Winston-Salem, NC"
49420,,00-0000,30090,37810,59020,2021,"Yakima, WA"
49620,,00-0000,29430,38940,60880,2021,"York-Hanover, PA"
49660,,00-0000,26640,35840,55550,2021,"Youngstown-Warren-Boardman, OH-PA"
49700,,00-0000,30230,43950,62710,2021,"Yuba City, CA"
49740,,00-0000,28390,35840,49730,2021,"Yuma, AZ"
70750,,00-0000,29830,38620,60400,2021,"Bangor, ME"
70900,,00-0000,35840,47740,75090,2021,"Barnstable Town, MA"
71650,,00-0000,37840,60590,98570,2021,"Boston-Cambridge-Nashua, MA-NH"
71950,,00-0000,36360,52000,93290,2021,"Bridgeport-Stamford-Norwalk, CT"
72400,,00-0000,36710,47940,66610,2021,"Burlington-South Burlington, VT"
72850,,00-0000,30190,47290,75940,2021,"Danbury, CT"
73050,,00-0000,30000,45860,62160,2021,"Dover-Durham, NH-ME"
73450,,00-0000,36590,49210,79650,2021,"Hartford-West Hartford-East Hartford, CT"
74500,,00-0000,30540,44750,62000,2021,"Leominster-Gardner, MA"
74650,,00-0000,29840,38050,59380,2021,"Lewiston-Auburn, ME"
74950,,00-0000,31290,47260,74550,2021,"Manchester, NH"
75550,,00-0000,30830,45190,61870,2021,"New Bedford, MA"
75700,,00-0000,35310,47630,76840,2021,"New Haven, CT"
76450,,00-0000,29940,47260,76920,2021,"Norwich-New London-Westerly, CT-RI"
76600,,00-0000,34190,45500,71610,2021,"Pittsfield, MA"
76750,,00-0000,32380,47010,63350,2021,"Portland-South Portland, ME"
76900,,00-0000,34680,48410,77180,2021,"Portsmouth, NH-ME"
77200,,00-0000,30540,47390,76760,2021,"Providence-Warwick, RI-MA"
78100,,00-0000,35450,46580,72640,2021,"Springfield, MA-CT"
78700,,00-0000,29690,45610,69200,2021,"Waterbury, CT"
79600,,00-0000,36060,47630,76240,2021,"Worcester, MA-CT"
10180,,00-0000,27440,36820,55000,2022,"Abilene, TX"
10380,,00-0000,18200,20760,29770,2022,"Aguadilla-Isabela, PR"
10420,,00-0000,31130,44330,65320,2022,"Akron, OH"
10500,,00-0000,26920,36420,57180,2022,"Albany, GA"
10540,,00-0000,34440,44420,61330,2022,"Albany, OR"
10580,,00-0000,35980,49940,78990,2022,"Albany-Schenectady-Troy, NY"
10740,,00-0000,29630,41200,64880,2022,"Albuquerque, NM"
10780,,00-0000,25240,36090,51860,2022,"Alexandria, LA"
10900,,00-0000,33380,45430,64960,2022,"Allentown-Bethlehem-Easton, PA-NJ"
11020,,00-0000,28230,37810,56200,2022,"Altoona, PA"
11100,,00-0000,27910,37570,58240,2022,"Amarillo, TX"
11180,,00-0000,31200,45740,64540,2022,"Ames, IA"
11260,,00-0000,36650,51040,81090,2022,"Anchorage, AK"
11460,,00-0000,34090,49150,79030,2022,"Ann Arbor, MI"
11500,,00-0000,25980,36170,52830,2022,"Anniston-Oxford-Jacksonville, AL"
11540,,00-0000,33280,45440,62910,2022,"Appleton, WI"
11640,,00-0000,18460,21840,30360,2022,"Arecibo, PR"
11700,,00-0000,29210,38420,57460,2022,"Asheville, NC"
12020,,00-0000,28660,39690,62660,2022,"Athens-Clarke County, GA"
12060,,00-0000,31660,46700,76410,2022,"Atlanta-Sandy Springs-Roswell, GA"
12100,,00-0000,30840,43360,67620,2022,"Atlantic City-Hammonton, NJ"
12220,,00-0000,26930,36500,54520,2022,"Auburn-Opelika, AL"
12260,,00-0000,28610,39430,61840,2022,"Augusta-Richmond County, GA-SC"
12420,,00-0000,33570,47630,77530,2022,"Austin-Round Rock, TX"
12540,,00-0000,32220,40880,65320,2022,"Bakersfield, CA"
12580,,00-0000,35810,50630,81290,2022,"Baltimore-Columbia-Towson, MD"
12940,,00-0000,29110,44760,64890,2022,"Baton Rouge, LA"
12980,,00-0000,31910,44930,64630,2022,"Battle Creek, MI"
13020,,00-0000,29100,37890,60790,2022,"Bay City, MI"
13140,,00-0000,28840,41770,63050,2022,"Beaumont-Port Arthur, TX"
13220,,00-0000,25390,35360,54030,2022,"Beckley, WV"
13380,,00-0000,36150,47680,72590,2022,"Bellingham, WA"
13460,,00-0000,35040,45760,65490,2022,"Bend-Redmond, OR"
13740,,00-0000,31530,43620,64240,2022,"Billings, MT"
13780,,00-0000,31970,44520,65780,2022,"Binghamton, NY"
13820,,00-0000,29250,40580,62530,2022,"Birmingham-Hoover, AL"
13900,,00-0000,34900,46940,64280,2022,"Bismarck, ND"
13980,,00-0000,29770,41980,61240,2022,"Blacksburg-Christiansburg-Radford, VA"
14010,,00-0000,31510,46350,75470,2022,"Bloomington, IL"
14020,,00-0000,30740,43970,64600,2022,"Bloomington, IN"
14100,,00-0000,31920,44760,66140,2022,"Bloomsburg-Berwick, PA"
14260,,00-0000,31060,41600,62110,2022,"Boise City, ID"
14500,,00-0000,39610,61360,99560,2022,"Boulder, CO"
14540,,00-0000,28390,37360,53110,2022,"Bowling Green, KY"
14740,,00-0000,37620,54060,79920,2022,"Bremerton-Silverdale, WA"
15180,,00-0000,22510,31050,48950,2022,"Brownsville-Harlingen, TX"
15260,,00-0000,26940,36570,59680,2022,"Brunswick, GA"
15380,,00-0000,33440,46720,69290,2022,"Buffalo-Cheektowaga-Niagara Falls, NY"
15500,,00-0000,27850,37210,53660,2022,"Burlington, NC"
15680,,00-0000,37440,65880,110360,2022,"California-Lexington Park, MD"
15940,,00-0000,28800,38750,59010,2022,"Canton-Massillon, OH"
15980,,00-0000,30020,38890,59990,2022,"Cape Coral-Fort Myers, FL"
16020,,00-0000,27970,36490,54150,2022,"Cape Girardeau, MO-IL"
16060,,00-0000,29380,39530,62310,2022,"Carbondale-Marion, IL"
16180,,00-0000,34120,47940,72530,2022,"Carson City, NV"
16220,,00-0000,31350,44310,63320,2022,"Casper, WY"
16300,,00-0000,33230,46420,63600,2022,"Cedar Rapids, IA"
16540,,00-0000,31380,42660,60200,2022,"Chambersburg-Waynesboro, PA"
16580,,00-0000,32150,46210,73180,2022,"Champaign-Urbana, IL"
16620,,00-0000,27550,38220,60240,2022,"Charleston, WV"
16700,,00-0000,30320,42820,64280,2022,"Charleston-North Charleston, SC"
16740,,00-0000,31500,45940,70260,2022,"Charlotte-Concord-Gastonia, NC-SC"
16820,,00-0000,32500,47900,74470,2022,"Charlottesville, VA"
16860,,00-0000,29590,39880,60050,2022,"Chattanooga, TN-GA"
16940,,00-0000,31500,44820,62870,2022,"Cheyenne, WY"
16980,,00-0000,35290,48340,79040,2022,"Chicago-Naperville-Elgin, IL-IN-WI"
17020,,00-0000,32880,43080,65560,2022,"Chico, CA"
17140,,00-0000,32160,45660,67500,2022,"Cincinnati, OH-KY-IN"
17300,,00-0000,28440,37880,52290,2022,"Clarksville, TN-KY"
17420,,00-0000,28270,36400,50330,2022,"Cleveland, TN"
17460,,00-0000,32660,46800,72940,2022,"Cleveland-Elyria, OH"
17660,,00-0000,30510,39320,58770,2022,"Coeur d'Alene, ID"
17780,,00-0000,28440,39500,61040,2022,"College Station-Bryan, TX"
17820,,00-0000,34350,47280,74820,2022,"Colorado Springs, CO"
17860,,00-0000,29430,40330,61550,2022,"Columbia, MO"
17900,,00-0000,29270,39210,60260,2022,"Columbia, SC"
17980,,00-0000,27160,37010,59270,2022,"Columbus, GA-AL"
18020,,00-0000,31390,43160,61580,2022,"Columbus, IN"
18140,,00-0000,33440,46630,73390,2022,"Columbus, OH"
18580,,00-0000,27830,38340,60600,2022,"Corpus Christi, TX"
18700,,00-0000,34880,48630,78840,2022,"Corvallis, OR"
18880,,00-0000,29450,39490,62940,2022,"Crestview-Fort Walton Beach-Destin, FL"
19060,,00-0000,28960,39600,60790,2022,"Cumberland, MD-WV"
19100,,00-0000,31420,46360,73160,2022,"Dallas-Fort Worth-Arlington, TX"
19140,,00-0000,30440,37590,53400,2022,"Dalton, GA"
19180,,00-0000,30870,42540,60320,2022,"Danville, IL"
19300,,00-0000,24340,33600,49250,2022,"Daphne-Fairhope-Foley, AL"
19340,,00-0000,30500,43470,63740,2022,"Davenport-Moline-Rock Island, IA-IL"
19380,,00-0000,30940,45130,69010,2022,"Dayton, OH"
19460,,00-0000,28410,38890,60610,2022,"Decatur, AL"
19500,,00-0000,33730,46870,71030,2022,"Decatur, IL"
19660,,00-0000,28190,36100,53440,2022,"Deltona-Daytona Beach-Ormond Beach, FL"
19740,,00-0000,37820,54110,83830,2022,"Denver-Aurora-Lakewood, CO"
19780,,00-0000,34040,48170,71580,2022,"Des Moines-West Des Moines, IA"
19820,,00-0000,34620,48000,75780,2022,"Detroit-Warren-Dearborn, MI"
20020,,00-0000,24490,33740,49320,2022,"Dothan, AL"
20100,,00-0000,29780,40850,61130,2022,"Dover, DE"
20220,,00-0000,32590,44510,61360,2022,"Dubuque, IA"
20260,,00-0000,32210,45770,65170,2022,"Duluth, MN-WI"
20500,,00-0000,36210,54180,83930,2022,"Durham-Chapel Hill, NC"
20700,,00-0000,28700,39050,59770,2022,"East Stroudsburg, PA"
20740,,00-0000,31360,43170,60860,2022,"Eau Claire, WI"
20940,,00-0000,31870,38200,65000,2022,"El Centro, CA"
21060,,00-0000,28790,39030,58750,2022,"Elizabethtown-Fort Knox, KY"
21140,,00-0000,35520,44970,60370,2022,"Elkhart-Goshen, IN"
21300,,00-0000,31890,43220,62700,2022,"Elmira, NY"
21340,,00-0000,24050,34180,52660,2022,"El Paso, TX"
21420,,00-0000,27230,35830,51250,2022,"Enid, OK"
21500,,00-0000,28390,37900,58340,2022,"Erie, PA"
21660,,00-0000,34200,44470,63610,2022,"Eugene, OR"
21780,,00-0000,29620,38640,59390,2022,"Evansville, IN-KY"
21820,,00-0000,36920,51880,79310,2022,"Fairbanks, AK"
22020,,00-0000,34770,46490,64410,2022,"Fargo, ND-MN"
22140,,00-0000,28090,38420,60020,2022,"Farmington, NM"
22180,,00-0000,27540,38310,58010,2022,"Fayetteville, NC"
22220,,00-0000,29310,38580,61370,2022,"Fayetteville-Springdale-Rogers, AR-MO"
22380,,00-0000,31640,38940,59650,2022,"Flagstaff, AZ"
22420,,00-0000,29930,39710,63110,2022,"Flint, MI"
22500,,00-0000,27240,36380,56660,2022,"Florence, SC"
22520,,00-0000,26310,35880,51340,2022,"Florence-Muscle Shoals, AL"
22540,,00-0000,34050,46800,61900,2022,"Fond du Lac, WI"
22660,,00-0000,35790,48770,75970,2022,"Fort Collins, CO"
22900,,00-0000,27170,35320,50420,2022,"Fort Smith, AR-OK"
23060,,00-0000,30670,41140,61660,2022,"Fort Wayne, IN"
23420,,00-0000,32280,40740,63990,2022,"Fresno, CA"
23460,,00-0000,24230,31630,47920,2022,"Gadsden, AL"
23540,,00-0000,29940,42700,62070,2022,"Gainesville, FL"
23580,,00-0000,29950,38230,58640,2022,"Gainesville, GA"
23900,,00-0000,30130,40450,58410,2022,"Gettysburg, PA"
24020,,00-0000,32350,43770,62630,2022,"Glens Falls, NY"
24140,,00-0000,27090,36000,50380,2022,"Goldsboro, NC"
24220,,00-0000,33300,45110,62300,2022,"Grand Forks, ND-MN"
24260,,00-0000,31280,41800,57390,2022,"Grand Island, NE"
24300,,00-0000,32140,43140,62500,2022,"Grand Junction, CO"
24340,,00-0000,32020,42730,63190,2022,"Grand Rapids-Wyoming, MI"
24420,,00-0000,33790,40380,56310,2022,"Grants Pass, OR"
24500,,00-0000,28960,38120,57500,2022,"Great Falls, MT"
24540,,00-0000,36120,47760,65130,2022,"Greeley, CO"
24580,,00-0000,33870,45440,62790,2022,"Green Bay, WI"
24660,,00-0000,29470,39030,59480,2022,"Greensboro-High Point, NC"
24780,,00-0000,28700,39670,62150,2022,"Greenville, NC"
24860,,00-0000,29520,39420,60440,2022,"Greenville-Anderson-Mauldin, SC"
25020,,00-0000,18790,20180,29330,2022,"Guayama, PR"
25060,,00-0000,26170,37850,61390,2022,"Gulfport-Biloxi-Pascagoula, MS"
25180,,00-0000,30840,41170,61040,2022,"Hagerstown-Martinsburg, MD-WV"
25220,,00-0000,24700,35230,51640,2022,"Hammond, LA"
25260,,00-0000,33820,44660,72130,2022,"Hanford-Corcoran, CA"
25420,,00-0000,33940,46110,67120,2022,"Harrisburg-Carlisle, PA"
25500,,00-0000,30300,40640,58000,2022,"Harrisonburg, VA"
25620,,00-0000,23480,32400,47870,2022,"Hattiesburg, MS"
25860,,00-0000,29410,38220,52020,2022,"Hickory-Lenoir-Morganton, NC"
25940,,00-0000,27790,36420,51940,2022,"Hilton Head Island-Bluffton-Beaufort, SC"
25980,,00-0000,28500,40790,59230,2022,"Hinesville, GA"
26140,,00-0000,27400,35170,48670,2022,"Homosassa Springs, FL"
26300,,00-0000,26410,32730,47990,2022,"Hot Springs, AR"
26380,,00-0000,28180,40460,60460,2022,"Houma-Thibodaux, LA"
26420,,00-0000,30520,45610,71950,2022,"Houston-The Woodlands-Sugar Land, TX"
26580,,00-0000,27340,37480,57370,2022,"Huntington-Ashland, WV-KY-OH"
26620,,00-0000,30660,47490,81000,2022,"Huntsville, AL"
26820,,00-0000,29240,38950,63060,2022,"Idaho Falls, ID"
26900,,00-0000,32200,44790,64960,2022,"Indianapolis-Carmel-Anderson, IN"
26980,,00-0000,31850,46850,66000,2022,"Iowa City, IA"
27060,,00-0000,37580,52310,81830,2022,"Ithaca, NY"
27100,,00-0000,31540,43280,64560,2022,"Jackson, MI"
27140,,00-0000,26800,37640,57910,2022,"Jackson, MS"
27180,,00-0000,29330,39000,55080,2022,"Jackson, TN"
27260,,00-0000,30750,41600,64050,2022,"Jacksonville, FL"
27340,,00-0000,25500,34980,51710,2022,"Jacksonville, NC"
27500,,00-0000,31750,43220,61420,2022,"Janesville-Beloit, WI"
27620,,00-0000,29780,39660,58310,2022,"Jefferson City, MO"
27740,,00-0000,28210,37370,54410,2022,"Johnson City, TN"
27780,,00-0000,27090,37060,55280,2022,"Johnstown, PA"
27860,,00-0000,28080,37130,50900,2022,"Jonesboro, AR"
27900,,00-0000,28840,38470,56780,2022,"Joplin, MO"
27980,,00-0000,35200,47690,65360,2022,"Kahului-Wailuku-Lahaina, HI"
28020,,00-0000,31180,44000,63500,2022,"Kalamazoo-Portage, MI"
28100,,00-0000,30940,40910,62050,2022,"Kankakee, IL"
28140,,00-0000,32860,46410,67480,2022,"Kansas City, MO-KS"
28420,,00-0000,36370,48100,78340,2022,"Kennewick-Richland, WA"
28660,,00-0000,28090,39310,59810,2022,"Killeen-Temple, TX"
28700,,00-0000,28360,37980,58870,2022,"Kingsport-Bristol-Bristol, TN-VA"
28740,,00-0000,33750,45360,65130,2022,"Kingston, NY"
28940,,00-0000,29620,40270,61490,2022,"Knoxville, TN"
29020,,00-0000,29650,42900,66450,2022,"Kokomo, IN"
29100,,00-0000,32750,45410,64090,2022,"La Crosse-Onalaska, WI-MN"
29180,,00-0000,25810,37510,56780,2022,"Lafayette, LA"
29200,,00-0000,30520,42980,64650,2022,"Lafayette-West Lafayette, IN"
29340,,00-0000,27770,40230,62870,2022,"Lake Charles, LA"
29420,,00-0000,30170,37170,52220,2022,"Lake Havasu City-Kingman, AZ"
29460,,00-0000,30030,38740,57650,2022,"Lakeland-Winter Haven, FL"
29540,,00-0000,31340,43320,60870,2022,"Lancaster, PA"
29620,,00-0000,33110,47880,70830,2022,"Lansing-East Lansing, MI"
29700,,00-0000,22760,33130,52290,2022,"Laredo, TX"
29740,,00-0000,26660,35770,58820,2022,"Las Cruces, NM"
29820,,00-0000,29120,39060,61740,2022,"Las Vegas-Henderson-Paradise, NV"
29940,,00-0000,28260,38230,59340,2022,"Lawrence, KS"
30020,,00-0000,26900,36840,60200,2022,"Lawton, OK"
30140,,00-0000,30600,40040,59380,2022,"Lebanon, PA"
30300,,00-0000,31940,41820,61120,2022,"Lewiston, ID-WA"
30460,,00-0000,30580,42640,63090,2022,"Lexington-Fayette, KY"
30620,,00-0000,29560,41450,62290,2022,"Lima, OH"
30700,,00-0000,31200,44930,64460,2022,"Lincoln, NE"
30780,,00-0000,29150,38990,60220,2022,"Little Rock-North Little Rock-Conway, AR"
30860,,00-0000,28980,38380,56670,2022,"Logan, UT-ID"
30980,,00-0000,27730,37330,57520,2022,"Longview, TX"
31020,,00-0000,36340,48650,71670,2022,"Longview, WA"
31080,,00-0000,35390,48470,81010,2022,"Los Angeles-Long Beach-Anaheim, CA"
31140,,00-0000,32260,44360,63200,2022,"Louisville/Jefferson County, KY-IN"
31180,,00-0000,27150,36560,56590,2022,"Lubbock, TX"
31340,,00-0000,28500,38900,59260,2022,"Lynchburg, VA"
31420,,00-0000,28520,38040,58950,2022,"Macon, GA"
31460,,00-0000,31590,39190,64410,2022,"Madera, CA"
31540,,00-0000,35840,48560,75980,2022,"Madison, WI"
31740,,00-0000,27730,38650,59780,2022,"Manhattan, KS"
31860,,00-0000,33350,45390,63030,2022,"Mankato-North Mankato, MN"
31900,,00-0000,28660,38330,56080,2022,"Mansfield, OH"
32420,,00-0000,18200,21900,30450,2022,"Mayaguez, PR"
32580,,00-0000,22420,30520,48650,2022,"McAllen-Edinburg-Mission, TX"
32780,,00-0000,33420,43380,61830,2022,"Medford, OR"
32820,,00-0000,30490,39550,61450,2022,"Memphis, TN-MS-AR"
32900,,00-0000,32180,39830,60700,2022,"Merced, CA"
33100,,00-0000,30870,43710,66110,2022,"Miami-Fort Lauderdale-West Palm Beach, FL"
33140,,00-0000,29120,37870,54190,2022,"Michigan City-La Porte, IN"
33220,,00-0000,30620,45160,76360,2022,"Midland, MI"
33260,,00-0000,34590,47900,72890,2022,"Midland, TX"
33340,,00-0000,33880,46800,69240,2022,"Milwaukee-Waukesha-West Allis, WI"
33460,,00-0000,36980,50960,80340,2022,"Minneapolis-St. Paul-Bloomington, MN-WI"
33540,,00-0000,30750,40760,60980,2022,"Missoula, MT"
33660,,00-0000,28530,39010,60680,2022,"Mobile, AL"
33700,,00-0000,34240,45050,66760,2022,"Modesto, CA"
33740,,00-0000,22940,34080,50270,2022,"Monroe, LA"
33780,,00-0000,31050,43560,63800,2022,"Monroe, MI"
33860,,00-0000,27720,38130,59140,2022,"Montgomery, AL"
34060,,00-0000,28920,40090,62210,2022,"Morgantown, WV"
34100,,00-0000,28270,36740,49090,2022,"Morristown, TN"
34580,,00-0000,36980,49200,74420,2022,"Mount Vernon-Anacortes, WA"
34620,,00-0000,28930,37710,58580,2022,"Muncie, IN"
34740,,00-0000,29240,38230,58030,2022,"Muskegon, MI"
34820,,00-0000,25160,33650,48380,2022,"Myrtle Beach-Conway-North Myrtle Beach, SC-NC"
34900,,00-0000,37060,48260,76460,2022,"Napa, CA"
34940,,00-0000,30940,39920,61820,2022,"Naples-Immokalee-Marco Island, FL"
34980,,00-0000,31680,44300,64010,2022,"Nashville-Davidson--Murfreesboro--Franklin, TN"
35100,,00-0000,27900,38860,59450,2022,"New Bern, NC"
35380,,00-0000,28360,40600,63440,2022,"New Orleans-Metairie, LA"
35620,,00-0000,37230,57390,97380,2022,"New York-Newark-Jersey City, NY-NJ-PA"
35660,,00-0000,30210,39260,59780,2022,"Niles-Benton Harbor, MI"
35840,,00-0000,30350,39470,60500,2022,"North Port-Sarasota-Bradenton, FL"
36100,,00-0000,28490,36380,53370,2022,"Ocala, FL"
36140,,00-0000,29880,38520,59730,2022,"Ocean City, NJ"
36220,,00-0000,31190,44040,62710,2022,"Odessa, TX"
36260,,00-0000,31340,42450,62900,2022,"Ogden-Clearfield, UT"
36420,,00-0000,29270,41370,63010,2022,"Oklahoma City, OK"
36500,,00-0000,38110,54100,81520,2022,"Olympia-Tumwater, WA"
36540,,00-0000,32110,46040,66920,2022,"Omaha-Council Bluffs, NE-IA"
36740,,00-0000,30010,39030,61060,2022,"Orlando-Kissimmee-Sanford, FL"
36780,,00-0000,34650,45970,63290,2022,"Oshkosh-Neenah, WI"
36980,,00-0000,29140,39790,59680,2022,"Owensboro, KY"
37100,,00-0000,34740,46640,76470,2022,"Oxnard-Thousand Oaks-Ventura, CA"
37340,,00-0000,30120,43890,66690,2022,"Palm Bay-Melbourne-Titusville, FL"
37460,,00-0000,28690,37400,57010,2022,"Panama City, FL"
37620,,00-0000,25890,36030,56680,2022,"Parkersburg-Vienna, WV"
37860,,00-0000,28720,38410,58930,2022,"Pensacola-Ferry Pass-Brent, FL"
37900,,00-0000,31380,44680,67350,2022,"Peoria, IL"
37980,,00-0000,34500,48420,78340,2022,"Philadelphia-Camden-Wilmington, PA-NJ-DE-MD"
38060,,00-0000,34730,46290,66850,2022,"Phoenix-Mesa-Scottsdale, AZ"
38220,,00-0000,27860,37120,51320,2022,"Pine Bluff, AR"
38300,,00-0000,31720,45870,68970,2022,"Pittsburgh, PA"
38540,,00-0000,27700,36770,55320,2022,"Pocatello, ID"
38660,,00-0000,18520,21940,29890,2022,"Ponce, PR"
38900,,00-0000,37410,50860,81360,2022,"Portland-Vancouver-Hillsboro, OR-WA"
38940,,00-0000,29530,38140,58210,2022,"Port St. Lucie, FL"
39140,,00-0000,31530,39620,58140,2022,"Prescott, AZ"
39340,,00-0000,30980,42110,63780,2022,"Provo-Orem, UT"
39380,,00-0000,32340,43520,62470,2022,"Pueblo, CO"
39460,,00-0000,29000,37180,57370,2022,"Punta Gorda, FL"
39540,,00-0000,30630,42130,60510,2022,"Racine, WI"
39580,,00-0000,31930,46590,75280,2022,"Raleigh, NC"
39660,,00-0000,29240,38340,56350,2022,"Rapid City, SD"
39740,,00-0000,31790,43750,62210,2022,"Reading, PA"
39820,,00-0000,33050,43910,66930,2022,"Redding, CA"
39900,,00-0000,34160,45100,65380,2022,"Reno, NV"
40060,,00-0000,31960,46970,70850,2022,"Richmond, VA"
40140,,00-0000,34350,45150,64630,2022,"Riverside-San Bernardino-Ontario, CA"
40220,,00-0000,29460,39910,60540,2022,"Roanoke, VA"
40340,,00-0000,36860,50250,80890,2022,"Rochester, MN"
40380,,00-0000,33110,47010,69010,2022,"Rochester, NY"
40420,,00-0000,31650,43220,64620,2022,"Rockford, IL"
40580,,00-0000,27920,37250,56940,2022,"Rocky Mount, NC"
40660,,00-0000,28600,37960,58250,2022,"Rome, GA"
40900,,00-0000,36200,50560,81920,2022,"Sacramento--Roseville--Arden-Arcade, CA"
40980,,00-0000,29870,40240,61880,2022,"Saginaw, MI"
41060,,00-0000,34420,46020,64080,2022,"St. Cloud, MN"
41100,,00-0000,29270,37740,55290,2022,"St. George, UT"
41140,,00-0000,30190,42190,58390,2022,"St. Joseph, MO-KS"
41180,,00-0000,31650,45990,70350,2022,"St. Louis, MO-IL"
41420,,00-0000,35100,46610,69510,2022,"Salem, OR"
41500,,00-0000,34410,40250,64620,2022,"Salinas, CA"
41540,,00-0000,29240,37610,58870,2022,"Salisbury, MD-DE"
41620,,00-0000,34700,47260,73280,2022,"Salt Lake City, UT"
41660,,00-0000,27510,37030,56380,2022,"San Angelo, TX"
41700,,00-0000,29370,40220,62300,2022,"San Antonio-New Braunfels, TX"
41740,,00-0000,35990,49710,82740,2022,"San Diego-Carlsbad, CA"
41860,,00-0000,43520,65520,119250,2022,"San Francisco-Oakland-Hayward, CA"
41900,,00-0000,17850,19510,26890,2022,"San German, PR"
41940,,00-0000,45130,76740,149260,2022,"San Jose-Sunnyvale-Santa Clara, CA"
41980,,00-0000,19150,24380,37580,2022,"San Juan-Carolina-Caguas, PR"
42020,,00-0000,34440,45820,74280,2022,"San Luis Obispo-Paso Robles-Arroyo Grande, CA"
42100,,00-0000,35500,47350,77050,2022,"Santa Cruz-Watsonville, CA"
42140,,00-0000,30780,41990,61890,2022,"Santa Fe, NM"
42200,,00-0000,34740,46130,77160,2022,"Santa Maria-Santa Barbara, CA"
42220,,00-0000,36890,48840,77840,2022,"Santa Rosa, CA"
42340,,00-0000,29080,39740,62240,2022,"Savannah, GA"
42540,,00-0000,30420,40580,59540,2022,"Scranton--Wilkes-Barre--Hazleton, PA"
42660,,00-0000,43030,61830,99990,2022,"Seattle-Tacoma-Bellevue, WA"
42680,,00-0000,29250,37910,56330,2022,"Sebastian-Vero Beach, FL"
42700,,00-0000,27350,35460,50150,2022,"Sebring, FL"
43100,,00-0000,34380,45100,59910,2022,"Sheboygan, WI"
43300,,00-0000,28160,37210,58400,2022,"Sherman-Denison, TX"
43340,,00-0000,26200,37150,58330,2022,"Shreveport-Bossier City, LA"
43420,,00-0000,30680,41690,67100,2022,"Sierra Vista-Douglas, AZ"
43580,,00-0000,31620,40250,59530,2022,"Sioux City, IA-NE-SD"
43620,,00-0000,31460,41500,60010,2022,"Sioux Falls, SD"
43780,,00-0000,30500,40230,60610,2022,"South Bend-Mishawaka, IN-MI"
43900,,00-0000,29920,39630,60440,2022,"Spartanburg, SC"
44060,,00-0000,35930,46490,68780,2022,"Spokane-Spokane Valley, WA"
44100,,00-0000,32660,47060,74940,2022,"Springfield, IL"
44180,,00-0000,29050,38750,57390,2022,"Springfield, MO"
44220,,00-0000,29780,40010,60000,2022,"Springfield, OH"
44300,,00-0000,30700,46580,70500,2022,"State College, PA"
44420,,00-0000,30010,41540,57700,2022,"Staunton-Waynesboro, VA"
44700,,00-0000,34990,46090,64590,2022,"Stockton-Lodi, CA"
44940,,00-0000,27760,37230,52270,2022,"Sumter, SC"
45060,,00-0000,34320,47990,72490,2022,"Syracuse, NY"
45220,,00-0000,28600,39160,59390,2022,"Tallahassee, FL"
45300,,00-0000,30700,43280,65000,2022,"Tampa-St. Petersburg-Clearwater, FL"
45460,,00-0000,28730,38420,57700,2022,"Terre Haute, IN"
45500,,00-0000,27420,37010,56970,2022,"Texarkana, TX-AR"
45540,,00-0000,28760,37920,56870,2022,"The Villages, FL"
45780,,00-0000,31030,43230,64270,2022,"Toledo, OH"
45820,,00-0000,30150,41810,61670,2022,"Topeka, KS"
45940,,00-0000,37470,58360,95050,2022,"Trenton, NJ"
46060,,00-0000,31380,42430,63230,2022,"Tucson, AZ"
46140,,00-0000,29480,40500,62590,2022,"Tulsa, OK"
46220,,00-0000,28350,39640,60950,2022,"Tuscaloosa, AL"
46300,,00-0000,29240,37830,53550,2022,"Twin Falls, ID"
46340,,00-0000,27450,37220,57580,2022,"Tyler, TX"
46520,,00-0000,35140,49660,77150,2022,"Urban Honolulu, HI"
46540,,00-0000,32500,45000,62880,2022,"Utica-Rome, NY"
46660,,00-0000,24850,34240,49870,2022,"Valdosta, GA"
46700,,00-0000,36400,50130,79660,2022,"Vallejo-Fairfield, CA"
47020,,00-0000,28020,37360,58870,2022,"Victoria, TX"
47220,,00-0000,31470,43660,66600,2022,"Vineland-Bridgeton, NJ"
47260,,00-0000,30030,45340,66020,2022,"Virginia Beach-Norfolk-Newport News, VA-NC"
47300,,00-0000,31860,37940,59490,2022,"Visalia-Porterville, CA"
47380,,00-0000,28710,39070,59600,2022,"Waco, TX"
47460,,00-0000,35930,46230,67330,2022,"Walla Walla, WA"
47580,,00-0000,28410,43180,66210,2022,"Warner Robins, GA"
47900,,00-0000,38840,63300,106810,2022,"Washington-Arlington-Alexandria, DC-VA-MD-WV"
47940,,00-0000,31200,42920,62460,2022,"Waterloo-Cedar Falls, IA"
48060,,00-0000,30570,40250,60070,2022,"Watertown-Fort Drum, NY"
48140,,00-0000,34170,45220,62250,2022,"Wausau, WI"
48260,,00-0000,28250,39540,60040,2022,"Weirton-Steubenville, WV-OH"
48300,,00-0000,34660,43400,63630,2022,"Wenatchee, WA"
48540,,00-0000,27780,37550,58530,2022,"Wheeling, WV-OH"
48620,,00-0000,29640,41430,62290,2022,"Wichita, KS"
48660,,00-0000,26600,36320,55430,2022,"Wichita Falls, TX"
48700,,00-0000,29920,40540,60280,2022,"Williamsport, PA"
48900,,00-0000,28680,39320,60330,2022,"Wilmington, NC"
49020,,00-0000,30980,43550,61670,2022,"Winchester, VA-WV"
49180,,00-0000,29480,39790,61570,2022,"Winston-Salem, NC"
49420,,00-0000,34730,41980,59930,2022,"Yakima, WA"
49620,,00-0000,31420,43650,62080,2022,"York-Hanover, PA"
49660,,00-0000,27870,37350,56950,2022,"Youngstown-Warren-Boardman, OH-PA"
49700,,00-0000,33960,44720,67810,2022,"Yuba City, CA"
49740,,00-0000,29640,37170,55050,2022,"Yuma, AZ"
70750,,00-0000,33780,44120,62390,2022,"Bangor, ME"
70900,,00-0000,36180,48480,74490,2022,"Barnstable Town, MA"
71650,,00-0000,39320,61090,99930,2022,"Boston-Cambridge-Nashua, MA-NH"
71950,,00-0000,36810,56300,94500,2022,"Bridgeport-Stamford-Norwalk, CT"
72400,,00-0000,37260,49810,75840,2022,"Burlington-South Burlington, VT"
72850,,00-0000,34840,48470,77230,2022,"Danbury, CT"
73050,,00-0000,33610,46240,68280,2022,"Dover-Durham, NH-ME"
73450,,00-0000,36290,52980,82550,2022,"Hartford-West Hartford-East Hartford, CT"
74500,,00-0000,35050,45820,66820,2022,"Leominster-Gardner, MA"
74650,,00-0000,33840,43480,60440,2022,"Lewiston-Auburn, ME"
74950,,00-0000,35630,48380,74840,2022,"Manchester, NH"
75550,,00-0000,34080,44850,64110,2022,"New Bedford, MA"
75700,,00-0000,36000,50270,80380,2022,"New Haven, CT"
76450,,00-0000,34380,49360,79290,2022,"Norwich-New London-Westerly, CT-RI"
76600,,00-0000,35240,46810,72900,2022,"Pittsfield, MA"
76750,,00-0000,36640,47930,67880,2022,"Portland-South Portland, ME"
76900,,00-0000,36270,49930,78450,2022,"Portsmouth, NH-ME"
77200,,00-0000,35060,48190,76770,2022,"Providence-Warwick, RI-MA"
78100,,00-0000,34970,47690,74180,2022,"Springfield, MA-CT"
78700,,00-0000,33770,46370,70980,2022,"Waterbury, CT"
79600,,00-0000,35970,48800,77650,2022,"Worcester, MA-CT"
10180,,00-0000,28710,38680,58310,2023,"Abilene, TX"
10380,,00-0000,19110,21860,31220,2023,"Aguadilla-Isabela, PR"
10420,,00-0000,34490,45950,70060,2023,"Akron, OH"
10500,,00-0000,29200,38840,61100,2023,"Albany, GA"
10540,,00-0000,36980,47630,65130,2023,"Albany, OR"
10580,,00-0000,37520,52660,80460,2023,"Albany-Schenectady-Troy, NY"
10740,,00-0000,32130,44780,69490,2023,"Albuquerque, NM"
10780,,00-0000,27250,37980,57790,2023,"Alexandria, LA"
10900,,00-0000,35460,46940,68590,2023,"Allentown-Bethlehem-Easton, PA-NJ"
11020,,00-0000,29540,39970,58950,2023,"Altoona, PA"
11100,,00-0000,29780,39900,61810,2023,"Amarillo, TX"
11180,,00-0000,34440,47360,68170,2023,"Ames, IA"
11260,,00-0000,38490,54790,84860,2023,"Anchorage, AK"
11460,,00-0000,36300,49690,81710,2023,"Ann Arbor, MI"
11500,,00-0000,28270,37850,55890,2023,"Anniston-Oxford-Jacksonville, AL"
11540,,00-0000,35500,47300,64960,2023,"Appleton, WI"
11640,,00-0000,19520,22810,31910,2023,"Arecibo, PR"
11700,,00-0000,31600,41730,60830,2023,"Asheville, NC"
12020,,00-0000,28510,37730,58900,2023,"Athens-Clarke County, GA"
12060,,00-0000,35040,48370,79130,2023,"Atlanta-Sandy Springs-Roswell, GA"
12100,,00-0000,34300,45470,73210,2023,"Atlantic City-Hammonton, NJ"
12220,,00-0000,28430,37820,59190,2023,"Auburn-Opelika, AL"
12260,,00-0000,29910,42440,63380,2023,"Augusta-Richmond County, GA-SC"
12420,,00-0000,35840,50070,82270,2023,"Austin-Round Rock, TX"
12540,,00-0000,34150,44960,70790,2023,"Bakersfield, CA"
12580,,00-0000,37140,54140,85730,2023,"Baltimore-Columbia-Towson, MD"
12940,,00-0000,30610,46590,68740,2023,"Baton Rouge, LA"
12980,,00-0000,35030,46680,68600,2023,"Battle Creek, MI"
13020,,00-0000,30670,39930,63360,2023,"Bay City, MI"
13140,,00-0000,30530,45300,68140,2023,"Beaumont-Port Arthur, TX"
13220,,00-0000,27560,36810,57800,2023,"Beckley, WV"
13380,,00-0000,38820,51140,77410,2023,"Bellingham, WA"
13460,,00-0000,37160,48480,71320,2023,"Bend-Redmond, OR"
13740,,00-0000,34880,46000,66260,2023,"Billings, MT"
13780,,00-0000,34920,46720,71530,2023,"Binghamton, NY"
13820,,00-0000,31060,44830,64850,2023,"Birmingham-Hoover, AL"
13900,,00-0000,36340,48550,69010,2023,"Bismarck, ND"
13980,,00-0000,31820,45610,62530,2023,"Blacksburg-Christiansburg-Radford, VA"
14010,,00-0000,34750,47950,77630,2023,"Bloomington, IL"
14020,,00-0000,33370,45870,65200,2023,"Bloomington, IN"
14100,,00-0000,34260,45470,68360,2023,"Bloomsburg-Berwick, PA"
14260,,00-0000,34680,45320,65050,2023,"Boise City, ID"
14500,,00-0000,44030,64750,104510,2023,"Boulder, CO"
14540,,00-0000,30130,39820,57480,2023,"Bowling Green, KY"
14740,,00-0000,41450,58220,84530,2023,"Bremerton-Silverdale, WA"
15180,,00-0000,23590,33540,50910,2023,"Brownsville-Harlingen, TX"
15260,,00-0000,28790,37890,60950,2023,"Brunswick, GA"
15380,,00-0000,35850,48560,74560,2023,"Buffalo-Cheektowaga-Niagara Falls, NY"
15500,,00-0000,29420,38730,58450,2023,"Burlington, NC"
15680,,00-0000,40460,72620,117930,2023,"California-Lexington Park, MD"
15940,,00-0000,30850,42200,61100,2023,"Canton-Massillon, OH"
15980,,00-0000,33570,43330,63490,2023,"Cape Coral-Fort Myers, FL"
16020,,00-0000,30170,39370,59280,2023,"Cape Girardeau, MO-IL"
16060,,00-0000,30530,40440,63820,2023,"Carbondale-Marion, IL"
16180,,00-0000,35940,48890,72550,2023,"Carson City, NV"
16220,,00-0000,33910,46140,66560,2023,"Casper, WY"
16300,,00-0000,35550,47670,66860,2023,"Cedar Rapids, IA"
16540,,00-0000,34180,45240,61100,2023,"Chambersburg-Waynesboro, PA"
16580,,00-0000,35660,47840,76550,2023,"Champaign-Urbana, IL"
16620,,00-0000,29400,40930,62640,2023,"Charleston, WV"
16700,,00-0000,33370,46130,68870,2023,"Charleston-North Charleston, SC"
16740,,00-0000,34950,47830,75910,2023,"Charlotte-Concord-Gastonia, NC-SC"
16820,,00-0000,35510,49270,79800,2023,"Charlottesville, VA"
16860,,00-0000,31530,43150,61600,2023,"Chattanooga, TN-GA"
16940,,00-0000,35340,47360,67950,2023,"Cheyenne, WY"
16980,,00-0000,36800,49790,81290,2023,"Chicago-Naperville-Elgin, IL-IN-WI"
17020,,00-0000,35210,46110,74040,2023,"Chico, CA"
17140,,00-0000,35190,47280,73530,2023,"Cincinnati, OH-KY-IN"
17300,,00-0000,30040,39730,57240,2023,"Clarksville, TN-KY"
17420,,00-0000,30380,38080,56270,2023,"Cleveland, TN"
17460,,00-0000,35660,48070,76540,2023,"Cleveland-Elyria, OH"
17660,,00-0000,33860,42730,61450,2023,"Coeur d'Alene, ID"
17780,,00-0000,29860,42710,64180,2023,"College Station-Bryan, TX"
17820,,00-0000,36560,49310,78360,2023,"Colorado Springs, CO"
17860,,00-0000,31760,44410,64640,2023,"Columbia, MO"
17900,,00-0000,31120,42630,63390,2023,"Columbia, SC"
17980,,00-0000,28670,38490,60690,2023,"Columbus, GA-AL"
18020,,00-0000,34910,46070,65710,2023,"Columbus, IN"
18140,,00-0000,35890,47970,76670,2023,"Columbus, OH"
18580,,00-0000,29290,41570,63400,2023,"Corpus Christi, TX"
18700,,00-0000,36710,50840,80810,2023,"Corvallis, OR"
18880,,00-0000,31690,43490,66290,2023,"Crestview-Fort Walton Beach-Destin, FL"
19060,,00-0000,30620,43570,65190,2023,"Cumberland, MD-WV"
19100,,00-0000,35100,48440,77730,2023,"Dallas-Fort Worth-Arlington, TX"
19140,,00-0000,31320,38260,55290,2023,"Dalton, GA"
19180,,00-0000,34120,44720,62040,2023,"Danville, IL"
19300,,00-0000,27420,36030,52130,2023,"Daphne-Fairhope-Foley, AL"
19340,,00-0000,34240,46130,69560,2023,"Davenport-Moline-Rock Island, IA-IL"
19380,,00-0000,34790,47380,75620,2023,"Dayton, OH"
19460,,00-0000,30330,42160,63100,2023,"Decatur, AL"
19500,,00-0000,35500,47780,70840,2023,"Decatur, IL"
19660,,00-0000,30000,38070,58510,2023,"Deltona-Daytona Beach-Ormond Beach, FL"
19740,,00-0000,40130,58490,89900,2023,"Denver-Aurora-Lakewood, CO"
19780,,00-0000,36390,49550,75730,2023,"Des Moines-West Des Moines, IA"
19820,,00-0000,36330,48950,77960,2023,"Detroit-Warren-Dearborn, MI"
20020,,00-0000,26660,35470,52430,2023,"Dothan, AL"
20100,,00-0000,32350,44600,64330,2023,"Dover, DE"
20220,,00-0000,35800,46830,65000,2023,"Dubuque, IA"
20260,,00-0000,35090,47770,71150,2023,"Duluth, MN-WI"
20500,,00-0000,38160,58480,88740,2023,"Durham-Chapel Hill, NC"
20700,,00-0000,30620,42400,61980,2023,"East Stroudsburg, PA"
20740,,00-0000,35100,46370,64520,2023,"Eau Claire, WI"
20940,,00-0000,34380,43210,71350,2023,"El Centro, CA"
21060,,00-0000,30120,41500,60690,2023,"Elizabethtown-Fort Knox, KY"
21140,,00-0000,35470,45950,61480,2023,"Elkhart-Goshen, IN"
21300,,00-0000,34730,45440,65890,2023,"Elmira, NY"
21340,,00-0000,26040,36000,58420,2023,"El Paso, TX"
21420,,00-0000,28870,37620,56550,2023,"Enid, OK"
21500,,00-0000,29890,40260,61490,2023,"Erie, PA"
21660,,00-0000,36130,46620,67200,2023,"Eugene, OR"
21780,,00-0000,31460,41930,61680,2023,"Evansville, IN-KY"
21820,,00-0000,38490,55310,83350,2023,"Fairbanks, AK"
22020,,00-0000,36720,48110,67500,2023,"Fargo, ND-MN"
22140,,00-0000,29900,40250,60490,2023,"Farmington, NM"
22180,,00-0000,29360,41480,61710,2023,"Fayetteville, NC"
22220,,00-0000,31210,41590,63640,2023,"Fayetteville-Springdale-Rogers, AR-MO"
22380,,00-0000,34950,43540,61730,2023,"Flagstaff, AZ"
22420,,00-0000,31890,43020,65410,2023,"Flint, MI"
22500,,00-0000,29240,38440,60170,2023,"Florence, SC"
22520,,00-0000,27670,37230,56100,2023,"Florence-Muscle Shoals, AL"
22540,,00-0000,35700,48480,65570,2023,"Fond du Lac, WI"
22660,,00-0000,37870,50820,79620,2023,"Fort Collins, CO"
22900,,00-0000,29050,37070,52230,2023,"Fort Smith, AR-OK"
23060,,00-0000,33310,44600,64020,2023,"Fort Wayne, IN"
23420,,00-0000,34450,44530,68990,2023,"Fresno, CA"
23460,,00-0000,26300,34000,48940,2023,"Gadsden, AL"
23540,,00-0000,33280,45490,65310,2023,"Gainesville, FL"
23580,,00-0000,33820,41780,61930,2023,"Gainesville, GA"
23900,,00-0000,31720,43680,60370,2023,"Gettysburg, PA"
24020,,00-0000,35420,46710,65170,2023,"Glens Falls, NY"
24140,,00-0000,29060,37480,53500,2023,"Goldsboro, NC"
24220,,00-0000,35470,46780,64680,2023,"Grand Forks, ND-MN"
24260,,00-0000,34070,44160,59780,2023,"Grand Island, NE"
24300,,00-0000,35160,45900,65170,2023,"Grand Junction, CO"
24340,,00-0000,35780,46290,66640,2023,"Grand Rapids-Wyoming, MI"
24420,,00-0000,36080,43830,58360,2023,"Grants Pass, OR"
24500,,00-0000,31410,42140,60620,2023,"Great Falls, MT"
24540,,00-0000,38040,50140,71170,2023,"Greeley, CO"
24580,,00-0000,35860,47410,65380,2023,"Green Bay, WI"
24660,,00-0000,31450,42730,61360,2023,"Greensboro-High Point, NC"
24780,,00-0000,30440,42740,65220,2023,"Greenville, NC"
24860,,00-0000,31320,42750,63190,2023,"Greenville-Anderson-Mauldin, SC"
25020,,00-0000,18590,21380,31220,2023,"Guayama, PR"
25060,,00-0000,28190,39360,62890,2023,"Gulfport-Biloxi-Pascagoula, MS"
25180,,00-0000,33730,44530,64180,2023,"Hagerstown-Martinsburg, MD-WV"
25220,,00-0000,27000,36360,55140,2023,"Hammond, LA"
25260,,00-0000,35340,46980,75970,2023,"Hanford-Corcoran, CA"
25420,,00-0000,35720,47380,71840,2023,"Harrisburg-Carlisle, PA"
25500,,00-0000,33100,43770,60940,2023,"Harrisonburg, VA"
25620,,00-0000,26240,35200,51310,2023,"Hattiesburg, MS"
25860,,00-0000,31630,40970,56960,2023,"Hickory-Lenoir-Morganton, NC"
25940,,00-0000,29320,37940,58400,2023,"Hilton Head Island-Bluffton-Beaufort, SC"
25980,,00-0000,30300,44010,61710,2023,"Hinesville, GA"
26140,,00-0000,29140,36960,52230,2023,"Homosassa Springs, FL"
26300,,00-0000,27750,34800,49870,2023,"Hot Springs, AR"
26380,,00-0000,29310,43400,62650,2023,"Houma-Thibodaux, LA"
26420,,00-0000,32960,46960,75680,2023,"Houston-The Woodlands-Sugar Land, TX"
26580,,00-0000,28990,39320,59700,2023,"Huntington-Ashland, WV-KY-OH"
26620,,00-0000,34110,49440,83630,2023,"Huntsville, AL"
26820,,00-0000,30910,41540,62270,2023,"Idaho Falls, ID"
26900,,00-0000,35620,47080,69990,2023,"Indianapolis-Carmel-Anderson, IN"
26980,,00-0000,34620,47760,69910,2023,"Iowa City, IA"
27060,,00-0000,37540,54370,80500,2023,"Ithaca, NY"
27100,,00-0000,34170,44950,67020,2023,"Jackson, MI"
27140,,00-0000,28850,39540,60930,2023,"Jackson, MS"
27180,,00-0000,31250,41240,58350,2023,"Jackson, TN"
27260,,00-0000,34300,45420,68480,2023,"Jacksonville, FL"
27340,,00-0000,27550,36460,55360,2023,"Jacksonville, NC"
27500,,00-0000,35110,46210,64380,2023,"Janesville-Beloit, WI"
27620,,00-0000,33430,43640,60830,2023,"Jefferson City, MO"
27740,,00-0000,29730,38820,57650,2023,"Johnson City, TN"
27780,,00-0000,28780,38960,58410,2023,"Johnstown, PA"
27860,,00-0000,29830,39070,56030,2023,"Jonesboro, AR"
27900,,00-0000,31240,41480,58980,2023,"Joplin, MO"
27980,,00-0000,37820,49910,69500,2023,"Kahului-Wailuku-Lahaina, HI"
28020,,00-0000,34680,45820,67340,2023,"Kalamazoo-Portage, MI"
28100,,00-0000,32910,43190,63240,2023,"Kankakee, IL"
28140,,00-0000,35820,48040,73510,2023,"Kansas City, MO-KS"
28420,,00-0000,38640,51000,83040,2023,"Kennewick-Richland, WA"
28660,,00-0000,29530,42230,62900,2023,"Killeen-Temple, TX"
28700,,00-0000,30350,40930,61110,2023,"Kingsport-Bristol-Bristol, TN-VA"
28740,,00-0000,35690,47180,68700,2023,"Kingston, NY"
28940,,00-0000,31510,43040,61780,2023,"Knoxville, TN"
29020,,00-0000,31480,44990,70090,2023,"Kokomo, IN"
29100,,00-0000,35330,47290,66870,2023,"La Crosse-Onalaska, WI-MN"
29180,,00-0000,27700,38300,58250,2023,"Lafayette, LA"
29200,,00-0000,32810,45140,64000,2023,"Lafayette-West Lafayette, IN"
29340,,00-0000,29620,43710,64690,2023,"Lake Charles, LA"
29420,,00-0000,32470,39580,57840,2023,"Lake Havasu City-Kingman, AZ"
29460,,00-0000,32090,40780,60040,2023,"Lakeland-Winter Haven, FL"
29540,,00-0000,34440,45760,63080,2023,"Lancaster, PA"
29620,,00-0000,35860,49250,75960,2023,"Lansing-East Lansing, MI"
29700,,00-0000,24300,35220,55580,2023,"Laredo, TX"
29740,,00-0000,28580,37690,61570,2023,"Las Cruces, NM"
29820,,00-0000,32000,43510,63950,2023,"Las Vegas-Henderson-Paradise, NV"
29940,,00-0000,30450,41730,62500,2023,"Lawrence, KS"
30020,,00-0000,28370,38470,62530,2023,"Lawton, OK"
30140,,00-0000,33430,43510,61710,2023,"Lebanon, PA"
30300,,00-0000,35320,45870,64190,2023,"Lewiston, ID-WA"
30460,,00-0000,33500,46000,66570,2023,"Lexington-Fayette, KY"
30620,,00-0000,32240,44570,63940,2023,"Lima, OH"
30700,,00-0000,34780,47150,68500,2023,"Lincoln, NE"
30780,,00-0000,30940,42100,62850,2023,"Little Rock-North Little Rock-Conway, AR"
30860,,00-0000,31860,42130,61090,2023,"Logan, UT-ID"
30980,,00-0000,29540,40410,60630,2023,"Longview, TX"
31020,,00-0000,38530,51110,74990,2023,"Longview, WA"
31080,,00-0000,37100,50490,85050,2023,"Los Angeles-Long Beach-Anaheim, CA"
31140,,00-0000,35180,46390,64310,2023,"Louisville/Jefferson County, KY-IN"
31180,,00-0000,28480,37640,59870,2023,"Lubbock, TX"
31340,,00-0000,29910,42160,61100,2023,"Lynchburg, VA"
31420,,00-0000,30160,40210,61870,2023,"Macon, GA"
31460,,00-0000,34250,43580,67940,2023,"Madera, CA"
31540,,00-0000,37440,50910,78960,2023,"Madison, WI"
31740,,00-0000,29640,42490,62660,2023,"Manhattan, KS"
31860,,00-0000,35620,46740,65960,2023,"Mankato-North Mankato, MN"
31900,,00-0000,30500,41230,60050,2023,"Mansfield, OH"
32420,,00-0000,19240,22600,32700,2023,"Mayaguez, PR"
32580,,00-0000,23520,32550,50760,2023,"McAllen-Edinburg-Mission, TX"
32780,,00-0000,36560,46580,65000,2023,"Medford, OR"
32820,,00-0000,33350,43400,63770,2023,"Memphis, TN-MS-AR"
32900,,00-0000,34410,44190,64300,2023,"Merced, CA"
33100,,00-0000,34350,46510,73160,2023,"Miami-Fort Lauderdale-West Palm Beach, FL"
33140,,00-0000,31660,41770,59080,2023,"Michigan City-La Porte, IN"
33220,,00-0000,34230,47830,79780,2023,"Midland, MI"
33260,,00-0000,37070,50470,78030,2023,"Midland, TX"
33340,,00-0000,36180,48460,75070,2023,"Milwaukee-Waukesha-West Allis, WI"
33460,,00-0000,38380,54850,82890,2023,"Minneapolis-St. Paul-Bloomington, MN-WI"
33540,,00-0000,33900,44820,63600,2023,"Missoula, MT"
33660,,00-0000,29520,41660,62720,2023,"Mobile, AL"
33700,,00-0000,36250,47720,73200,2023,"Modesto, CA"
33740,,00-0000,25840,36440,54170,2023,"Monroe, LA"
33780,,00-0000,33280,44720,65500,2023,"Monroe, MI"
33860,,00-0000,29340,40220,61250,2023,"Montgomery, AL"
34060,,00-0000,30440,43730,65770,2023,"Morgantown, WV"
34100,,00-0000,29960,37860,51900,2023,"Morristown, TN"
34580,,00-0000,40070,53350,78080,2023,"Mount Vernon-Anacortes, WA"
34620,,00-0000,30510,40410,60520,2023,"Muncie, IN"
34740,,00-0000,30610,40320,59320,2023,"Muskegon, MI"
34820,,00-0000,27610,35630,51520,2023,"Myrtle Beach-Conway-North Myrtle Beach, SC-NC"
34900,,00-0000,39130,51200,80210,2023,"Napa, CA"
34940,,00-0000,34570,44610,65710,2023,"Naples-Immokalee-Marco Island, FL"
34980,,00-0000,35380,46950,69170,2023,"Nashville-Davidson--Murfreesboro--Franklin, TN"
35100,,00-0000,29430,41230,61500,2023,"New Bern, NC"
35380,,00-0000,29710,43510,65610,2023,"New Orleans-Metairie, LA"
35620,,00-0000,38850,59390,99370,2023,"New York-Newark-Jersey City, NY-NJ-PA"
35660,,00-0000,33340,42360,60990,2023,"Niles-Benton Harbor, MI"
35840,,00-0000,33940,43750,62880,2023,"North Port-Sarasota-Bradenton, FL"
36100,,00-0000,30430,38470,58040,2023,"Ocala, FL"
36140,,00-0000,33370,42280,61880,2023,"Ocean City, NJ"
36220,,00-0000,33990,45830,65360,2023,"Odessa, TX"
36260,,00-0000,34720,45930,66860,2023,"Ogden-Clearfield, UT"
36420,,00-0000,31030,44030,65320,2023,"Oklahoma City, OK"
36500,,00-0000,40760,56850,82490,2023,"Olympia-Tumwater, WA"
36540,,00-0000,35690,47580,72570,2023,"Omaha-Council Bluffs, NE-IA"
36740,,00-0000,33060,43120,63700,2023,"Orlando-Kissimmee-Sanford, FL"
36780,,00-0000,36500,48360,66850,2023,"Oshkosh-Neenah, WI"
36980,,00-0000,30430,42840,61670,2023,"Owensboro, KY"
37100,,00-0000,36270,48380,79360,2023,"Oxnard-Thousand Oaks-Ventura, CA"
37340,,00-0000,32840,46290,75010,2023,"Palm Bay-Melbourne-Titusville, FL"
37460,,00-0000,30620,39340,59660,2023,"Panama City, FL"
37620,,00-0000,28100,37520,59500,2023,"Parkersburg-Vienna, WV"
37860,,00-0000,30630,41900,60880,2023,"Pensacola-Ferry Pass-Brent, FL"
37900,,00-0000,34730,46610,72160,2023,"Peoria, IL"
37980,,00-0000,36070,50160,81010,2023,"Philadelphia-Camden-Wilmington, PA-NJ-DE-MD"
38060,,00-0000,36920,48600,75380,2023,"Phoenix-Mesa-Scottsdale, AZ"
38220,,00-0000,29690,38980,54890,2023,"Pine Bluff, AR"
38300,,00-0000,34930,47360,74290,2023,"Pittsburgh, PA"
38540,,00-0000,29930,39030,58870,2023,"Pocatello, ID"
38660,,00-0000,19420,22670,31870,2023,"Ponce, PR"
38900,,00-0000,39860,55940,85770,2023,"Portland-Vancouver-Hillsboro, OR-WA"
38940,,00-0000,31530,40900,60110,2023,"Port St. Lucie, FL"
39140,,00-0000,34880,43900,61450,2023,"Prescott, AZ"
39340,,00-0000,34390,45700,69350,2023,"Provo-Orem, UT"
39380,,00-0000,35350,46540,65640,2023,"Pueblo, CO"
39460,,00-0000,31500,39320,60340,2023,"Punta Gorda, FL"
39540,,00-0000,34860,46030,63320,2023,"Racine, WI"
39580,,00-0000,35060,48800,79160,2023,"Raleigh, NC"
39660,,00-0000,31300,41280,59900,2023,"Rapid City, SD"
39740,,00-0000,35140,46200,64980,2023,"Reading, PA"
39820,,00-0000,34900,45950,72850,2023,"Redding, CA"
39900,,00-0000,36640,47540,71010,2023,"Reno, NV"
40060,,00-0000,35390,48470,74550,2023,"Richmond, VA"
40140,,00-0000,36130,47450,70880,2023,"Riverside-San Bernardino-Ontario, CA"
40220,,00-0000,31710,43850,62260,2023,"Roanoke, VA"
40340,,00-0000,38460,55970,82910,2023,"Rochester, MN"
40380,,00-0000,35620,48500,74030,2023,"Rochester, NY"
40420,,00-0000,34360,44810,66430,2023,"Rockford, IL"
40580,,00-0000,29450,39390,59580,2023,"Rocky Mount, NC"
40660,,00-0000,30110,39510,60520,2023,"Rome, GA"
40900,,00-0000,37810,55290,86770,2023,"Sacramento--Roseville--Arden-Arcade, CA"
40980,,00-0000,32350,43590,64760,2023,"Saginaw, MI"
41060,,00-0000,36080,47710,67780,2023,"St. Cloud, MN"
41100,,00-0000,31730,40080,58720,2023,"St. George, UT"
41140,,00-0000,33340,45210,60100,2023,"St. Joseph, MO-KS"
41180,,00-0000,34930,47490,74360,2023,"St. Louis, MO-IL"
41420,,00-0000,36980,48750,75000,2023,"Salem, OR"
41500,,00-0000,36210,44570,70420,2023,"Salinas, CA"
41540,,00-0000,31370,40060,61610,2023,"Salisbury, MD-DE"
41620,,00-0000,36990,49440,77310,2023,"Salt Lake City, UT"
41660,,00-0000,29160,38780,59010,2023,"San Angelo, TX"
41700,,00-0000,31420,44390,66180,2023,"San Antonio-New Braunfels, TX"
41740,,00-0000,37570,53090,90470,2023,"San Diego-Carlsbad, CA"
41860,,00-0000,45520,72050,126660,2023,"San Francisco-Oakland-Hayward, CA"
41900,,00-0000,18610,21150,29730,2023,"San German, PR"
41940,,00-0000,47120,81470,164820,2023,"San Jose-Sunnyvale-Santa Clara, CA"
41980,,00-0000,20320,26500,39490,2023,"San Juan-Carolina-Caguas, PR"
42020,,00-0000,36160,47700,77490,2023,"San Luis Obispo-Paso Robles-Arroyo Grande, CA"
42100,,00-0000,37020,48900,78750,2023,"Santa Cruz-Watsonville, CA"
42140,,00-0000,33810,44900,65500,2023,"Santa Fe, NM"
42200,,00-0000,36460,48280,79930,2023,"Santa Maria-Santa Barbara, CA"
42220,,00-0000,38890,51670,79880,2023,"Santa Rosa, CA"
42340,,00-0000,31050,43490,65710,2023,"Savannah, GA"
42540,,00-0000,33280,43700,61290,2023,"Scranton--Wilkes-Barre--Hazleton, PA"
42660,,00-0000,46590,65260,105060,2023,"Seattle-Tacoma-Bellevue, WA"
42680,,00-0000,31110,40040,59570,2023,"Sebastian-Vero Beach, FL"
42700,,00-0000,28970,37100,53950,2023,"Sebring, FL"
43100,,00-0000,36320,47210,62640,2023,"Sheboygan, WI"
43300,,00-0000,29610,38980,60310,2023,"Sherman-Denison, TX"
43340,,00-0000,28100,39150,61290,2023,"Shreveport-Bossier City, LA"
43420,,00-0000,33280,45150,72570,2023,"Sierra Vista-Douglas, AZ"
43580,,00-0000,35310,44500,61210,2023,"Sioux City, IA-NE-SD"
43620,,00-0000,34540,45440,62620,2023,"Sioux Falls, SD"
43780,,00-0000,33710,44420,63560,2023,"South Bend-Mishawaka, IN-MI"
43900,,00-0000,32780,44030,63360,2023,"Spartanburg, SC"
44060,,00-0000,38070,48920,74590,2023,"Spokane-Spokane Valley, WA"
44100,,00-0000,34700,48220,78240,2023,"Springfield, IL"
44180,,00-0000,31570,41490,59480,2023,"Springfield, MO"
44220,,00-0000,32640,42800,61300,2023,"Springfield, OH"
44300,,00-0000,34070,48890,74900,2023,"State College, PA"
44420,,00-0000,32580,44420,59030,2023,"Staunton-Waynesboro, VA"
44700,,00-0000,36750,48370,69530,2023,"Stockton-Lodi, CA"
44940,,00-0000,29140,39730,58190,2023,"Sumter, SC"
45060,,00-0000,36340,49350,76130,2023,"Syracuse, NY"
45220,,00-0000,30170,40930,60720,2023,"Tallahassee, FL"
45300,,00-0000,34570,46420,72180,2023,"Tampa-St. Petersburg-Clearwater, FL"
45460,,00-0000,30050,41690,59580,2023,"Terre Haute, IN"
45500,,00-0000,28710,38840,59150,2023,"Texarkana, TX-AR"
45540,,00-0000,30750,39980,60070,2023,"The Villages, FL"
45780,,00-0000,34330,45740,66180,2023,"Toledo, OH"
45820,,00-0000,33030,45340,64420,2023,"Topeka, KS"
45940,,00-0000,39620,60410,97590,2023,"Trenton, NJ"
46060,,00-0000,34550,44990,66910,2023,"Tucson, AZ"
46140,,00-0000,30950,43140,64470,2023,"Tulsa, OK"
46220,,00-0000,30010,43690,62670,2023,"Tuscaloosa, AL"
46300,,00-0000,31810,40790,58300,2023,"Twin Falls, ID"
46340,,00-0000,28830,39080,60670,2023,"Tyler, TX"
46520,,00-0000,36580,51430,79340,2023,"Urban Honolulu, HI"
46540,,00-0000,34940,46710,66410,2023,"Utica-Rome, NY"
46660,,00-0000,27810,36720,52980,2023,"Valdosta, GA"
46700,,00-0000,37640,53520,82990,2023,"Vallejo-Fairfield, CA"
47020,,00-0000,29450,39970,62040,2023,"Victoria, TX"
47220,,00-0000,34130,45830,69520,2023,"Vineland-Bridgeton, NJ"
47260,,00-0000,33240,46990,72800,2023,"Virginia Beach-Norfolk-Newport News, VA-NC"
47300,,00-0000,34260,42350,62650,2023,"Visalia-Porterville, CA"
47380,,00-0000,30390,41030,61460,2023,"Waco, TX"
47460,,00-0000,37550,47920,72260,2023,"Walla Walla, WA"
47580,,00-0000,29920,44570,69100,2023,"Warner Robins, GA"
47900,,00-0000,41680,65110,111840,2023,"Washington-Arlington-Alexandria, DC-VA-MD-WV"
47940,,00-0000,34780,45590,63560,2023,"Waterloo-Cedar Falls, IA"
48060,,00-0000,33820,44560,62790,2023,"Watertown-Fort Drum, NY"
48140,,00-0000,35920,46410,63340,2023,"Wausau, WI"
48260,,00-0000,29720,42800,62260,2023,"Weirton-Steubenville, WV-OH"
48300,,00-0000,36620,46310,68830,2023,"Wenatchee, WA"
48540,,00-0000,28960,38660,60560,2023,"Wheeling, WV-OH"
48620,,00-0000,32060,44790,64290,2023,"Wichita, KS"
48660,,00-0000,27880,37750,58230,2023,"Wichita Falls, TX"
48700,,00-0000,32250,43830,62360,2023,"Williamsport, PA"
48900,,00-0000,30610,43250,62840,2023,"Wilmington, NC"
49020,,00-0000,33490,45230,62030,2023,"Winchester, VA-WV"
49180,,00-0000,31420,43040,64000,2023,"Winston-Salem, NC"
49420,,00-0000,36510,45490,63060,2023,"Yakima, WA"
49620,,00-0000,34750,45970,64000,2023,"York-Hanover, PA"
49660,,00-0000,29590,39340,59190,2023,"Youngstown-Warren-Boardman, OH-PA"
49700,,00-0000,35470,46810,72780,2023,"Yuba City, CA"
49740,,00-0000,31730,40660,59990,2023,"Yuma, AZ"
70750,,00-0000,36270,46390,64590,2023,"Bangor, ME"
70900,,00-0000,37480,50660,77960,2023,"Barnstable Town, MA"
71650,,00-0000,42850,63060,102220,2023,"Boston-Cambridge-Nashua, MA-NH"
71950,,00-0000,38460,59280,98710,2023,"Bridgeport-Stamford-Norwalk, CT"
72400,,00-0000,39620,52930,79020,2023,"Burlington-South Burlington, VT"
72850,,00-0000,36400,49960,78900,2023,"Danbury, CT"
73050,,00-0000,35980,47930,71880,2023,"Dover-Durham, NH-ME"
73450,,00-0000,37990,57270,87740,2023,"Hartford-West Hartford-East Hartford, CT"
74500,,00-0000,36180,47010,69920,2023,"Leominster-Gardner, MA"
74650,,00-0000,36600,46760,63110,2023,"Lewiston-Auburn, ME"
74950,,00-0000,37060,50820,78370,2023,"Manchester, NH"
75550,,00-0000,36190,46800,70180,2023,"New Bedford, MA"
75700,,00-0000,37910,54080,83760,2023,"New Haven, CT"
76450,,00-0000,36280,50920,80620,2023,"Norwich-New London-Westerly, CT-RI"
76600,,00-0000,36650,48670,75250,2023,"Pittsfield, MA"
76750,,00-0000,38420,49730,73870,2023,"Portland-South Portland, ME"
76900,,00-0000,37870,53080,82040,2023,"Portsmouth, NH-ME"
77200,,00-0000,36620,49690,78510,2023,"Providence-Warwick, RI-MA"
78100,,00-0000,37440,49750,76860,2023,"Springfield, MA-CT"
78700,,00-0000,35980,47520,74670,2023,"Waterbury, CT"
79600,,00-0000,37440,51080,80070,2023,"Worcester, MA-CT"
10180,,00-0000,29640,42120,61020,2024,"Abilene, TX"
10380,,00-0000,20190,23120,33620,2024,"Aguadilla, PR"
10420,,00-0000,35900,47530,74340,2024,"Akron, OH"
10500,,00-0000,29580,40590,61340,2024,"Albany, GA"
10540,,00-0000,37900,48010,66540,2024,"Albany, OR"
10580,,00-0000,39020,56460,82150,2024,"Albany-Schenectady-Troy, NY"
10740,,00-0000,34840,46940,75410,2024,"Albuquerque, NM"
10780,,00-0000,28540,39510,60070,2024,"Alexandria, LA"
10900,,00-0000,36450,47770,73480,2024,"Allentown-Bethlehem-Easton, PA-NJ"
11020,,00-0000,30910,43100,61350,2024,"Altoona, PA"
11100,,00-0000,30260,42060,61500,2024,"Amarillo, TX"
11180,,00-0000,36180,48860,73280,2024,"Ames, IA"
11200,,00-0000,39470,56860,81220,2024,"Amherst Town-Northampton, MA"
11260,,00-0000,40110,59060,90520,2024,"Anchorage, AK"
11460,,00-0000,37410,51990,83830,2024,"Ann Arbor, MI"
11500,,00-0000,28740,39610,59290,2024,"Anniston-Oxford, AL"
11540,,00-0000,36610,48490,69140,2024,"Appleton, WI"
11640,,00-0000,20640,23500,33940,2024,"Arecibo, PR"
11700,,00-0000,34710,44990,62920,2024,"Asheville, NC"
12020,,00-0000,29570,39340,60750,2024,"Athens-Clarke County, GA"
12060,,00-0000,36210,49770,80090,2024,"Atlanta-Sandy Springs-Roswell, GA"
12100,,00-0000,35570,46290,71930,2024,"Atlantic City-Hammonton, NJ"
12220,,00-0000,28480,38060,60010,2024,"Auburn-Opelika, AL"
12260,,00-0000,30830,44280,68160,2024,"Augusta-Richmond County, GA-SC"
12420,,00-0000,36920,52610,82910,2024,"Austin-Round Rock-San Marcos, TX"
12540,,00-0000,35750,46930,74380,2024,"Bakersfield-Delano, CA"
12580,,00-0000,38000,57340,92200,2024,"Baltimore-Columbia-Towson, MD"
12620,,00-0000,37260,47120,65950,2024,"Bangor, ME"
12700,,00-0000,38790,53640,79760,2024,"Barnstable Town, MA"
12940,,00-0000,31730,47940,73370,2024,"Baton Rouge, LA"
12980,,00-0000,36330,48200,72440,2024,"Battle Creek, MI"
13020,,00-0000,31810,41940,63680,2024,"Bay City, MI"
13140,,00-0000,32780,46740,71770,2024,"Beaumont-Port Arthur, TX"
13220,,00-0000,28310,38460,59570,2024,"Beckley, WV"
13380,,00-0000,42170,54860,80620,2024,"Bellingham, WA"
13460,,00-0000,39260,50620,76070,2024,"Bend, OR"
13740,,00-0000,36170,47640,70950,2024,"Billings, MT"
13780,,00-0000,36460,48380,74950,2024,"Binghamton, NY"
13820,,00-0000,33140,46330,66780,2024,"Birmingham, AL"
13900,,00-0000,37650,49990,72940,2024,"Bismarck, ND"
13980,,00-0000,34710,47700,65940,2024,"Blacksburg-Christiansburg-Radford, VA"
14010,,00-0000,35550,51270,80660,2024,"Bloomington, IL"
14020,,00-0000,34980,46430,67210,2024,"Bloomington, IN"
14260,,00-0000,36440,47580,71540,2024,"Boise City, ID"
14460,,00-0000,45010,64620,103210,2024,"Boston-Cambridge-Newton, MA-NH"
14500,,00-0000,45810,67510,108540,2024,"Boulder, CO"
14540,,00-0000,32000,43640,61260,2024,"Bowling Green, KY"
14580,,00-0000,38540,49920,73010,2024,"Bozeman, MT"
14740,,00-0000,45360,61090,92390,2024,"Bremerton-Silverdale-Port Orchard, WA"
14860,,00-0000,39670,60440,99830,2024,"Bridgeport-Stamford-Danbury, CT"
15180,,00-0000,24420,35050,53890,2024,"Brownsville-Harlingen, TX"
15260,,00-0000,29870,39850,62960,2024,"Brunswick-St. Simons, GA"
15380,,00-0000,36980,50190,77460,2024,"Buffalo-Cheektowaga, NY"
15500,,00-0000,31290,40980,59230,2024,"Burlington, NC"
15540,,00-0000,43330,57920,81840,2024,"Burlington-South Burlington, VT"
15940,,00-0000,33320,44460,62570,2024,"Canton-Massillon, OH"
15980,,00-0000,35190,45130,63920,2024,"Cape Coral-Fort Myers, FL"
16020,,00-0000,31830,42060,61590,2024,"Cape Girardeau, MO-IL"
16180,,00-0000,37450,51830,77790,2024,"Carson City, NV"
16220,,00-0000,35580,47640,69340,2024,"Casper, WY"
16300,,00-0000,36440,48570,71040,2024,"Cedar Rapids, IA"
16540,,00-0000,35550,46670,63660,2024,"Chambersburg, PA"
16580,,00-0000,36050,48600,76260,2024,"Champaign-Urbana, IL"
16620,,00-0000,31100,45170,65350,2024,"Charleston, WV"
16700,,00-0000,35280,47620,74680,2024,"Charleston-North Charleston, SC"
16740,,00-0000,36310,48880,78020,2024,"Charlotte-Concord-Gastonia, NC-SC"
16820,,00-0000,36900,51740,82570,2024,"Charlottesville, VA"
16860,,00-0000,33650,45440,63590,2024,"Chattanooga, TN-GA"
16940,,00-0000,36870,50100,74060,2024,"Cheyenne, WY"
16980,,00-0000,37640,51510,83660,2024,"Chicago-Naperville-Elgin, IL-IN"
17020,,00-0000,36100,47360,74730,2024,"Chico, CA"
17140,,00-0000,36490,48490,76680,2024,"Cincinnati, OH-KY-IN"
17300,,00-0000,31660,42990,60130,2024,"Clarksville, TN-KY"
17410,,00-0000,36620,49000,77320,2024,"Cleveland, OH"
17420,,00-0000,30870,39650,58070,2024,"Cleveland, TN"
17660,,00-0000,35970,46010,63840,2024,"Coeur d'Alene, ID"
17780,,00-0000,29610,43010,63130,2024,"College Station-Bryan, TX"
17820,,00-0000,37850,51410,80020,2024,"Colorado Springs, CO"
17860,,00-0000,33850,45670,66770,2024,"Columbia, MO"
17900,,00-0000,33630,45380,66550,2024,"Columbia, SC"
17980,,00-0000,29640,40780,62400,2024,"Columbus, GA-AL"
18020,,00-0000,35620,46490,69310,2024,"Columbus, IN"
18140,,00-0000,37080,49510,78620,2024,"Columbus, OH"
18580,,00-0000,29870,43770,64540,2024,"Corpus Christi, TX"
18700,,00-0000,37660,54310,83080,2024,"Corvallis, OR"
18880,,00-0000,34600,45980,72170,2024,"Crestview-Fort Walton Beach-Destin, FL"
19100,,00-0000,36020,49740,79750,2024,"Dallas-Fort Worth-Arlington, TX"
19140,,00-0000,33430,40820,59560,2024,"Dalton, GA"
19300,,00-0000,28630,37430,56490,2024,"Daphne-Fairhope-Foley, AL"
19340,,00-0000,35370,47470,73690,2024,"Davenport-Moline-Rock Island, IA-IL"
19430,,00-0000,36230,48580,77800,2024,"Dayton-Kettering-Beavercreek, OH"
19460,,00-0000,31390,44470,64840,2024,"Decatur, AL"
19500,,00-0000,36690,49640,73580,2024,"Decatur, IL"
19660,,00-0000,33190,41750,61000,2024,"Deltona-Daytona Beach-Ormond Beach, FL"
19740,,00-0000,43910,61110,97210,2024,"Denver-Aurora-Centennial, CO"
19780,,00-0000,37230,50450,77270,2024,"Des Moines-West Des Moines, IA"
19820,,00-0000,37390,50740,79860,2024,"Detroit-Warren-Dearborn, MI"
20020,,00-0000,27820,36730,56180,2024,"Dothan, AL"
20100,,00-0000,34200,45190,65870,2024,"Dover, DE"
20220,,00-0000,36880,47910,66500,2024,"Dubuque, IA"
20260,,00-0000,36000,48610,73830,2024,"Duluth, MN-WI"
20500,,00-0000,39030,59740,98180,2024,"Durham-Chapel Hill, NC"
20580,,00-0000,24490,33640,56950,2024,"Eagle Pass, TX"
20740,,00-0000,35700,47370,66450,2024,"Eau Claire, WI"
20940,,00-0000,35100,44470,71830,2024,"El Centro, CA"
21060,,00-0000,32300,44810,62280,2024,"Elizabethtown, KY"
21140,,00-0000,36560,47050,64520,2024,"Elkhart-Goshen, IN"
21300,,00-0000,35870,47220,68700,2024,"Elmira, NY"
21340,,00-0000,27750,37880,60290,2024,"El Paso, TX"
21420,,00-0000,29240,38790,59480,2024,"Enid, OK"
21500,,00-0000,31430,43410,62900,2024,"Erie, PA"
21660,,00-0000,37440,48200,72800,2024,"Eugene-Springfield, OR"
21780,,00-0000,34030,45220,64020,2024,"Evansville, IN"
21820,,00-0000,40660,58820,87400,2024,"Fairbanks-College, AK"
22020,,00-0000,37570,49690,72720,2024,"Fargo, ND-MN"
22140,,00-0000,31420,43620,62820,2024,"Farmington, NM"
22180,,00-0000,31200,44600,64650,2024,"Fayetteville, NC"
22220,,00-0000,33230,44870,65570,2024,"Fayetteville-Springdale-Rogers, AR"
22380,,00-0000,36220,45900,64390,2024,"Flagstaff, AZ"
22420,,00-0000,34340,45010,69810,2024,"Flint, MI"
22500,,00-0000,30130,40200,61320,2024,"Florence, SC"
22520,,00-0000,28590,38640,58390,2024,"Florence-Muscle Shoals, AL"
22540,,00-0000,36440,49590,68850,2024,"Fond du Lac, WI"
22660,,00-0000,39250,53620,81230,2024,"Fort Collins-Loveland, CO"
22900,,00-0000,29910,38340,56780,2024,"Fort Smith, AR-OK"
23060,,00-0000,35550,46630,66870,2024,"Fort Wayne, IN"
23420,,00-0000,35480,45810,72210,2024,"Fresno, CA"
23460,,00-0000,27260,35220,51860,2024,"Gadsden, AL"
23540,,00-0000,34960,46950,69600,2024,"Gainesville, FL"
23580,,00-0000,35260,44300,63400,2024,"Gainesville, GA"
23900,,00-0000,34060,45160,61700,2024,"Gettysburg, PA"
24020,,00-0000,36690,48360,68700,2024,"Glens Falls, NY"
24140,,00-0000,30410,38540,56090,2024,"Goldsboro, NC"
24220,,00-0000,36410,48280,68790,2024,"Grand Forks, ND-MN"
24260,,00-0000,36190,48660,62540,2024,"Grand Island, NE"
24300,,00-0000,36300,47250,68550,2024,"Grand Junction, CO"
24340,,00-0000,36710,47510,70840,2024,"Grand Rapids-Wyoming-Kentwood, MI"
24420,,00-0000,37900,49010,60730,2024,"Grants Pass, OR"
24500,,00-0000,34890,44770,62610,2024,"Great Falls, MT"
24540,,00-0000,40050,52110,73590,2024,"Greeley, CO"
24580,,00-0000,36630,48580,70560,2024,"Green Bay, WI"
24660,,00-0000,33810,44910,62900,2024,"Greensboro-High Point, NC"
24780,,00-0000,32420,44980,66780,2024,"Greenville, NC"
24860,,00-0000,33540,44920,65200,2024,"Greenville-Anderson-Greer, SC"
25020,,00-0000,20420,23120,33690,2024,"Guayama, PR"
25060,,00-0000,29070,41610,61870,2024,"Gulfport-Biloxi, MS"
25180,,00-0000,34720,45920,66570,2024,"Hagerstown-Martinsburg, MD-WV"
25220,,00-0000,27390,36960,56590,2024,"Hammond, LA"
25260,,00-0000,36480,47920,76160,2024,"Hanford-Corcoran, CA"
25420,,00-0000,36300,48510,75250,2024,"Harrisburg-Carlisle, PA"
25500,,00-0000,34980,45610,64050,2024,"Harrisonburg, VA"
25540,,00-0000,39150,59270,93350,2024,"Hartford-West Hartford-East Hartford, CT"
25620,,00-0000,27420,36360,55440,2024,"Hattiesburg, MS"
25740,,00-0000,36960,49300,75730,2024,"Helena, MT"
25860,,00-0000,33830,43270,58970,2024,"Hickory-Lenoir-Morganton, NC"
25940,,00-0000,30500,40090,61080,2024,"Hilton Head Island-Bluffton-Port Royal, SC"
25980,,00-0000,30940,45840,62290,2024,"Hinesville, GA"
26140,,00-0000,30550,38560,58660,2024,"Homosassa Springs, FL"
26300,,00-0000,28200,36010,50900,2024,"Hot Springs, AR"
26380,,00-0000,29750,44150,62500,2024,"Houma-Bayou Cane-Thibodaux, LA"
26420,,00-0000,34860,48490,77670,2024,"Houston-Pasadena-The Woodlands, TX"
26580,,00-0000,29770,42390,62360,2024,"Huntington-Ashland, WV-KY-OH"
26620,,00-0000,35550,50470,86380,2024,"Huntsville, AL"
26820,,00-0000,33690,45080,70160,2024,"Idaho Falls, ID"
26900,,00-0000,36640,48210,74530,2024,"Indianapolis-Carmel-Greenwood, IN"
26980,,00-0000,35910,49390,74900,2024,"Iowa City, IA"
27060,,00-0000,38670,56350,79990,2024,"Ithaca, NY"
27100,,00-0000,35500,46710,71330,2024,"Jackson, MI"
27140,,00-0000,30120,42010,62740,2024,"Jackson, MS"
27180,,00-0000,32620,43170,59480,2024,"Jackson, TN"
27260,,00-0000,35690,47030,73890,2024,"Jacksonville, FL"
27340,,00-0000,28530,37610,56750,2024,"Jacksonville, NC"
27500,,00-0000,36090,47410,67950,2024,"Janesville-Beloit, WI"
27620,,00-0000,34820,45440,63320,2024,"Jefferson City, MO"
27740,,00-0000,30700,41170,59760,2024,"Johnson City, TN"
27780,,00-0000,30040,42020,60590,2024,"Johnstown, PA"
27860,,00-0000,30650,39900,58460,2024,"Jonesboro, AR"
27900,,00-0000,33000,43610,60510,2024,"Joplin, MO-KS"
27980,,00-0000,41210,54790,76390,2024,"Kahului-Wailuku, HI"
28020,,00-0000,36120,47360,72540,2024,"Kalamazoo-Portage, MI"
28100,,00-0000,34400,45260,64020,2024,"Kankakee, IL"
28140,,00-0000,36910,49480,76880,2024,"Kansas City, MO-KS"
28420,,00-0000,40300,55490,88160,2024,"Kennewick-Richland, WA"
28450,,00-0000,36610,47590,64100,2024,"Kenosha, WI"
28660,,00-0000,30860,44610,64500,2024,"Killeen-Temple, TX"
28700,,00-0000,32180,43800,62830,2024,"Kingsport-Bristol, TN-VA"
28740,,00-0000,37090,49050,72230,2024,"Kingston, NY"
28880,,00-0000,37340,49730,76390,2024,"Kiryas Joel-Poughkeepsie-Newburgh, NY"
28940,,00-0000,33760,45460,64560,2024,"Knoxville, TN"
29020,,00-0000,33960,47310,73540,2024,"Kokomo, IN"
29100,,00-0000,36170,48060,70630,2024,"La Crosse-Onalaska, WI-MN"
29180,,00-0000,28520,39600,60280,2024,"Lafayette, LA"
29200,,00-0000,34730,47070,66210,2024,"Lafayette-West Lafayette, IN"
29340,,00-0000,30160,45170,66340,2024,"Lake Charles, LA"
29420,,00-0000,34340,42320,59240,2024,"Lake Havasu City-Kingman, AZ"
29460,,00-0000,34600,44610,62490,2024,"Lakeland-Winter Haven, FL"
29540,,00-0000,35500,46960,65320,2024,"Lancaster, PA"
29620,,00-0000,36900,50620,77720,2024,"Lansing-East Lansing, MI"
29700,,00-0000,26310,36640,58150,2024,"Laredo, TX"
29740,,00-0000,29820,38620,61970,2024,"Las Cruces, NM"
29820,,00-0000,34330,45120,65570,2024,"Las Vegas-Henderson-North Las Vegas, NV"
29940,,00-0000,32970,45240,64930,2024,"Lawrence, KS"
30020,,00-0000,29570,40000,60490,2024,"Lawton, OK"
30140,,00-0000,35410,45810,63420,2024,"Lebanon, PA"
30300,,00-0000,36550,47340,65790,2024,"Lewiston, ID-WA"
30340,,00-0000,38020,48070,65560,2024,"Lewiston-Auburn, ME"
30460,,00-0000,35170,47580,70230,2024,"Lexington-Fayette, KY"
30500,,00-0000,38480,62970,108480,2024,"Lexington Park, MD"
30620,,00-0000,34270,46430,68760,2024,"Lima, OH"
30700,,00-0000,36330,48860,72900,2024,"Lincoln, NE"
30780,,00-0000,31920,44730,63210,2024,"Little Rock-North Little Rock-Conway, AR"
30860,,00-0000,34670,44770,63230,2024,"Logan, UT-ID"
30980,,00-0000,30250,42710,61130,2024,"Longview, TX"
31020,,00-0000,41910,54120,77810,2024,"Longview-Kelso, WA"
31080,,00-0000,38120,53490,90360,2024,"Los Angeles-Long Beach-Anaheim, CA"
31140,,00-0000,36170,47750,66680,2024,"Louisville/Jefferson County, KY-IN"
31180,,00-0000,29120,39560,61020,2024,"Lubbock, TX"
31340,,00-0000,32040,45440,64390,2024,"Lynchburg, VA"
31420,,00-0000,31200,43680,63900,2024,"Macon-Bibb County, GA"
31540,,00-0000,39150,54620,81060,2024,"Madison, WI"
31700,,00-0000,38340,54410,81990,2024,"Manchester-Nashua, NH"
31740,,00-0000,31840,44510,64300,2024,"Manhattan, KS"
31860,,00-0000,36730,48060,69990,2024,"Mankato, MN"
31900,,00-0000,33180,43730,61310,2024,"Mansfield, OH"
32420,,00-0000,20110,22610,33700,2024,"Mayaguez, PR"
32580,,00-0000,24970,34670,53730,2024,"McAllen-Edinburg-Mission, TX"
32780,,00-0000,37640,48340,69400,2024,"Medford, OR"
32820,,00-0000,35270,45610,66230,2024,"Memphis, TN-MS-AR"
32900,,00-0000,35730,45930,66580,2024,"Merced, CA"
33100,,00-0000,35800,47920,76990,2024,"Miami-Fort Lauderdale-West Palm Beach, FL"
33140,,00-0000,34230,44190,60980,2024,"Michigan City-La Porte, IN"
33220,,00-0000,36220,50650,81180,2024,"Midland, MI"
33260,,00-0000,37690,52320,79360,2024,"Midland, TX"
33340,,00-0000,37310,49720,77400,2024,"Milwaukee-Waukesha, WI"
33460,,00-0000,39700,57640,84880,2024,"Minneapolis-St. Paul-Bloomington, MN-WI"
33500,,00-0000,36370,48210,67950,2024,"Minot, ND"
33540,,00-0000,35970,46660,66440,2024,"Missoula, MT"
33660,,00-0000,30920,44600,64100,2024,"Mobile, AL"
33700,,00-0000,37810,49360,76450,2024,"Modesto, CA"
33740,,00-0000,26880,37000,56690,2024,"Monroe, LA"
33780,,00-0000,35100,46220,68280,2024,"Monroe, MI"
33860,,00-0000,30190,42600,62600,2024,"Montgomery, AL"
34060,,00-0000,32450,46260,71760,2024,"Morgantown, WV"
34100,,00-0000,31250,40320,56000,2024,"Morristown, TN"
34580,,00-0000,43650,57480,81890,2024,"Mount Vernon-Anacortes, WA"
34620,,00-0000,32360,43000,62280,2024,"Muncie, IN"
34740,,00-0000,32820,43140,61050,2024,"Muskegon-Norton Shores, MI"
34820,,00-0000,28220,36510,54900,2024,"Myrtle Beach-Conway-North Myrtle Beach, SC"
34900,,00-0000,41880,52750,79990,2024,"Napa, CA"
34940,,00-0000,36100,46520,70470,2024,"Naples-Marco Island, FL"
34980,,00-0000,36960,48840,74710,2024,"Nashville-Davidson--Murfreesboro--Franklin, TN"
35300,,00-0000,39320,57600,87830,2024,"New Haven, CT"
35380,,00-0000,30730,45970,71610,2024,"New Orleans-Metairie, LA"
35620,,00-0000,40340,60460,101370,2024,"New York-Newark-Jersey City, NY-NJ"
35660,,00-0000,34810,45180,66380,2024,"Niles, MI"
35840,,00-0000,35650,46030,66160,2024,"North Port-Bradenton-Sarasota, FL"
35980,,00-0000,37260,54670,84510,2024,"Norwich-New London-Willimantic, CT"
36100,,00-0000,32790,42230,59560,2024,"Ocala, FL"
36220,,00-0000,35160,47420,66160,2024,"Odessa, TX"
36260,,00-0000,36050,47520,73200,2024,"Ogden, UT"
36420,,00-0000,32610,45880,69310,2024,"Oklahoma City, OK"
36500,,00-0000,44720,60300,91490,2024,"Olympia-Lacey-Tumwater, WA"
36540,,00-0000,36940,48720,74300,2024,"Omaha, NE-IA"
36740,,00-0000,34850,45410,66560,2024,"Orlando-Kissimmee-Sanford, FL"
36780,,00-0000,37530,50320,74160,2024,"Oshkosh-Neenah, WI"
36980,,00-0000,31000,42740,61020,2024,"Owensboro, KY"
37100,,00-0000,37500,50010,80300,2024,"Oxnard-Thousand Oaks-Ventura, CA"
37140,,00-0000,31160,44140,65240,2024,"Paducah, KY-IL"
37340,,00-0000,35020,47590,77110,2024,"Palm Bay-Melbourne-Titusville, FL"
37460,,00-0000,32420,43000,62320,2024,"Panama City-Panama City Beach, FL"
37620,,00-0000,29070,39690,62200,2024,"Parkersburg-Vienna, WV"
37860,,00-0000,33460,44990,63530,2024,"Pensacola-Ferry Pass-Brent, FL"
37900,,00-0000,35680,47990,75210,2024,"Peoria, IL"
37980,,00-0000,36890,51760,82350,2024,"Philadelphia-Camden-Wilmington, PA-NJ-DE-MD"
38060,,00-0000,37950,49840,77790,2024,"Phoenix-Mesa-Chandler, AZ"
38240,,00-0000,30030,41130,61750,2024,"Pinehurst-Southern Pines, NC"
38300,,00-0000,35710,48210,75690,2024,"Pittsburgh, PA"
38340,,00-0000,38070,49970,77450,2024,"Pittsfield, MA"
38540,,00-0000,32190,43180,60280,2024,"Pocatello, ID"
38660,,00-0000,20560,24040,35730,2024,"Ponce, PR"
38860,,00-0000,40490,53280,78060,2024,"Portland-South Portland, ME"
38900,,00-0000,43500,59040,92920,2024,"Portland-Vancouver-Hillsboro, OR-WA"
38940,,00-0000,34340,44820,62850,2024,"Port St. Lucie, FL"
39150,,00-0000,35830,45560,63030,2024,"Prescott Valley-Prescott, AZ"
39300,,00-0000,37920,51250,80030,2024,"Providence-Warwick, RI-MA"
39340,,00-0000,35360,46610,72790,2024,"Provo-Orem-Lehi, UT"
39380,,00-0000,36570,47780,69550,2024,"Pueblo, CO"
39460,,00-0000,34330,44080,63160,2024,"Punta Gorda, FL"
39540,,00-0000,35950,47290,67970,2024,"Racine-Mount Pleasant, WI"
39580,,00-0000,35940,49560,79940,2024,"Raleigh-Cary, NC"
39660,,00-0000,33180,44260,61610,2024,"Rapid City, SD"
39740,,00-0000,36150,48210,67430,2024,"Reading, PA"
39820,,00-0000,36170,47890,75380,2024,"Redding, CA"
39900,,00-0000,37540,48970,74120,2024,"Reno, NV"
40060,,00-0000,36660,50020,78040,2024,"Richmond, VA"
40140,,00-0000,37400,48240,74170,2024,"Riverside-San Bernardino-Ontario, CA"
40220,,00-0000,34590,46010,65370,2024,"Roanoke, VA"
40340,,00-0000,39990,59220,86760,2024,"Rochester, MN"
40380,,00-0000,37080,50050,77120,2024,"Rochester, NY"
40420,,00-0000,35350,45970,69430,2024,"Rockford, IL"
40580,,00-0000,30260,41180,60430,2024,"Rocky Mount, NC"
40660,,00-0000,30800,40930,61510,2024,"Rome, GA"
40900,,00-0000,39950,58880,93770,2024,"Sacramento-Roseville-Folsom, CA"
40980,,00-0000,34620,45630,69870,2024,"Saginaw, MI"
41060,,00-0000,37440,49820,73740,2024,"St. Cloud, MN"
41100,,00-0000,34200,44070,61110,2024,"St. George, UT"
41140,,00-0000,34650,46420,62090,2024,"St. Joseph, MO-KS"
41180,,00-0000,36000,48290,76340,2024,"St. Louis, MO-IL"
41420,,00-0000,37950,50810,77980,2024,"Salem, OR"
41500,,00-0000,37180,46790,74590,2024,"Salinas, CA"
41540,,00-0000,35240,46650,72020,2024,"Salisbury, MD"
41620,,00-0000,38110,51430,80250,2024,"Salt Lake City-Murray, UT"
41660,,00-0000,29800,41770,61490,2024,"San Angelo, TX"
41700,,00-0000,33490,46010,69290,2024,"San Antonio-New Braunfels, TX"
41740,,00-0000,38830,56580,95260,2024,"San Diego-Chula Vista-Carlsbad, CA"
41780,,00-0000,32090,43820,62310,2024,"Sandusky, OH"
41860,,00-0000,46630,73960,129060,2024,"San Francisco-Oakland-Fremont, CA"
41940,,00-0000,48460,82470,166220,2024,"San Jose-Sunnyvale-Santa Clara, CA"
41980,,00-0000,21480,28080,42480,2024,"San Juan-Bayamon-Caguas, PR"
42020,,00-0000,37600,49760,80200,2024,"San Luis Obispo-Paso Robles, CA"
42100,,00-0000,38500,52770,82030,2024,"Santa Cruz-Watsonville, CA"
42140,,00-0000,35690,47180,71720,2024,"Santa Fe, NM"
42200,,00-0000,37710,50240,81150,2024,"Santa Maria-Santa Barbara, CA"
42220,,00-0000,40630,55140,81930,2024,"Santa Rosa-Petaluma, CA"
42340,,00-0000,33390,46100,69950,2024,"Savannah, GA"
42540,,00-0000,34860,45400,62900,2024,"Scranton--Wilkes-Barre, PA"
42660,,00-0000,47950,67510,107730,2024,"Seattle-Tacoma-Bellevue, WA"
42680,,00-0000,33470,43200,61980,2024,"Sebastian-Vero Beach-West Vero Corridor, FL"
42700,,00-0000,30290,38460,57920,2024,"Sebring, FL"
43100,,00-0000,37860,49300,66400,2024,"Sheboygan, WI"
43300,,00-0000,30400,40410,61540,2024,"Sherman-Denison, TX"
43340,,00-0000,28990,42270,63460,2024,"Shreveport-Bossier City, LA"
43420,,00-0000,34550,45940,74810,2024,"Sierra Vista-Douglas, AZ"
43580,,00-0000,36030,45930,61550,2024,"Sioux City, IA-NE-SD"
43620,,00-0000,36430,46720,64520,2024,"Sioux Falls, SD-MN"
43640,,00-0000,29360,40760,62100,2024,"Slidell-Mandeville-Covington, LA"
43780,,00-0000,35100,45800,65440,2024,"South Bend-Mishawaka, IN-MI"
43900,,00-0000,34640,46210,66040,2024,"Spartanburg, SC"
44060,,00-0000,40180,51600,77050,2024,"Spokane-Spokane Valley, WA"
44100,,00-0000,35680,49550,79560,2024,"Springfield, IL"
44140,,00-0000,38780,49710,78200,2024,"Springfield, MA"
44180,,00-0000,33760,44110,60980,2024,"Springfield, MO"
44220,,00-0000,34310,44700,62770,2024,"Springfield, OH"
44300,,00-0000,35570,50250,77850,2024,"State College, PA"
44420,,00-0000,34390,46140,61380,2024,"Staunton-Stuarts Draft, VA"
44700,,00-0000,37780,49000,72950,2024,"Stockton-Lodi, CA"
44940,,00-0000,30530,41590,59970,2024,"Sumter, SC"
45060,,00-0000,37570,50800,77510,2024,"Syracuse, NY"
45220,,00-0000,33840,45760,66450,2024,"Tallahassee, FL"
45300,,00-0000,35830,47720,75550,2024,"Tampa-St. Petersburg-Clearwater, FL"
45460,,00-0000,31420,43960,61170,2024,"Terre Haute, IN"
45500,,00-0000,29470,41050,60750,2024,"Texarkana, TX-AR"
45780,,00-0000,35800,47320,71430,2024,"Toledo, OH"
45820,,00-0000,35210,47840,69450,2024,"Topeka, KS"
45900,,00-0000,36160,46530,64420,2024,"Traverse City, MI"
45940,,00-0000,42490,62610,99480,2024,"Trenton-Princeton, NJ"
46060,,00-0000,35910,46450,71310,2024,"Tucson, AZ"
46140,,00-0000,32920,45460,66320,2024,"Tulsa, OK"
46220,,00-0000,31420,45440,63840,2024,"Tuscaloosa, AL"
46300,,00-0000,33970,44160,59870,2024,"Twin Falls, ID"
46340,,00-0000,29580,41230,61310,2024,"Tyler, TX"
46520,,00-0000,38080,54660,81830,2024,"Urban Honolulu, HI"
46540,,00-0000,36280,48080,69000,2024,"Utica-Rome, NY"
46660,,00-0000,28580,38000,57580,2024,"Valdosta, GA"
46700,,00-0000,39500,57170,87460,2024,"Vallejo, CA"
47020,,00-0000,30000,41190,63030,2024,"Victoria, TX"
47220,,00-0000,35440,47650,72950,2024,"Vineland, NJ"
47260,,00-0000,35500,48430,76940,2024,"Virginia Beach-Chesapeake-Norfolk, VA-NC"
47300,,00-0000,35170,44320,62730,2024,"Visalia, CA"
47380,,00-0000,31830,44530,63470,2024,"Waco, TX"
47460,,00-0000,39570,49920,76400,2024,"Walla Walla, WA"
47580,,00-0000,32250,47490,73440,2024,"Warner Robins, GA"
47900,,00-0000,43910,68430,119020,2024,"Washington-Arlington-Alexandria, DC-VA-MD-WV"
47930,,00-0000,37280,50110,78950,2024,"Waterbury-Shelton, CT"
47940,,00-0000,35550,46580,62640,2024,"Waterloo-Cedar Falls, IA"
48060,,00-0000,35670,46630,65830,2024,"Watertown-Fort Drum, NY"
48140,,00-0000,37050,47970,66990,2024,"Wausau, WI"
48260,,00-0000,31860,44830,64460,2024,"Weirton-Steubenville, WV-OH"
48300,,00-0000,38140,47920,73650,2024,"Wenatchee-East Wenatchee, WA"
48540,,00-0000,30070,41840,62920,2024,"Wheeling, WV-OH"
48620,,00-0000,34210,46650,67090,2024,"Wichita, KS"
48660,,00-0000,29490,40410,60990,2024,"Wichita Falls, TX"
48680,,00-0000,34160,44660,63440,2024,"Wildwood-The Villages, FL"
48700,,00-0000,33680,45310,64060,2024,"Williamsport, PA"
48900,,00-0000,31680,44470,63440,2024,"Wilmington, NC"
49020,,00-0000,35770,47310,66770,2024,"Winchester, VA-WV"
49180,,00-0000,33790,45050,65910,2024,"Winston-Salem, NC"
49340,,00-0000,39520,55300,83320,2024,"Worcester, MA"
49420,,00-0000,37200,46740,65110,2024,"Yakima, WA"
49620,,00-0000,35880,46970,67730,2024,"York-Hanover, PA"
49660,,00-0000,31120,42330,60560,2024,"Youngstown-Warren, OH"
49700,,00-0000,36860,48330,75030,2024,"Yuba City, CA"
49740,,00-0000,33850,42690,61270,2024,"Yuma, AZ"
10180,,00-0000,30980,44340,62230,2025,"Abilene, TX"
10380,,00-0000,22030,26480,38410,2025,"Aguadilla, PR"
10420,,00-0000,36810,48840,76970,2025,"Akron, OH"
10500,,00-0000,30780,43620,64640,2025,"Albany, GA"
10540,,00-0000,39830,49700,71590,2025,"Albany, OR"
10580,,00-0000,40350,58460,84140,2025,"Albany-Schenectady-Troy, NY"
10740,,00-0000,35910,48060,77220,2025,"Albuquerque, NM"
10780,,00-0000,28840,40600,61840,2025,"Alexandria, LA"
10900,,00-0000,37260,48990,76050,2025,"Allentown-Bethlehem-Easton, PA-NJ"
11020,,00-0000,32600,44270,61940,2025,"Altoona, PA"
11100,,00-0000,31970,44580,63910,2025,"Amarillo, TX"
11180,,00-0000,36500,50220,76070,2025,"Ames, IA"
11200,,00-0000,41050,57030,83400,2025,"Amherst Town-Northampton, MA"
11260,,00-0000,42600,60200,93620,2025,"Anchorage, AK"
11460,,00-0000,38230,55380,87200,2025,"Ann Arbor, MI"
11500,,00-0000,29780,42680,61480,2025,"Anniston-Oxford, AL"
11540,,00-0000,37480,49910,74840,2025,"Appleton, WI"
11640,,00-0000,22210,26120,37140,2025,"Arecibo, PR"
11700,,00-0000,36430,46870,65820,2025,"Asheville, NC"
12020,,00-0000,30700,41220,62480,2025,"Athens-Clarke County, GA"
12060,,00-0000,37030,51170,82140,2025,"Atlanta-Sandy Springs-Roswell, GA"
12100,,00-0000,36460,47520,74470,2025,"Atlantic City-Hammonton, NJ"
12220,,00-0000,29300,39070,61270,2025,"Auburn-Opelika, AL"
12260,,00-0000,32610,45990,73770,2025,"Augusta-Richmond County, GA-SC"
12420,,00-0000,38230,56950,90560,2025,"Austin-Round Rock-San Marcos, TX"
12540,,00-0000,36080,47470,75850,2025,"Bakersfield-Delano, CA"
12580,,00-0000,39160,59070,95340,2025,"Baltimore-Columbia-Towson, MD"
12620,,00-0000,37930,47960,67780,2025,"Bangor, ME"
12700,,00-0000,40050,56360,81200,2025,"Barnstable Town, MA"
12940,,00-0000,33640,48710,74990,2025,"Baton Rouge, LA"
12980,,00-0000,37020,48690,74270,2025,"Battle Creek, MI"
13020,,00-0000,34150,45620,69880,2025,"Bay City, MI"
13140,,00-0000,34940,48630,75010,2025,"Beaumont-Port Arthur, TX"
13220,,00-0000,29730,41850,61290,2025,"Beckley, WV"
13380,,00-0000,44310,57820,83690,2025,"Bellingham, WA"
13460,,00-0000,42670,54570,78530,2025,"Bend, OR"
13740,,00-0000,37330,49060,74010,2025,"Billings, MT"
13780,,00-0000,37500,49460,77210,2025,"Binghamton, NY"
13820,,00-0000,34990,47770,72240,2025,"Birmingham, AL"
13900,,00-0000,38310,52560,76140,2025,"Bismarck, ND"
13980,,00-0000,35820,48120,69430,2025,"Blacksburg-Christiansburg-Radford, VA"
14010,,00-0000,36030,53140,82900,2025,"Bloomington, IL"
14020,,00-0000,35900,47660,73020,2025,"Bloomington, IN"
14260,,00-0000,37600,49100,76430,2025,"Boise City, ID"
14460,,00-0000,45850,66620,106230,2025,"Boston-Cambridge-Newton, MA-NH"
14500,,00-0000,46860,69580,110430,2025,"Boulder, CO"
14540,,00-0000,33920,45040,62650,2025,"Bowling Green, KY"
14580,,00-0000,41410,54830,77160,2025,"Bozeman, MT"
14740,,00-0000,46970,63200,98050,2025,"Bremerton-Silverdale-Port Orchard, WA"
14860,,00-0000,41960,61470,101480,2025,"Bridgeport-Stamford-Danbury, CT"
15180,,00-0000,26210,36490,57690,2025,"Brownsville-Harlingen, TX"
15260,,00-0000,31000,41940,65530,2025,"Brunswick-St. Simons, GA"
15380,,00-0000,37680,50790,78530,2025,"Buffalo-Cheektowaga, NY"
15500,,00-0000,33960,44010,61290,2025,"Burlington, NC"
15540,,00-0000,45640,60020,84160,2025,"Burlington-South Burlington, VT"
15940,,00-0000,34710,45810,66680,2025,"Canton-Massillon, OH"
15980,,00-0000,36300,46780,66700,2025,"Cape Coral-Fort Myers, FL"
16020,,00-0000,33800,44470,63980,2025,"Cape Girardeau, MO-IL"
16180,,00-0000,38760,56680,82730,2025,"Carson City, NV"
16220,,00-0000,36520,48880,72680,2025,"Casper, WY"
16300,,00-0000,36870,49360,74300,2025,"Cedar Rapids, IA"
16540,,00-0000,36320,47540,64990,2025,"Chambersburg, PA"
16580,,00-0000,36860,50700,79130,2025,"Champaign-Urbana, IL"
16620,,00-0000,32230,45830,66980,2025,"Charleston, WV"
16700,,00-0000,36510,49150,77460,2025,"Charleston-North Charleston, SC"
16740,,00-0000,37330,49990,79830,2025,"Charlotte-Concord-Gastonia, NC-SC"
16820,,00-0000,37860,55180,85600,2025,"Charlottesville, VA"
16860,,00-0000,35010,46700,67130,2025,"Chattanooga, TN-GA"
16940,,00-0000,37290,51540,75000,2025,"Cheyenne, WY"
16980,,00-0000,38480,54720,86670,2025,"Chicago-Naperville-Elgin, IL-IN"
17020,,00-0000,37180,48050,75970,2025,"Chico, CA"
17140,,00-0000,37300,50170,79310,2025,"Cincinnati, OH-KY-IN"
17300,,00-0000,33480,44860,61260,2025,"Clarksville, TN-KY"
17410,,00-0000,37240,50140,78990,2025,"Cleveland, OH"
17420,,00-0000,30920,40230,58920,2025,"Cleveland, TN"
17660,,00-0000,37320,47750,69630,2025,"Coeur d'Alene, ID"
17780,,00-0000,30540,44470,63680,2025,"College Station-Bryan, TX"
17820,,00-0000,39250,52710,82600,2025,"Colorado Springs, CO"
17860,,00-0000,35710,47260,71580,2025,"Columbia, MO"
17900,,00-0000,34950,46430,69250,2025,"Columbia, SC"
17980,,00-0000,30630,43540,64450,2025,"Columbus, GA-AL"
18020,,00-0000,36830,48470,72880,2025,"Columbus, IN"
18140,,00-0000,37800,51340,80200,2025,"Columbus, OH"
18580,,00-0000,30900,45350,66760,2025,"Corpus Christi, TX"
18700,,00-0000,40420,57680,85740,2025,"Corvallis, OR"
18880,,00-0000,35930,47510,75380,2025,"Crestview-Fort Walton Beach-Destin, FL"
19100,,00-0000,36800,51440,81840,2025,"Dallas-Fort Worth-Arlington, TX"
19140,,00-0000,34390,42210,60790,2025,"Dalton, GA"
19300,,00-0000,29540,38520,59540,2025,"Daphne-Fairhope-Foley, AL"
19340,,00-0000,36200,48550,75190,2025,"Davenport-Moline-Rock Island, IA-IL"
19430,,00-0000,36810,49980,79270,2025,"Dayton-Kettering-Beavercreek, OH"
19460,,00-0000,33690,46280,69630,2025,"Decatur, AL"
19500,,00-0000,37790,51290,74440,2025,"Decatur, IL"
19660,,00-0000,35000,44940,62540,2025,"Deltona-Daytona Beach-Ormond Beach, FL"
19740,,00-0000,45460,62320,99420,2025,"Denver-Aurora-Centennial, CO"
19780,,00-0000,37550,51820,78320,2025,"Des Moines-West Des Moines, IA"
19820,,00-0000,37880,52080,81700,2025,"Detroit-Warren-Dearborn, MI"
20020,,00-0000,29070,38170,59180,2025,"Dothan, AL"
20100,,00-0000,35460,46690,70150,2025,"Dover, DE"
20220,,00-0000,36950,48750,71780,2025,"Dubuque, IA"
20260,,00-0000,36800,50000,76710,2025,"Duluth, MN-WI"
20500,,00-0000,39990,60720,100130,2025,"Durham-Chapel Hill, NC"
20580,,00-0000,26330,35560,59930,2025,"Eagle Pass, TX"
20740,,00-0000,36230,48100,71300,2025,"Eau Claire, WI"
20940,,00-0000,35550,45140,74120,2025,"El Centro, CA"
21060,,00-0000,34260,46810,65660,2025,"Elizabethtown, KY"
21140,,00-0000,37380,48070,64740,2025,"Elkhart-Goshen, IN"
21300,,00-0000,36800,47850,70840,2025,"Elmira, NY"
21340,,00-0000,28930,39510,62570,2025,"El Paso, TX"
21420,,00-0000,30040,40500,61770,2025,"Enid, OK"
21500,,00-0000,32960,44460,64030,2025,"Erie, PA"
21660,,00-0000,38650,49680,74760,2025,"Eugene-Springfield, OR"
21780,,00-0000,35450,46540,68150,2025,"Evansville, IN"
21820,,00-0000,44200,61810,92390,2025,"Fairbanks-College, AK"
22020,,00-0000,38500,51050,75390,2025,"Fargo, ND-MN"
22140,,00-0000,34430,45820,65640,2025,"Farmington, NM"
22180,,00-0000,33480,45620,67810,2025,"Fayetteville, NC"
22220,,00-0000,34900,46610,70210,2025,"Fayetteville-Springdale-Rogers, AR"
22380,,00-0000,37310,47500,69100,2025,"Flagstaff, AZ"
22420,,00-0000,35100,45880,72780,2025,"Flint, MI"
22500,,00-0000,31190,43520,63160,2025,"Florence, SC"
22520,,00-0000,29530,39740,60290,2025,"Florence-Muscle Shoals, AL"
22540,,00-0000,37010,50340,73980,2025,"Fond du Lac, WI"
22660,,00-0000,40010,55310,82010,2025,"Fort Collins-Loveland, CO"
22900,,00-0000,30820,39560,58080,2025,"Fort Smith, AR-OK"
23060,,00-0000,36350,47700,70820,2025,"Fort Wayne, IN"
23420,,00-0000,36330,46910,74170,2025,"Fresno, CA"
23460,,00-0000,28480,36660,56950,2025,"Gadsden, AL"
23540,,00-0000,35730,47020,69940,2025,"Gainesville, FL"
23580,,00-0000,35970,45900,65740,2025,"Gainesville, GA"
23900,,00-0000,35420,46610,64310,2025,"Gettysburg, PA"
24020,,00-0000,37600,49090,71050,2025,"Glens Falls, NY"
24140,,00-0000,32720,40570,57440,2025,"Goldsboro, NC"
24220,,00-0000,37220,49760,73620,2025,"Grand Forks, ND-MN"
24260,,00-0000,36830,49410,63430,2025,"Grand Island, NE"
24300,,00-0000,37590,48510,73380,2025,"Grand Junction, CO"
24340,,00-0000,36960,47570,72000,2025,"Grand Rapids-Wyoming-Kentwood, MI"
24420,,00-0000,39560,50730,62090,2025,"Grants Pass, OR"
24500,,00-0000,35870,46510,65910,2025,"Great Falls, MT"
24540,,00-0000,42530,55070,76410,2025,"Greeley, CO"
24580,,00-0000,37680,49940,74730,2025,"Green Bay, WI"
24660,,00-0000,35370,46570,65610,2025,"Greensboro-High Point, NC"
24780,,00-0000,34590,46560,70620,2025,"Greenville, NC"
24860,,00-0000,34930,46580,69430,2025,"Greenville-Anderson-Greer, SC"
25020,,00-0000,21840,25260,37240,2025,"Guayama, PR"
25060,,00-0000,29840,43470,63330,2025,"Gulfport-Biloxi, MS"
25180,,00-0000,35680,47440,70560,2025,"Hagerstown-Martinsburg, MD-WV"
25220,,00-0000,28170,38480,59430,2025,"Hammond, LA"
25260,,00-0000,36720,48470,76770,2025,"Hanford-Corcoran, CA"
25420,,00-0000,37090,49610,77200,2025,"Harrisburg-Carlisle, PA"
25500,,00-0000,35820,46110,65410,2025,"Harrisonburg, VA"
25540,,00-0000,40590,59940,96550,2025,"Hartford-West Hartford-East Hartford, CT"
25620,,00-0000,28690,37750,58600,2025,"Hattiesburg, MS"
25740,,00-0000,38220,55040,79740,2025,"Helena, MT"
25860,,00-0000,35080,45220,60650,2025,"Hickory-Lenoir-Morganton, NC"
25940,,00-0000,33440,43850,63500,2025,"Hilton Head Island-Bluffton-Port Royal, SC"
25980,,00-0000,33290,46670,64100,2025,"Hinesville, GA"
26140,,00-0000,32710,41360,60130,2025,"Homosassa Springs, FL"
26300,,00-0000,28780,36540,54540,2025,"Hot Springs, AR"
26380,,00-0000,30140,45610,63700,2025,"Houma-Bayou Cane-Thibodaux, LA"
26420,,00-0000,35640,49410,79260,2025,"Houston-Pasadena-The Woodlands, TX"
26580,,00-0000,31200,44600,64120,2025,"Huntington-Ashland, WV-KY-OH"
26620,,00-0000,36190,51740,89810,2025,"Huntsville, AL"
26820,,00-0000,35320,46800,74740,2025,"Idaho Falls, ID"
26900,,00-0000,37200,49340,77110,2025,"Indianapolis-Carmel-Greenwood, IN"
26980,,00-0000,36440,50060,77220,2025,"Iowa City, IA"
27060,,00-0000,40340,58130,83800,2025,"Ithaca, NY"
27100,,00-0000,36120,47760,74080,2025,"Jackson, MI"
27140,,00-0000,30390,42850,63140,2025,"Jackson, MS"
27180,,00-0000,34270,44790,60960,2025,"Jackson, TN"
27260,,00-0000,36860,48830,77600,2025,"Jacksonville, FL"
27340,,00-0000,29980,40230,59540,2025,"Jacksonville, NC"
27500,,00-0000,36950,48390,73010,2025,"Janesville-Beloit, WI"
27620,,00-0000,36620,48030,68620,2025,"Jefferson City, MO"
27740,,00-0000,31950,43480,61610,2025,"Johnson City, TN"
27780,,00-0000,31510,44110,62730,2025,"Johnstown, PA"
27860,,00-0000,30710,42240,60120,2025,"Jonesboro, AR"
27900,,00-0000,34140,44980,60770,2025,"Joplin, MO-KS"
27980,,00-0000,44370,57640,79030,2025,"Kahului-Wailuku, HI"
28020,,00-0000,36810,48510,75230,2025,"Kalamazoo-Portage, MI"
28100,,00-0000,35290,45830,65680,2025,"Kankakee, IL"
28140,,00-0000,37600,50820,78900,2025,"Kansas City, MO-KS"
28420,,00-0000,43650,57290,91550,2025,"Kennewick-Richland, WA"
28450,,00-0000,37310,48310,66760,2025,"Kenosha, WI"
28660,,00-0000,33700,46660,71840,2025,"Killeen-Temple, TX"
28700,,00-0000,34070,45240,63910,2025,"Kingsport-Bristol, TN-VA"
28740,,00-0000,37750,50020,75140,2025,"Kingston, NY"
28880,,00-0000,38470,50990,78410,2025,"Kiryas Joel-Poughkeepsie-Newburgh, NY"
28940,,00-0000,35370,47080,68890,2025,"Knoxville, TN"
29020,,00-0000,35720,48980,75930,2025,"Kokomo, IN"
29100,,00-0000,36920,48260,74300,2025,"La Crosse-Onalaska, WI-MN"
29180,,00-0000,29130,41780,61300,2025,"Lafayette, LA"
29200,,00-0000,36220,48780,71860,2025,"Lafayette-West Lafayette, IN"
29340,,00-0000,30440,45700,69490,2025,"Lake Charles, LA"
29420,,00-0000,35190,44230,60730,2025,"Lake Havasu City-Kingman, AZ"
29460,,00-0000,35430,46140,62610,2025,"Lakeland-Winter Haven, FL"
29540,,00-0000,36580,48210,70230,2025,"Lancaster, PA"
29620,,00-0000,37440,52800,79550,2025,"Lansing-East Lansing, MI"
29700,,00-0000,27290,37250,59560,2025,"Laredo, TX"
29740,,00-0000,31260,42070,64320,2025,"Las Cruces, NM"
29820,,00-0000,35490,46670,70350,2025,"Las Vegas-Henderson-North Las Vegas, NV"
29940,,00-0000,34790,47390,70820,2025,"Lawrence, KS"
30020,,00-0000,30530,42090,61240,2025,"Lawton, OK"
30140,,00-0000,36320,46500,65010,2025,"Lebanon, PA"
30300,,00-0000,37240,48300,66690,2025,"Lewiston, ID-WA"
30340,,00-0000,39050,49540,70200,2025,"Lewiston-Auburn, ME"
30460,,00-0000,36260,48620,75360,2025,"Lexington-Fayette, KY"
30500,,00-0000,39660,63990,111530,2025,"Lexington Park, MD"
30620,,00-0000,35530,47170,72610,2025,"Lima, OH"
30700,,00-0000,37290,49800,76340,2025,"Lincoln, NE"
30780,,00-0000,33370,45790,64840,2025,"Little Rock-North Little Rock-Conway, AR"
30860,,00-0000,35860,46360,66080,2025,"Logan, UT-ID"
30980,,00-0000,32330,45150,63280,2025,"Longview, TX"
31020,,00-0000,44970,57420,79000,2025,"Longview-Kelso, WA"
31080,,00-0000,39320,55850,93740,2025,"Los Angeles-Long Beach-Anaheim, CA"
31140,,00-0000,36960,48370,72040,2025,"Louisville/Jefferson County, KY-IN"
31180,,00-0000,29910,42130,63510,2025,"Lubbock, TX"
31340,,00-0000,34160,46190,66840,2025,"Lynchburg, VA"
31420,,00-0000,33110,45160,65850,2025,"Macon-Bibb County, GA"
31540,,00-0000,40990,58080,84110,2025,"Madison, WI"
31700,,00-0000,39400,56530,83200,2025,"Manchester-Nashua, NH"
31740,,00-0000,33040,45900,66480,2025,"Manhattan, KS"
31860,,00-0000,37500,49530,73640,2025,"Mankato, MN"
31900,,00-0000,34220,44700,62680,2025,"Mansfield, OH"
32420,,00-0000,21840,25270,37380,2025,"Mayaguez, PR"
32580,,00-0000,26020,35830,57300,2025,"McAllen-Edinburg-Mission, TX"
32780,,00-0000,39440,49900,72100,2025,"Medford, OR"
32820,,00-0000,36020,46890,70400,2025,"Memphis, TN-MS-AR"
32900,,00-0000,36870,47220,71210,2025,"Merced, CA"
33100,,00-0000,36480,48640,77570,2025,"Miami-Fort Lauderdale-West Palm Beach, FL"
33140,,00-0000,35170,45540,62360,2025,"Michigan City-La Porte, IN"
33220,,00-0000,36840,49340,81290,2025,"Midland, MI"
33260,,00-0000,38200,54480,80410,2025,"Midland, TX"
33340,,00-0000,37940,51160,79440,2025,"Milwaukee-Waukesha, WI"
33460,,00-0000,41830,59320,90120,2025,"Minneapolis-St. Paul-Bloomington, MN-WI"
33500,,00-0000,36590,48940,70100,2025,"Minot, ND"
33540,,00-0000,36920,47830,70750,2025,"Missoula, MT"
33660,,00-0000,33220,47000,68390,2025,"Mobile, AL"
33700,,00-0000,39070,50610,77510,2025,"Modesto, CA"
33740,,00-0000,28170,38150,58380,2025,"Monroe, LA"
33780,,00-0000,35390,46240,66820,2025,"Monroe, MI"
33860,,00-0000,31240,44950,64370,2025,"Montgomery, AL"
34060,,00-0000,34230,47350,74660,2025,"Morgantown, WV"
34100,,00-0000,33630,44280,60480,2025,"Morristown, TN"
34580,,00-0000,45020,59590,85180,2025,"Mount Vernon-Anacortes, WA"
34620,,00-0000,34100,44110,62310,2025,"Muncie, IN"
34740,,00-0000,35080,46060,64150,2025,"Muskegon-Norton Shores, MI"
34820,,00-0000,29380,37930,58650,2025,"Myrtle Beach-Conway-North Myrtle Beach, SC"
34900,,00-0000,43120,55210,81660,2025,"Napa, CA"
34940,,00-0000,37350,47800,71430,2025,"Naples-Marco Island, FL"
34980,,00-0000,37630,50390,77810,2025,"Nashville-Davidson--Murfreesboro--Franklin, TN"
35300,,00-0000,41150,60060,92150,2025,"New Haven, CT"
35380,,00-0000,31690,47290,74860,2025,"New Orleans-Metairie, LA"
35620,,00-0000,42560,61430,103500,2025,"New York-Newark-Jersey City, NY-NJ"
35660,,00-0000,35260,45980,66230,2025,"Niles, MI"
35840,,00-0000,36700,47440,70340,2025,"North Port-Bradenton-Sarasota, FL"
35980,,00-0000,38210,57370,86900,2025,"Norwich-New London-Willimantic, CT"
36100,,00-0000,34440,43990,60350,2025,"Ocala, FL"
36220,,00-0000,36250,48590,71990,2025,"Odessa, TX"
36260,,00-0000,36970,48900,76380,2025,"Ogden, UT"
36420,,00-0000,34600,47230,73500,2025,"Oklahoma City, OK"
36500,,00-0000,45720,61960,95640,2025,"Olympia-Lacey-Tumwater, WA"
36540,,00-0000,37740,49660,76860,2025,"Omaha, NE-IA"
36740,,00-0000,35800,46630,71170,2025,"Orlando-Kissimmee-Sanford, FL"
36780,,00-0000,38470,54060,76780,2025,"Oshkosh-Neenah, WI"
36980,,00-0000,33070,44960,63340,2025,"Owensboro, KY"
37100,,00-0000,39380,52510,82200,2025,"Oxnard-Thousand Oaks-Ventura, CA"
37140,,00-0000,33280,45860,66650,2025,"Paducah, KY-IL"
37340,,00-0000,36310,49030,79100,2025,"Palm Bay-Melbourne-Titusville, FL"
37460,,00-0000,34280,45030,64120,2025,"Panama City-Panama City Beach, FL"
37620,,00-0000,30010,42000,63230,2025,"Parkersburg-Vienna, WV"
37860,,00-0000,35010,46240,66040,2025,"Pensacola-Ferry Pass-Brent, FL"
37900,,00-0000,36560,49590,79630,2025,"Peoria, IL"
37980,,00-0000,37440,54310,84780,2025,"Philadelphia-Camden-Wilmington, PA-NJ-DE-MD"
38060,,00-0000,38780,51380,79220,2025,"Phoenix-Mesa-Chandler, AZ"
38240,,00-0000,31210,42920,62150,2025,"Pinehurst-Southern Pines, NC"
38300,,00-0000,36630,49650,77830,2025,"Pittsburgh, PA"
38340,,00-0000,39060,51860,78850,2025,"Pittsfield, MA"
38540,,00-0000,34570,45160,62020,2025,"Pocatello, ID"
38660,,00-0000,21910,26940,37850,2025,"Ponce, PR"
38860,,00-0000,43350,56960,79880,2025,"Portland-South Portland, ME"
38900,,00-0000,45320,60690,95640,2025,"Portland-Vancouver-Hillsboro, OR-WA"
38940,,00-0000,35730,46490,65380,2025,"Port St. Lucie, FL"
39150,,00-0000,36570,46330,64640,2025,"Prescott Valley-Prescott, AZ"
39300,,00-0000,38800,53680,81840,2025,"Providence-Warwick, RI-MA"
39340,,00-0000,36410,48010,76530,2025,"Provo-Orem-Lehi, UT"
39380,,00-0000,37460,48940,74470,2025,"Pueblo, CO"
39460,,00-0000,35670,45500,62170,2025,"Punta Gorda, FL"
39540,,00-0000,36910,48870,72090,2025,"Racine-Mount Pleasant, WI"
39580,,00-0000,37430,51990,82000,2025,"Raleigh-Cary, NC"
39660,,00-0000,34920,46270,64780,2025,"Rapid City, SD"
39740,,00-0000,36940,49440,70720,2025,"Reading, PA"
39820,,00-0000,37200,48920,76340,2025,"Redding, CA"
39900,,00-0000,38010,49660,76670,2025,"Reno, NV"
40060,,00-0000,37290,51460,80120,2025,"Richmond, VA"
40140,,00-0000,38430,48400,75210,2025,"Riverside-San Bernardino-Ontario, CA"
40220,,00-0000,35700,47140,68640,2025,"Roanoke, VA"
40340,,00-0000,42040,60620,92800,2025,"Rochester, MN"
40380,,00-0000,38010,51210,78760,2025,"Rochester, NY"
40420,,00-0000,36260,47120,74000,2025,"Rockford, IL"
40580,,00-0000,32610,43960,61370,2025,"Rocky Mount, NC"
40660,,00-0000,32170,42670,62980,2025,"Rome, GA"
40900,,00-0000,42450,59750,95620,2025,"Sacramento-Roseville-Folsom, CA"
40980,,00-0000,35140,46200,71580,2025,"Saginaw, MI"
41060,,00-0000,38240,50840,75420,2025,"St. Cloud, MN"
41100,,00-0000,35270,45140,62920,2025,"St. George, UT"
41140,,00-0000,36010,47350,65150,2025,"St. Joseph, MO-KS"
41180,,00-0000,37050,49990,78730,2025,"St. Louis, MO-IL"
41420,,00-0000,40960,55310,79750,2025,"Salem, OR"
41500,,00-0000,37350,47380,75790,2025,"Salinas, CA"
41540,,00-0000,36270,48710,75830,2025,"Salisbury, MD"
41620,,00-0000,39050,55240,83050,2025,"Salt Lake City-Murray, UT"
41660,,00-0000,30570,43530,62810,2025,"San Angelo, TX"
41700,,00-0000,34950,47010,73810,2025,"San Antonio-New Braunfels, TX"
41740,,00-0000,41740,58690,97410,2025,"San Diego-Chula Vista-Carlsbad, CA"
41780,,00-0000,33570,44970,63940,2025,"Sandusky, OH"
41860,,00-0000,47280,74260,128760,2025,"San Francisco-Oakland-Fremont, CA"
41940,,00-0000,49800,84050,166940,2025,"San Jose-Sunnyvale-Santa Clara, CA"
41980,,00-0000,22720,29440,45390,2025,"San Juan-Bayamon-Caguas, PR"
42020,,00-0000,38570,50770,81370,2025,"San Luis Obispo-Paso Robles, CA"
42100,,00-0000,40040,54730,82920,2025,"Santa Cruz-Watsonville, CA"
42140,,00-0000,36630,48710,75750,2025,"Santa Fe, NM"
42200,,00-0000,38840,51690,82590,2025,"Santa Maria-Santa Barbara, CA"
42220,,00-0000,42660,56850,83220,2025,"Santa Rosa-Petaluma, CA"
42340,,00-0000,34850,47240,71640,2025,"Savannah, GA"
42540,,00-0000,35550,46330,64550,2025,"Scranton--Wilkes-Barre, PA"
42660,,00-0000,49160,72610,112650,2025,"Seattle-Tacoma-Bellevue, WA"
42680,,00-0000,35480,45480,64560,2025,"Sebastian-Vero Beach-West Vero Corridor, FL"
42700,,00-0000,32170,40400,59190,2025,"Sebring, FL"
43100,,00-0000,39070,51890,73600,2025,"Sheboygan, WI"
43300,,00-0000,32860,44610,63870,2025,"Sherman-Denison, TX"
43340,,00-0000,30110,44820,65340,2025,"Shreveport-Bossier City, LA"
43420,,00-0000,35370,47050,77800,2025,"Sierra Vista-Douglas, AZ"
43580,,00-0000,36780,47030,63660,2025,"Sioux City, IA-NE-SD"
43620,,00-0000,37340,47970,66620,2025,"Sioux Falls, SD-MN"
43640,,00-0000,29850,43710,63480,2025,"Slidell-Mandeville-Covington, LA"
43780,,00-0000,35560,46540,66560,2025,"South Bend-Mishawaka, IN-MI"
43900,,00-0000,35640,47650,71080,2025,"Spartanburg, SC"
44060,,00-0000,43160,54660,79090,2025,"Spokane-Spokane Valley, WA"
44100,,00-0000,37280,52670,82670,2025,"Springfield, IL"
44140,,00-0000,40220,51930,80190,2025,"Springfield, MA"
44180,,00-0000,35200,45780,63130,2025,"Springfield, MO"
44220,,00-0000,35220,45470,65150,2025,"Springfield, OH"
44300,,00-0000,35850,49220,77870,2025,"State College, PA"
44420,,00-0000,36230,48040,64560,2025,"Staunton-Stuarts Draft, VA"
44700,,00-0000,39510,48990,75070,2025,"Stockton-Lodi, CA"
44940,,00-0000,31330,42890,61580,2025,"Sumter, SC"
45060,,00-0000,38760,52990,79140,2025,"Syracuse, NY"
45220,,00-0000,34840,46520,68430,2025,"Tallahassee, FL"
45300,,00-0000,36670,48940,77860,2025,"Tampa-St. Petersburg-Clearwater, FL"
45460,,00-0000,33440,44870,62710,2025,"Terre Haute, IN"
45500,,00-0000,29970,43200,61210,2025,"Texarkana, TX-AR"
45780,,00-0000,36480,48220,74310,2025,"Toledo, OH"
45820,,00-0000,36600,49540,74210,2025,"Topeka, KS"
45900,,00-0000,36820,47470,66350,2025,"Traverse City, MI"
45940,,00-0000,43300,63490,101630,2025,"Trenton-Princeton, NJ"
46060,,00-0000,36610,47760,74110,2025,"Tucson, AZ"
46140,,00-0000,34970,46670,69520,2025,"Tulsa, OK"
46220,,00-0000,31530,45220,63550,2025,"Tuscaloosa, AL"
46300,,00-0000,34770,45400,61190,2025,"Twin Falls, ID"
46340,,00-0000,30290,42650,62740,2025,"Tyler, TX"
46520,,00-0000,39710,57220,84590,2025,"Urban Honolulu, HI"
46540,,00-0000,37030,48970,72890,2025,"Utica-Rome, NY"
46660,,00-0000,29460,39110,59180,2025,"Valdosta, GA"
46700,,00-0000,42870,58620,87250,2025,"Vallejo, CA"
47020,,00-0000,30750,43050,62720,2025,"Victoria, TX"
47220,,00-0000,36330,48190,73830,2025,"Vineland, NJ"
47260,,00-0000,36280,49430,78160,2025,"Virginia Beach-Chesapeake-Norfolk, VA-NC"
47300,,00-0000,35450,45130,63790,2025,"Visalia, CA"
47380,,00-0000,34050,46020,67060,2025,"Waco, TX"
47460,,00-0000,43080,53100,79460,2025,"Walla Walla, WA"
47580,,00-0000,33370,48600,76750,2025,"Warner Robins, GA"
47900,,00-0000,44990,71060,121680,2025,"Washington-Arlington-Alexandria, DC-VA-MD-WV"
47930,,00-0000,38100,51440,80680,2025,"Waterbury-Shelton, CT"
47940,,00-0000,36020,47430,63660,2025,"Waterloo-Cedar Falls, IA"
48060,,00-0000,36040,47600,68660,2025,"Watertown-Fort Drum, NY"
48140,,00-0000,37640,48790,69860,2025,"Wausau, WI"
48260,,00-0000,33040,45840,65060,2025,"Weirton-Steubenville, WV-OH"
48300,,00-0000,39790,49290,76140,2025,"Wenatchee-East Wenatchee, WA"
48540,,00-0000,31530,44250,64530,2025,"Wheeling, WV-OH"
48620,,00-0000,35160,47630,70740,2025,"Wichita, KS"
48660,,00-0000,30360,43210,61950,2025,"Wichita Falls, TX"
48680,,00-0000,35580,45830,65900,2025,"Wildwood-The Villages, FL"
48700,,00-0000,34590,46050,65510,2025,"Williamsport, PA"
48900,,00-0000,34160,45800,66270,2025,"Wilmington, NC"
49020,,00-0000,36070,47070,70090,2025,"Winchester, VA-WV"
49180,,00-0000,35190,46380,67940,2025,"Winston-Salem, NC"
49340,,00-0000,41000,57830,87870,2025,"Worcester, MA"
49420,,00-0000,39020,47810,67710,2025,"Yakima, WA"
49620,,00-0000,36830,48170,72800,2025,"York-Hanover, PA"
49660,,00-0000,32920,43800,62360,2025,"Youngstown-Warren, OH"
49700,,00-0000,38170,49970,76740,2025,"Yuba City, CA"
49740,,00-0000,34680,44170,63140,2025,"Yuma, AZ"
